ISO-10303-21;
HEADER;
FILE_DESCRIPTION(('FreeCAD Model'),'2;1');
FILE_NAME('Open CASCADE Shape Model','2026-09-15T21:12:56',(''),(''),
  'Open CASCADE STEP processor 7.8','FreeCAD','Unknown');
FILE_SCHEMA(('AUTOMOTIVE_DESIGN { 1 0 10303 214 1 1 1 1 }'));
ENDSEC;
DATA;
#1 = APPLICATION_PROTOCOL_DEFINITION('international standard',
  'automotive_design',2000,#2);
#2 = APPLICATION_CONTEXT(
  'core data for automotive mechanical design processes');
#3 = SHAPE_DEFINITION_REPRESENTATION(#4,#10);
#4 = PRODUCT_DEFINITION_SHAPE('','',#5);
#5 = PRODUCT_DEFINITION('design','',#6,#9);
#6 = PRODUCT_DEFINITION_FORMATION('','',#7);
#7 = PRODUCT('CylinderBodyClamp','CylinderBodyClamp','',(#8));
#8 = PRODUCT_CONTEXT('',#2,'mechanical');
#9 = PRODUCT_DEFINITION_CONTEXT('part definition',#2,'design');
#10 = ADVANCED_BREP_SHAPE_REPRESENTATION('',(#11,#15),#3011);
#11 = AXIS2_PLACEMENT_3D('',#12,#13,#14);
#12 = CARTESIAN_POINT('',(0.,0.,0.));
#13 = DIRECTION('',(0.,0.,1.));
#14 = DIRECTION('',(1.,0.,-0.));
#15 = MANIFOLD_SOLID_BREP('',#16);
#16 = CLOSED_SHELL('',(#17,#73,#620,#645,#704,#1221,#1390,#1441,#1465,
    #1482,#1499,#1516,#1533,#1550,#1567,#1584,#1601,#1618,#1635,#1652,
    #1669,#1686,#1703,#1720,#1737,#1754,#1771,#1788,#1805,#1822,#1839,
    #1856,#1873,#1890,#1907,#1924,#1941,#1958,#1975,#1992,#2009,#2026,
    #2043,#2060,#2077,#2094,#2111,#2128,#2145,#2162,#2179,#2196,#2213,
    #2230,#2247,#2264,#2281,#2298,#2315,#2332,#2349,#2366,#2383,#2400,
    #2417,#2434,#2451,#2468,#2480,#2641,#2666,#2691,#2742,#2767,#2811,
    #2829,#2880,#2904,#2948,#2965,#2982,#2999));
#17 = ADVANCED_FACE('',(#18),#68,.F.);
#18 = FACE_BOUND('',#19,.F.);
#19 = EDGE_LOOP('',(#20,#30,#38,#46,#54,#62));
#20 = ORIENTED_EDGE('',*,*,#21,.T.);
#21 = EDGE_CURVE('',#22,#24,#26,.T.);
#22 = VERTEX_POINT('',#23);
#23 = CARTESIAN_POINT('',(0.,0.,2.005874647262));
#24 = VERTEX_POINT('',#25);
#25 = CARTESIAN_POINT('',(0.,0.,8.));
#26 = LINE('',#27,#28);
#27 = CARTESIAN_POINT('',(0.,0.,0.));
#28 = VECTOR('',#29,1.);
#29 = DIRECTION('',(0.,0.,1.));
#30 = ORIENTED_EDGE('',*,*,#31,.T.);
#31 = EDGE_CURVE('',#24,#32,#34,.T.);
#32 = VERTEX_POINT('',#33);
#33 = CARTESIAN_POINT('',(29.,-1.595659538462E-13,8.));
#34 = LINE('',#35,#36);
#35 = CARTESIAN_POINT('',(0.,0.,8.));
#36 = VECTOR('',#37,1.);
#37 = DIRECTION('',(1.,0.,0.));
#38 = ORIENTED_EDGE('',*,*,#39,.F.);
#39 = EDGE_CURVE('',#40,#32,#42,.T.);
#40 = VERTEX_POINT('',#41);
#41 = CARTESIAN_POINT('',(29.,0.,0.));
#42 = LINE('',#43,#44);
#43 = CARTESIAN_POINT('',(29.,0.,8.));
#44 = VECTOR('',#45,1.);
#45 = DIRECTION('',(0.,0.,1.));
#46 = ORIENTED_EDGE('',*,*,#47,.F.);
#47 = EDGE_CURVE('',#48,#40,#50,.T.);
#48 = VERTEX_POINT('',#49);
#49 = CARTESIAN_POINT('',(12.,0.,0.));
#50 = LINE('',#51,#52);
#51 = CARTESIAN_POINT('',(0.,0.,0.));
#52 = VECTOR('',#53,1.);
#53 = DIRECTION('',(1.,0.,0.));
#54 = ORIENTED_EDGE('',*,*,#55,.T.);
#55 = EDGE_CURVE('',#48,#56,#58,.T.);
#56 = VERTEX_POINT('',#57);
#57 = CARTESIAN_POINT('',(12.,0.,2.005874647262));
#58 = LINE('',#59,#60);
#59 = CARTESIAN_POINT('',(12.,0.,-4.374569928461));
#60 = VECTOR('',#61,1.);
#61 = DIRECTION('',(0.,0.,1.));
#62 = ORIENTED_EDGE('',*,*,#63,.F.);
#63 = EDGE_CURVE('',#22,#56,#64,.T.);
#64 = LINE('',#65,#66);
#65 = CARTESIAN_POINT('',(0.,0.,2.005874647262));
#66 = VECTOR('',#67,1.);
#67 = DIRECTION('',(1.,0.,0.));
#68 = PLANE('',#69);
#69 = AXIS2_PLACEMENT_3D('',#70,#71,#72);
#70 = CARTESIAN_POINT('',(0.,0.,0.));
#71 = DIRECTION('',(0.,1.,0.));
#72 = DIRECTION('',(1.,0.,0.));
#73 = ADVANCED_FACE('',(#74,#593,#604),#615,.T.);
#74 = FACE_BOUND('',#75,.T.);
#75 = EDGE_LOOP('',(#76,#86,#95,#103,#111,#119,#127,#135,#144,#152,#160,
    #168,#176,#184,#192,#201,#209,#218,#226,#234,#242,#250,#258,#266,
    #275,#283,#291,#299,#307,#316,#324,#333,#341,#350,#358,#367,#375,
    #383,#391,#399,#408,#416,#424,#432,#440,#448,#456,#465,#473,#482,
    #490,#498,#506,#514,#522,#530,#539,#547,#555,#563,#571,#579,#586,
    #587));
#76 = ORIENTED_EDGE('',*,*,#77,.F.);
#77 = EDGE_CURVE('',#78,#80,#82,.T.);
#78 = VERTEX_POINT('',#79);
#79 = CARTESIAN_POINT('',(0.,65.,2.005874647262));
#80 = VERTEX_POINT('',#81);
#81 = CARTESIAN_POINT('',(0.,65.,8.));
#82 = LINE('',#83,#84);
#83 = CARTESIAN_POINT('',(0.,65.,0.));
#84 = VECTOR('',#85,1.);
#85 = DIRECTION('',(0.,0.,1.));
#86 = ORIENTED_EDGE('',*,*,#87,.T.);
#87 = EDGE_CURVE('',#78,#88,#90,.T.);
#88 = VERTEX_POINT('',#89);
#89 = CARTESIAN_POINT('',(0.,66.386300243527,-1.449725744865));
#90 = CIRCLE('',#91,5.);
#91 = AXIS2_PLACEMENT_3D('',#92,#93,#94);
#92 = CARTESIAN_POINT('',(0.,70.,2.005874647262));
#93 = DIRECTION('',(1.,-0.,0.));
#94 = DIRECTION('',(0.,0.,-1.));
#95 = ORIENTED_EDGE('',*,*,#96,.T.);
#96 = EDGE_CURVE('',#88,#97,#99,.T.);
#97 = VERTEX_POINT('',#98);
#98 = CARTESIAN_POINT('',(0.,72.65,-8.));
#99 = LINE('',#100,#101);
#100 = CARTESIAN_POINT('',(0.,65.,0.));
#101 = VECTOR('',#102,1.);
#102 = DIRECTION('',(-0.,0.691120078425,-0.722739951295));
#103 = ORIENTED_EDGE('',*,*,#104,.F.);
#104 = EDGE_CURVE('',#105,#97,#107,.T.);
#105 = VERTEX_POINT('',#106);
#106 = CARTESIAN_POINT('',(0.,72.65,-16.));
#107 = LINE('',#108,#109);
#108 = CARTESIAN_POINT('',(0.,72.65,-16.));
#109 = VECTOR('',#110,1.);
#110 = DIRECTION('',(0.,-3.552713678801E-15,1.));
#111 = ORIENTED_EDGE('',*,*,#112,.F.);
#112 = EDGE_CURVE('',#113,#105,#115,.T.);
#113 = VERTEX_POINT('',#114);
#114 = CARTESIAN_POINT('',(0.,70.05,-16.));
#115 = LINE('',#116,#117);
#116 = CARTESIAN_POINT('',(0.,70.05,-16.));
#117 = VECTOR('',#118,1.);
#118 = DIRECTION('',(0.,1.,0.));
#119 = ORIENTED_EDGE('',*,*,#120,.F.);
#120 = EDGE_CURVE('',#121,#113,#123,.T.);
#121 = VERTEX_POINT('',#122);
#122 = CARTESIAN_POINT('',(0.,70.05,-10.));
#123 = LINE('',#124,#125);
#124 = CARTESIAN_POINT('',(0.,70.05,-10.));
#125 = VECTOR('',#126,1.);
#126 = DIRECTION('',(0.,0.,-1.));
#127 = ORIENTED_EDGE('',*,*,#128,.F.);
#128 = EDGE_CURVE('',#129,#121,#131,.T.);
#129 = VERTEX_POINT('',#130);
#130 = CARTESIAN_POINT('',(0.,69.95,-10.));
#131 = LINE('',#132,#133);
#132 = CARTESIAN_POINT('',(0.,69.95,-10.));
#133 = VECTOR('',#134,1.);
#134 = DIRECTION('',(0.,1.,3.5527136788E-14));
#135 = ORIENTED_EDGE('',*,*,#136,.F.);
#136 = EDGE_CURVE('',#137,#129,#139,.T.);
#137 = VERTEX_POINT('',#138);
#138 = CARTESIAN_POINT('',(0.,69.15,-10.8));
#139 = CIRCLE('',#140,0.8);
#140 = AXIS2_PLACEMENT_3D('',#141,#142,#143);
#141 = CARTESIAN_POINT('',(0.,69.95,-10.8));
#142 = DIRECTION('',(-1.,0.,0.));
#143 = DIRECTION('',(0.,-1.,0.));
#144 = ORIENTED_EDGE('',*,*,#145,.F.);
#145 = EDGE_CURVE('',#146,#137,#148,.T.);
#146 = VERTEX_POINT('',#147);
#147 = CARTESIAN_POINT('',(0.,69.15,-17.8));
#148 = LINE('',#149,#150);
#149 = CARTESIAN_POINT('',(0.,69.15,-17.8));
#150 = VECTOR('',#151,1.);
#151 = DIRECTION('',(0.,4.060244204343E-15,1.));
#152 = ORIENTED_EDGE('',*,*,#153,.F.);
#153 = EDGE_CURVE('',#154,#146,#156,.T.);
#154 = VERTEX_POINT('',#155);
#155 = CARTESIAN_POINT('',(0.,70.15,-17.8));
#156 = LINE('',#157,#158);
#157 = CARTESIAN_POINT('',(0.,70.15,-17.8));
#158 = VECTOR('',#159,1.);
#159 = DIRECTION('',(0.,-1.,0.));
#160 = ORIENTED_EDGE('',*,*,#161,.F.);
#161 = EDGE_CURVE('',#162,#154,#164,.T.);
#162 = VERTEX_POINT('',#163);
#163 = CARTESIAN_POINT('',(0.,70.15,-18.1));
#164 = LINE('',#165,#166);
#165 = CARTESIAN_POINT('',(0.,70.15,-18.1));
#166 = VECTOR('',#167,1.);
#167 = DIRECTION('',(0.,-2.368475785867E-13,1.));
#168 = ORIENTED_EDGE('',*,*,#169,.F.);
#169 = EDGE_CURVE('',#170,#162,#172,.T.);
#170 = VERTEX_POINT('',#171);
#171 = CARTESIAN_POINT('',(0.,69.157145928698,-19.8196728048));
#172 = LINE('',#173,#174);
#173 = CARTESIAN_POINT('',(0.,69.157145928698,-19.8196728048));
#174 = VECTOR('',#175,1.);
#175 = DIRECTION('',(0.,0.500000194338,0.866025291584));
#176 = ORIENTED_EDGE('',*,*,#177,.F.);
#177 = EDGE_CURVE('',#178,#170,#180,.T.);
#178 = VERTEX_POINT('',#179);
#179 = CARTESIAN_POINT('',(0.,68.557145928698,-19.8196728048));
#180 = LINE('',#181,#182);
#181 = CARTESIAN_POINT('',(0.,68.557145928698,-19.8196728048));
#182 = VECTOR('',#183,1.);
#183 = DIRECTION('',(0.,1.,0.));
#184 = ORIENTED_EDGE('',*,*,#185,.F.);
#185 = EDGE_CURVE('',#186,#178,#188,.T.);
#186 = VERTEX_POINT('',#187);
#187 = CARTESIAN_POINT('',(0.,67.596049801769,-10.44898556725));
#188 = LINE('',#189,#190);
#189 = CARTESIAN_POINT('',(0.,67.596049801769,-10.44898556725));
#190 = VECTOR('',#191,1.);
#191 = DIRECTION('',(-0.,0.102028865499,-0.994781438611));
#192 = ORIENTED_EDGE('',*,*,#193,.F.);
#193 = EDGE_CURVE('',#194,#186,#196,.T.);
#194 = VERTEX_POINT('',#195);
#195 = CARTESIAN_POINT('',(0.,67.098659082464,-10.));
#196 = CIRCLE('',#197,0.5);
#197 = AXIS2_PLACEMENT_3D('',#198,#199,#200);
#198 = CARTESIAN_POINT('',(0.,67.098659082464,-10.5));
#199 = DIRECTION('',(-1.,0.,0.));
#200 = DIRECTION('',(0.,-1.,0.));
#201 = ORIENTED_EDGE('',*,*,#202,.F.);
#202 = EDGE_CURVE('',#203,#194,#205,.T.);
#203 = VERTEX_POINT('',#204);
#204 = CARTESIAN_POINT('',(0.,66.201340917536,-10.));
#205 = LINE('',#206,#207);
#206 = CARTESIAN_POINT('',(0.,66.201340917536,-10.));
#207 = VECTOR('',#208,1.);
#208 = DIRECTION('',(0.,1.,0.));
#209 = ORIENTED_EDGE('',*,*,#210,.F.);
#210 = EDGE_CURVE('',#211,#203,#213,.T.);
#211 = VERTEX_POINT('',#212);
#212 = CARTESIAN_POINT('',(0.,65.703950198231,-10.44898556725));
#213 = CIRCLE('',#214,0.5);
#214 = AXIS2_PLACEMENT_3D('',#215,#216,#217);
#215 = CARTESIAN_POINT('',(0.,66.201340917536,-10.5));
#216 = DIRECTION('',(-1.,0.,0.));
#217 = DIRECTION('',(0.,-1.,0.));
#218 = ORIENTED_EDGE('',*,*,#219,.F.);
#219 = EDGE_CURVE('',#220,#211,#222,.T.);
#220 = VERTEX_POINT('',#221);
#221 = CARTESIAN_POINT('',(0.,64.742854071302,-19.8196728048));
#222 = LINE('',#223,#224);
#223 = CARTESIAN_POINT('',(0.,64.742854071302,-19.8196728048));
#224 = VECTOR('',#225,1.);
#225 = DIRECTION('',(0.,0.102028865499,0.994781438611));
#226 = ORIENTED_EDGE('',*,*,#227,.F.);
#227 = EDGE_CURVE('',#228,#220,#230,.T.);
#228 = VERTEX_POINT('',#229);
#229 = CARTESIAN_POINT('',(0.,64.142854071302,-19.8196728048));
#230 = LINE('',#231,#232);
#231 = CARTESIAN_POINT('',(0.,64.142854071302,-19.8196728048));
#232 = VECTOR('',#233,1.);
#233 = DIRECTION('',(0.,1.,0.));
#234 = ORIENTED_EDGE('',*,*,#235,.F.);
#235 = EDGE_CURVE('',#236,#228,#238,.T.);
#236 = VERTEX_POINT('',#237);
#237 = CARTESIAN_POINT('',(0.,63.15,-18.1));
#238 = LINE('',#239,#240);
#239 = CARTESIAN_POINT('',(0.,63.15,-18.1));
#240 = VECTOR('',#241,1.);
#241 = DIRECTION('',(-0.,0.500000194338,-0.866025291584));
#242 = ORIENTED_EDGE('',*,*,#243,.F.);
#243 = EDGE_CURVE('',#244,#236,#246,.T.);
#244 = VERTEX_POINT('',#245);
#245 = CARTESIAN_POINT('',(0.,63.15,-17.8));
#246 = LINE('',#247,#248);
#247 = CARTESIAN_POINT('',(0.,63.15,-17.8));
#248 = VECTOR('',#249,1.);
#249 = DIRECTION('',(0.,0.,-1.));
#250 = ORIENTED_EDGE('',*,*,#251,.F.);
#251 = EDGE_CURVE('',#252,#244,#254,.T.);
#252 = VERTEX_POINT('',#253);
#253 = CARTESIAN_POINT('',(0.,64.15,-17.8));
#254 = LINE('',#255,#256);
#255 = CARTESIAN_POINT('',(0.,64.15,-17.8));
#256 = VECTOR('',#257,1.);
#257 = DIRECTION('',(0.,-1.,0.));
#258 = ORIENTED_EDGE('',*,*,#259,.F.);
#259 = EDGE_CURVE('',#260,#252,#262,.T.);
#260 = VERTEX_POINT('',#261);
#261 = CARTESIAN_POINT('',(0.,64.15,-10.8));
#262 = LINE('',#263,#264);
#263 = CARTESIAN_POINT('',(0.,64.15,-10.8));
#264 = VECTOR('',#265,1.);
#265 = DIRECTION('',(0.,0.,-1.));
#266 = ORIENTED_EDGE('',*,*,#267,.F.);
#267 = EDGE_CURVE('',#268,#260,#270,.T.);
#268 = VERTEX_POINT('',#269);
#269 = CARTESIAN_POINT('',(0.,63.35,-10.));
#270 = CIRCLE('',#271,0.8);
#271 = AXIS2_PLACEMENT_3D('',#272,#273,#274);
#272 = CARTESIAN_POINT('',(0.,63.35,-10.8));
#273 = DIRECTION('',(-1.,0.,0.));
#274 = DIRECTION('',(0.,-1.,0.));
#275 = ORIENTED_EDGE('',*,*,#276,.F.);
#276 = EDGE_CURVE('',#277,#268,#279,.T.);
#277 = VERTEX_POINT('',#278);
#278 = CARTESIAN_POINT('',(0.,63.25,-10.));
#279 = LINE('',#280,#281);
#280 = CARTESIAN_POINT('',(0.,63.25,-10.));
#281 = VECTOR('',#282,1.);
#282 = DIRECTION('',(0.,1.,0.));
#283 = ORIENTED_EDGE('',*,*,#284,.F.);
#284 = EDGE_CURVE('',#285,#277,#287,.T.);
#285 = VERTEX_POINT('',#286);
#286 = CARTESIAN_POINT('',(0.,63.25,-16.));
#287 = LINE('',#288,#289);
#288 = CARTESIAN_POINT('',(0.,63.25,-16.));
#289 = VECTOR('',#290,1.);
#290 = DIRECTION('',(0.,0.,1.));
#291 = ORIENTED_EDGE('',*,*,#292,.F.);
#292 = EDGE_CURVE('',#293,#285,#295,.T.);
#293 = VERTEX_POINT('',#294);
#294 = CARTESIAN_POINT('',(0.,60.65,-16.));
#295 = LINE('',#296,#297);
#296 = CARTESIAN_POINT('',(0.,60.65,-16.));
#297 = VECTOR('',#298,1.);
#298 = DIRECTION('',(0.,1.,0.));
#299 = ORIENTED_EDGE('',*,*,#300,.F.);
#300 = EDGE_CURVE('',#301,#293,#303,.T.);
#301 = VERTEX_POINT('',#302);
#302 = CARTESIAN_POINT('',(0.,60.65,-11.98778133699));
#303 = LINE('',#304,#305);
#304 = CARTESIAN_POINT('',(0.,60.65,-8.));
#305 = VECTOR('',#306,1.);
#306 = DIRECTION('',(0.,0.,-1.));
#307 = ORIENTED_EDGE('',*,*,#308,.T.);
#308 = EDGE_CURVE('',#301,#309,#311,.T.);
#309 = VERTEX_POINT('',#310);
#310 = CARTESIAN_POINT('',(0.,56.762110782032,-7.113029075749));
#311 = CIRCLE('',#312,5.);
#312 = AXIS2_PLACEMENT_3D('',#313,#314,#315);
#313 = CARTESIAN_POINT('',(0.,55.65,-11.98778133699));
#314 = DIRECTION('',(1.,0.,-0.));
#315 = DIRECTION('',(0.,0.,1.));
#316 = ORIENTED_EDGE('',*,*,#317,.T.);
#317 = EDGE_CURVE('',#309,#318,#320,.T.);
#318 = VERTEX_POINT('',#319);
#319 = CARTESIAN_POINT('',(0.,48.049002588221,-5.125247738758));
#320 = LINE('',#321,#322);
#321 = CARTESIAN_POINT('',(0.,60.65,-8.));
#322 = VECTOR('',#323,1.);
#323 = DIRECTION('',(0.,-0.974950452248,0.222422156406));
#324 = ORIENTED_EDGE('',*,*,#325,.T.);
#325 = EDGE_CURVE('',#318,#326,#328,.T.);
#326 = VERTEX_POINT('',#327);
#327 = CARTESIAN_POINT('',(0.,46.936891806189,-5.));
#328 = CIRCLE('',#329,5.);
#329 = AXIS2_PLACEMENT_3D('',#330,#331,#332);
#330 = CARTESIAN_POINT('',(0.,46.936891806189,-10.));
#331 = DIRECTION('',(1.,0.,-0.));
#332 = DIRECTION('',(0.,0.,1.));
#333 = ORIENTED_EDGE('',*,*,#334,.T.);
#334 = EDGE_CURVE('',#326,#335,#337,.T.);
#335 = VERTEX_POINT('',#336);
#336 = CARTESIAN_POINT('',(0.,18.063108193811,-5.));
#337 = LINE('',#338,#339);
#338 = CARTESIAN_POINT('',(0.,47.5,-5.));
#339 = VECTOR('',#340,1.);
#340 = DIRECTION('',(0.,-1.,0.));
#341 = ORIENTED_EDGE('',*,*,#342,.T.);
#342 = EDGE_CURVE('',#335,#343,#345,.T.);
#343 = VERTEX_POINT('',#344);
#344 = CARTESIAN_POINT('',(0.,16.950997411779,-5.125247738758));
#345 = CIRCLE('',#346,5.);
#346 = AXIS2_PLACEMENT_3D('',#347,#348,#349);
#347 = CARTESIAN_POINT('',(0.,18.063108193811,-10.));
#348 = DIRECTION('',(1.,0.,-0.));
#349 = DIRECTION('',(0.,0.,1.));
#350 = ORIENTED_EDGE('',*,*,#351,.F.);
#351 = EDGE_CURVE('',#352,#343,#354,.T.);
#352 = VERTEX_POINT('',#353);
#353 = CARTESIAN_POINT('',(0.,8.237889217968,-7.113029075749));
#354 = LINE('',#355,#356);
#355 = CARTESIAN_POINT('',(0.,4.35,-8.));
#356 = VECTOR('',#357,1.);
#357 = DIRECTION('',(0.,0.974950452248,0.222422156406));
#358 = ORIENTED_EDGE('',*,*,#359,.T.);
#359 = EDGE_CURVE('',#352,#360,#362,.T.);
#360 = VERTEX_POINT('',#361);
#361 = CARTESIAN_POINT('',(0.,4.35,-11.98778133699));
#362 = CIRCLE('',#363,5.);
#363 = AXIS2_PLACEMENT_3D('',#364,#365,#366);
#364 = CARTESIAN_POINT('',(0.,9.35,-11.98778133699));
#365 = DIRECTION('',(1.,0.,-0.));
#366 = DIRECTION('',(0.,0.,1.));
#367 = ORIENTED_EDGE('',*,*,#368,.T.);
#368 = EDGE_CURVE('',#360,#369,#371,.T.);
#369 = VERTEX_POINT('',#370);
#370 = CARTESIAN_POINT('',(0.,4.35,-16.));
#371 = LINE('',#372,#373);
#372 = CARTESIAN_POINT('',(0.,4.35,-8.));
#373 = VECTOR('',#374,1.);
#374 = DIRECTION('',(0.,-1.110223024625E-16,-1.));
#375 = ORIENTED_EDGE('',*,*,#376,.T.);
#376 = EDGE_CURVE('',#369,#377,#379,.T.);
#377 = VERTEX_POINT('',#378);
#378 = CARTESIAN_POINT('',(0.,1.75,-16.));
#379 = LINE('',#380,#381);
#380 = CARTESIAN_POINT('',(0.,4.35,-16.));
#381 = VECTOR('',#382,1.);
#382 = DIRECTION('',(0.,-1.,0.));
#383 = ORIENTED_EDGE('',*,*,#384,.T.);
#384 = EDGE_CURVE('',#377,#385,#387,.T.);
#385 = VERTEX_POINT('',#386);
#386 = CARTESIAN_POINT('',(0.,1.75,-10.));
#387 = LINE('',#388,#389);
#388 = CARTESIAN_POINT('',(0.,1.75,-16.));
#389 = VECTOR('',#390,1.);
#390 = DIRECTION('',(0.,-3.700743415417E-17,1.));
#391 = ORIENTED_EDGE('',*,*,#392,.T.);
#392 = EDGE_CURVE('',#385,#393,#395,.T.);
#393 = VERTEX_POINT('',#394);
#394 = CARTESIAN_POINT('',(0.,1.65,-10.));
#395 = LINE('',#396,#397);
#396 = CARTESIAN_POINT('',(0.,1.75,-10.));
#397 = VECTOR('',#398,1.);
#398 = DIRECTION('',(0.,-1.,0.));
#399 = ORIENTED_EDGE('',*,*,#400,.F.);
#400 = EDGE_CURVE('',#401,#393,#403,.T.);
#401 = VERTEX_POINT('',#402);
#402 = CARTESIAN_POINT('',(0.,0.85,-10.8));
#403 = CIRCLE('',#404,0.8);
#404 = AXIS2_PLACEMENT_3D('',#405,#406,#407);
#405 = CARTESIAN_POINT('',(0.,1.65,-10.8));
#406 = DIRECTION('',(-1.,0.,0.));
#407 = DIRECTION('',(0.,-1.,0.));
#408 = ORIENTED_EDGE('',*,*,#409,.T.);
#409 = EDGE_CURVE('',#401,#410,#412,.T.);
#410 = VERTEX_POINT('',#411);
#411 = CARTESIAN_POINT('',(0.,0.85,-17.8));
#412 = LINE('',#413,#414);
#413 = CARTESIAN_POINT('',(0.,0.85,-10.8));
#414 = VECTOR('',#415,1.);
#415 = DIRECTION('',(0.,0.,-1.));
#416 = ORIENTED_EDGE('',*,*,#417,.T.);
#417 = EDGE_CURVE('',#410,#418,#420,.T.);
#418 = VERTEX_POINT('',#419);
#419 = CARTESIAN_POINT('',(0.,1.85,-17.8));
#420 = LINE('',#421,#422);
#421 = CARTESIAN_POINT('',(0.,0.85,-17.8));
#422 = VECTOR('',#423,1.);
#423 = DIRECTION('',(0.,1.,0.));
#424 = ORIENTED_EDGE('',*,*,#425,.T.);
#425 = EDGE_CURVE('',#418,#426,#428,.T.);
#426 = VERTEX_POINT('',#427);
#427 = CARTESIAN_POINT('',(0.,1.85,-18.1));
#428 = LINE('',#429,#430);
#429 = CARTESIAN_POINT('',(0.,1.85,-17.8));
#430 = VECTOR('',#431,1.);
#431 = DIRECTION('',(0.,0.,-1.));
#432 = ORIENTED_EDGE('',*,*,#433,.T.);
#433 = EDGE_CURVE('',#426,#434,#436,.T.);
#434 = VERTEX_POINT('',#435);
#435 = CARTESIAN_POINT('',(0.,0.857145928681,-19.81967280464));
#436 = LINE('',#437,#438);
#437 = CARTESIAN_POINT('',(0.,1.85,-18.1));
#438 = VECTOR('',#439,1.);
#439 = DIRECTION('',(0.,-0.500000194379,-0.86602529156));
#440 = ORIENTED_EDGE('',*,*,#441,.T.);
#441 = EDGE_CURVE('',#434,#442,#444,.T.);
#442 = VERTEX_POINT('',#443);
#443 = CARTESIAN_POINT('',(0.,0.257145928681,-19.81967280464));
#444 = LINE('',#445,#446);
#445 = CARTESIAN_POINT('',(0.,0.857145928681,-19.81967280464));
#446 = VECTOR('',#447,1.);
#447 = DIRECTION('',(0.,-1.,0.));
#448 = ORIENTED_EDGE('',*,*,#449,.T.);
#449 = EDGE_CURVE('',#442,#450,#452,.T.);
#450 = VERTEX_POINT('',#451);
#451 = CARTESIAN_POINT('',(0.,-0.703950198231,-10.44898556725));
#452 = LINE('',#453,#454);
#453 = CARTESIAN_POINT('',(0.,0.257145928681,-19.81967280464));
#454 = VECTOR('',#455,1.);
#455 = DIRECTION('',(0.,-0.102028865499,0.994781438611));
#456 = ORIENTED_EDGE('',*,*,#457,.F.);
#457 = EDGE_CURVE('',#458,#450,#460,.T.);
#458 = VERTEX_POINT('',#459);
#459 = CARTESIAN_POINT('',(0.,-1.201340917536,-10.));
#460 = CIRCLE('',#461,0.5);
#461 = AXIS2_PLACEMENT_3D('',#462,#463,#464);
#462 = CARTESIAN_POINT('',(0.,-1.201340917536,-10.5));
#463 = DIRECTION('',(-1.,0.,0.));
#464 = DIRECTION('',(0.,-1.,0.));
#465 = ORIENTED_EDGE('',*,*,#466,.T.);
#466 = EDGE_CURVE('',#458,#467,#469,.T.);
#467 = VERTEX_POINT('',#468);
#468 = CARTESIAN_POINT('',(0.,-2.098659082464,-10.));
#469 = LINE('',#470,#471);
#470 = CARTESIAN_POINT('',(0.,-1.201340917536,-10.));
#471 = VECTOR('',#472,1.);
#472 = DIRECTION('',(0.,-1.,0.));
#473 = ORIENTED_EDGE('',*,*,#474,.F.);
#474 = EDGE_CURVE('',#475,#467,#477,.T.);
#475 = VERTEX_POINT('',#476);
#476 = CARTESIAN_POINT('',(0.,-2.596049801769,-10.44898556725));
#477 = CIRCLE('',#478,0.5);
#478 = AXIS2_PLACEMENT_3D('',#479,#480,#481);
#479 = CARTESIAN_POINT('',(0.,-2.098659082464,-10.5));
#480 = DIRECTION('',(-1.,0.,0.));
#481 = DIRECTION('',(0.,-1.,0.));
#482 = ORIENTED_EDGE('',*,*,#483,.T.);
#483 = EDGE_CURVE('',#475,#484,#486,.T.);
#484 = VERTEX_POINT('',#485);
#485 = CARTESIAN_POINT('',(0.,-3.557145928681,-19.81967280464));
#486 = LINE('',#487,#488);
#487 = CARTESIAN_POINT('',(0.,-2.596049801769,-10.44898556725));
#488 = VECTOR('',#489,1.);
#489 = DIRECTION('',(0.,-0.102028865499,-0.994781438611));
#490 = ORIENTED_EDGE('',*,*,#491,.T.);
#491 = EDGE_CURVE('',#484,#492,#494,.T.);
#492 = VERTEX_POINT('',#493);
#493 = CARTESIAN_POINT('',(0.,-4.157145928681,-19.81967280464));
#494 = LINE('',#495,#496);
#495 = CARTESIAN_POINT('',(0.,-3.557145928681,-19.81967280464));
#496 = VECTOR('',#497,1.);
#497 = DIRECTION('',(0.,-1.,0.));
#498 = ORIENTED_EDGE('',*,*,#499,.T.);
#499 = EDGE_CURVE('',#492,#500,#502,.T.);
#500 = VERTEX_POINT('',#501);
#501 = CARTESIAN_POINT('',(0.,-5.15,-18.1));
#502 = LINE('',#503,#504);
#503 = CARTESIAN_POINT('',(0.,-4.157145928681,-19.81967280464));
#504 = VECTOR('',#505,1.);
#505 = DIRECTION('',(0.,-0.500000194379,0.86602529156));
#506 = ORIENTED_EDGE('',*,*,#507,.T.);
#507 = EDGE_CURVE('',#500,#508,#510,.T.);
#508 = VERTEX_POINT('',#509);
#509 = CARTESIAN_POINT('',(0.,-5.15,-17.8));
#510 = LINE('',#511,#512);
#511 = CARTESIAN_POINT('',(0.,-5.15,-18.1));
#512 = VECTOR('',#513,1.);
#513 = DIRECTION('',(0.,2.960594732334E-15,1.));
#514 = ORIENTED_EDGE('',*,*,#515,.T.);
#515 = EDGE_CURVE('',#508,#516,#518,.T.);
#516 = VERTEX_POINT('',#517);
#517 = CARTESIAN_POINT('',(0.,-4.15,-17.8));
#518 = LINE('',#519,#520);
#519 = CARTESIAN_POINT('',(0.,-5.15,-17.8));
#520 = VECTOR('',#521,1.);
#521 = DIRECTION('',(0.,1.,0.));
#522 = ORIENTED_EDGE('',*,*,#523,.T.);
#523 = EDGE_CURVE('',#516,#524,#526,.T.);
#524 = VERTEX_POINT('',#525);
#525 = CARTESIAN_POINT('',(0.,-4.15,-10.8));
#526 = LINE('',#527,#528);
#527 = CARTESIAN_POINT('',(0.,-4.15,-17.8));
#528 = VECTOR('',#529,1.);
#529 = DIRECTION('',(0.,-1.268826313857E-16,1.));
#530 = ORIENTED_EDGE('',*,*,#531,.F.);
#531 = EDGE_CURVE('',#532,#524,#534,.T.);
#532 = VERTEX_POINT('',#533);
#533 = CARTESIAN_POINT('',(0.,-4.95,-10.));
#534 = CIRCLE('',#535,0.8);
#535 = AXIS2_PLACEMENT_3D('',#536,#537,#538);
#536 = CARTESIAN_POINT('',(0.,-4.95,-10.8));
#537 = DIRECTION('',(-1.,0.,0.));
#538 = DIRECTION('',(0.,-1.,0.));
#539 = ORIENTED_EDGE('',*,*,#540,.T.);
#540 = EDGE_CURVE('',#532,#541,#543,.T.);
#541 = VERTEX_POINT('',#542);
#542 = CARTESIAN_POINT('',(0.,-5.05,-10.));
#543 = LINE('',#544,#545);
#544 = CARTESIAN_POINT('',(0.,-4.95,-10.));
#545 = VECTOR('',#546,1.);
#546 = DIRECTION('',(0.,-1.,0.));
#547 = ORIENTED_EDGE('',*,*,#548,.T.);
#548 = EDGE_CURVE('',#541,#549,#551,.T.);
#549 = VERTEX_POINT('',#550);
#550 = CARTESIAN_POINT('',(0.,-5.05,-16.));
#551 = LINE('',#552,#553);
#552 = CARTESIAN_POINT('',(0.,-5.05,-10.));
#553 = VECTOR('',#554,1.);
#554 = DIRECTION('',(0.,0.,-1.));
#555 = ORIENTED_EDGE('',*,*,#556,.T.);
#556 = EDGE_CURVE('',#549,#557,#559,.T.);
#557 = VERTEX_POINT('',#558);
#558 = CARTESIAN_POINT('',(0.,-7.65,-16.));
#559 = LINE('',#560,#561);
#560 = CARTESIAN_POINT('',(0.,-5.05,-16.));
#561 = VECTOR('',#562,1.);
#562 = DIRECTION('',(0.,-1.,0.));
#563 = ORIENTED_EDGE('',*,*,#564,.T.);
#564 = EDGE_CURVE('',#557,#565,#567,.T.);
#565 = VERTEX_POINT('',#566);
#566 = CARTESIAN_POINT('',(0.,-7.65,-8.));
#567 = LINE('',#568,#569);
#568 = CARTESIAN_POINT('',(0.,-7.65,-16.));
#569 = VECTOR('',#570,1.);
#570 = DIRECTION('',(0.,0.,1.));
#571 = ORIENTED_EDGE('',*,*,#572,.F.);
#572 = EDGE_CURVE('',#573,#565,#575,.T.);
#573 = VERTEX_POINT('',#574);
#574 = CARTESIAN_POINT('',(0.,-1.386300243527,-1.449725744865));
#575 = LINE('',#576,#577);
#576 = CARTESIAN_POINT('',(0.,0.,0.));
#577 = VECTOR('',#578,1.);
#578 = DIRECTION('',(0.,-0.691120078425,-0.722739951295));
#579 = ORIENTED_EDGE('',*,*,#580,.F.);
#580 = EDGE_CURVE('',#22,#573,#581,.T.);
#581 = CIRCLE('',#582,5.);
#582 = AXIS2_PLACEMENT_3D('',#583,#584,#585);
#583 = CARTESIAN_POINT('',(0.,-5.,2.005874647262));
#584 = DIRECTION('',(-1.,0.,0.));
#585 = DIRECTION('',(0.,0.,1.));
#586 = ORIENTED_EDGE('',*,*,#21,.T.);
#587 = ORIENTED_EDGE('',*,*,#588,.F.);
#588 = EDGE_CURVE('',#80,#24,#589,.T.);
#589 = LINE('',#590,#591);
#590 = CARTESIAN_POINT('',(0.,65.,8.));
#591 = VECTOR('',#592,1.);
#592 = DIRECTION('',(0.,-1.,0.));
#593 = FACE_BOUND('',#594,.T.);
#594 = EDGE_LOOP('',(#595));
#595 = ORIENTED_EDGE('',*,*,#596,.F.);
#596 = EDGE_CURVE('',#597,#597,#599,.T.);
#597 = VERTEX_POINT('',#598);
#598 = CARTESIAN_POINT('',(0.,60.5,6.65));
#599 = CIRCLE('',#600,2.65);
#600 = AXIS2_PLACEMENT_3D('',#601,#602,#603);
#601 = CARTESIAN_POINT('',(0.,60.5,4.));
#602 = DIRECTION('',(-1.,0.,0.));
#603 = DIRECTION('',(0.,0.,1.));
#604 = FACE_BOUND('',#605,.T.);
#605 = EDGE_LOOP('',(#606));
#606 = ORIENTED_EDGE('',*,*,#607,.F.);
#607 = EDGE_CURVE('',#608,#608,#610,.T.);
#608 = VERTEX_POINT('',#609);
#609 = CARTESIAN_POINT('',(0.,4.5,6.65));
#610 = CIRCLE('',#611,2.65);
#611 = AXIS2_PLACEMENT_3D('',#612,#613,#614);
#612 = CARTESIAN_POINT('',(0.,4.5,4.));
#613 = DIRECTION('',(-1.,0.,0.));
#614 = DIRECTION('',(0.,0.,1.));
#615 = PLANE('',#616);
#616 = AXIS2_PLACEMENT_3D('',#617,#618,#619);
#617 = CARTESIAN_POINT('',(0.,32.500000000063,-6.47107683757));
#618 = DIRECTION('',(-1.,-0.,-0.));
#619 = DIRECTION('',(0.,0.,-1.));
#620 = ADVANCED_FACE('',(#621),#640,.F.);
#621 = FACE_BOUND('',#622,.T.);
#622 = EDGE_LOOP('',(#623,#624,#632,#639));
#623 = ORIENTED_EDGE('',*,*,#580,.T.);
#624 = ORIENTED_EDGE('',*,*,#625,.T.);
#625 = EDGE_CURVE('',#573,#626,#628,.T.);
#626 = VERTEX_POINT('',#627);
#627 = CARTESIAN_POINT('',(12.,-1.386300243527,-1.449725744865));
#628 = LINE('',#629,#630);
#629 = CARTESIAN_POINT('',(0.,-1.386300243527,-1.449725744865));
#630 = VECTOR('',#631,1.);
#631 = DIRECTION('',(1.,0.,0.));
#632 = ORIENTED_EDGE('',*,*,#633,.F.);
#633 = EDGE_CURVE('',#56,#626,#634,.T.);
#634 = CIRCLE('',#635,5.);
#635 = AXIS2_PLACEMENT_3D('',#636,#637,#638);
#636 = CARTESIAN_POINT('',(12.,-5.,2.005874647262));
#637 = DIRECTION('',(-1.,0.,0.));
#638 = DIRECTION('',(0.,0.,1.));
#639 = ORIENTED_EDGE('',*,*,#63,.F.);
#640 = CYLINDRICAL_SURFACE('',#641,5.);
#641 = AXIS2_PLACEMENT_3D('',#642,#643,#644);
#642 = CARTESIAN_POINT('',(0.,-5.,2.005874647262));
#643 = DIRECTION('',(1.,0.,0.));
#644 = DIRECTION('',(0.,1.,0.));
#645 = ADVANCED_FACE('',(#646),#699,.T.);
#646 = FACE_BOUND('',#647,.T.);
#647 = EDGE_LOOP('',(#648,#656,#657,#658,#667,#675,#684,#692));
#648 = ORIENTED_EDGE('',*,*,#649,.T.);
#649 = EDGE_CURVE('',#650,#80,#652,.T.);
#650 = VERTEX_POINT('',#651);
#651 = CARTESIAN_POINT('',(29.,65.,8.));
#652 = LINE('',#653,#654);
#653 = CARTESIAN_POINT('',(34.,65.,8.));
#654 = VECTOR('',#655,1.);
#655 = DIRECTION('',(-1.,0.,0.));
#656 = ORIENTED_EDGE('',*,*,#588,.T.);
#657 = ORIENTED_EDGE('',*,*,#31,.T.);
#658 = ORIENTED_EDGE('',*,*,#659,.F.);
#659 = EDGE_CURVE('',#660,#32,#662,.T.);
#660 = VERTEX_POINT('',#661);
#661 = CARTESIAN_POINT('',(34.,5.,8.));
#662 = CIRCLE('',#663,5.);
#663 = AXIS2_PLACEMENT_3D('',#664,#665,#666);
#664 = CARTESIAN_POINT('',(34.,0.,8.));
#665 = DIRECTION('',(0.,0.,1.));
#666 = DIRECTION('',(1.,0.,0.));
#667 = ORIENTED_EDGE('',*,*,#668,.T.);
#668 = EDGE_CURVE('',#660,#669,#671,.T.);
#669 = VERTEX_POINT('',#670);
#670 = CARTESIAN_POINT('',(34.,11.1,8.));
#671 = LINE('',#672,#673);
#672 = CARTESIAN_POINT('',(34.,0.,8.));
#673 = VECTOR('',#674,1.);
#674 = DIRECTION('',(0.,1.,0.));
#675 = ORIENTED_EDGE('',*,*,#676,.T.);
#676 = EDGE_CURVE('',#669,#677,#679,.T.);
#677 = VERTEX_POINT('',#678);
#678 = CARTESIAN_POINT('',(34.,53.9,8.));
#679 = CIRCLE('',#680,21.4);
#680 = AXIS2_PLACEMENT_3D('',#681,#682,#683);
#681 = CARTESIAN_POINT('',(34.,32.5,8.));
#682 = DIRECTION('',(0.,0.,-1.));
#683 = DIRECTION('',(1.,0.,0.));
#684 = ORIENTED_EDGE('',*,*,#685,.T.);
#685 = EDGE_CURVE('',#677,#686,#688,.T.);
#686 = VERTEX_POINT('',#687);
#687 = CARTESIAN_POINT('',(34.,60.,8.));
#688 = LINE('',#689,#690);
#689 = CARTESIAN_POINT('',(34.,0.,8.));
#690 = VECTOR('',#691,1.);
#691 = DIRECTION('',(0.,1.,0.));
#692 = ORIENTED_EDGE('',*,*,#693,.F.);
#693 = EDGE_CURVE('',#650,#686,#694,.T.);
#694 = CIRCLE('',#695,5.);
#695 = AXIS2_PLACEMENT_3D('',#696,#697,#698);
#696 = CARTESIAN_POINT('',(34.,65.,8.));
#697 = DIRECTION('',(0.,0.,1.));
#698 = DIRECTION('',(1.,0.,0.));
#699 = PLANE('',#700);
#700 = AXIS2_PLACEMENT_3D('',#701,#702,#703);
#701 = CARTESIAN_POINT('',(17.,32.5,8.));
#702 = DIRECTION('',(0.,0.,1.));
#703 = DIRECTION('',(1.,0.,0.));
#704 = ADVANCED_FACE('',(#705),#1216,.T.);
#705 = FACE_BOUND('',#706,.T.);
#706 = EDGE_LOOP('',(#707,#717,#726,#734,#740,#741,#742,#750,#758,#766,
    #774,#782,#791,#799,#807,#815,#823,#831,#839,#848,#856,#865,#873,
    #881,#889,#897,#905,#913,#922,#930,#938,#946,#954,#963,#971,#980,
    #988,#997,#1005,#1014,#1022,#1030,#1038,#1046,#1055,#1063,#1071,
    #1079,#1087,#1095,#1103,#1112,#1120,#1129,#1137,#1145,#1153,#1161,
    #1169,#1177,#1186,#1194,#1202,#1210));
#707 = ORIENTED_EDGE('',*,*,#708,.F.);
#708 = EDGE_CURVE('',#709,#711,#713,.T.);
#709 = VERTEX_POINT('',#710);
#710 = CARTESIAN_POINT('',(12.,66.386300243527,-1.449725744865));
#711 = VERTEX_POINT('',#712);
#712 = CARTESIAN_POINT('',(12.,72.65,-8.));
#713 = LINE('',#714,#715);
#714 = CARTESIAN_POINT('',(12.,65.,0.));
#715 = VECTOR('',#716,1.);
#716 = DIRECTION('',(-0.,0.691120078425,-0.722739951295));
#717 = ORIENTED_EDGE('',*,*,#718,.F.);
#718 = EDGE_CURVE('',#719,#709,#721,.T.);
#719 = VERTEX_POINT('',#720);
#720 = CARTESIAN_POINT('',(12.,65.,2.005874647262));
#721 = CIRCLE('',#722,5.);
#722 = AXIS2_PLACEMENT_3D('',#723,#724,#725);
#723 = CARTESIAN_POINT('',(12.,70.,2.005874647262));
#724 = DIRECTION('',(1.,-0.,0.));
#725 = DIRECTION('',(0.,0.,-1.));
#726 = ORIENTED_EDGE('',*,*,#727,.F.);
#727 = EDGE_CURVE('',#728,#719,#730,.T.);
#728 = VERTEX_POINT('',#729);
#729 = CARTESIAN_POINT('',(12.,65.,0.));
#730 = LINE('',#731,#732);
#731 = CARTESIAN_POINT('',(12.,65.,-4.374569928461));
#732 = VECTOR('',#733,1.);
#733 = DIRECTION('',(0.,0.,1.));
#734 = ORIENTED_EDGE('',*,*,#735,.T.);
#735 = EDGE_CURVE('',#728,#48,#736,.T.);
#736 = LINE('',#737,#738);
#737 = CARTESIAN_POINT('',(12.,65.,0.));
#738 = VECTOR('',#739,1.);
#739 = DIRECTION('',(0.,-1.,0.));
#740 = ORIENTED_EDGE('',*,*,#55,.T.);
#741 = ORIENTED_EDGE('',*,*,#633,.T.);
#742 = ORIENTED_EDGE('',*,*,#743,.T.);
#743 = EDGE_CURVE('',#626,#744,#746,.T.);
#744 = VERTEX_POINT('',#745);
#745 = CARTESIAN_POINT('',(12.,-7.65,-8.));
#746 = LINE('',#747,#748);
#747 = CARTESIAN_POINT('',(12.,0.,0.));
#748 = VECTOR('',#749,1.);
#749 = DIRECTION('',(0.,-0.691120078425,-0.722739951295));
#750 = ORIENTED_EDGE('',*,*,#751,.F.);
#751 = EDGE_CURVE('',#752,#744,#754,.T.);
#752 = VERTEX_POINT('',#753);
#753 = CARTESIAN_POINT('',(12.,-7.65,-16.));
#754 = LINE('',#755,#756);
#755 = CARTESIAN_POINT('',(12.,-7.65,-16.));
#756 = VECTOR('',#757,1.);
#757 = DIRECTION('',(0.,0.,1.));
#758 = ORIENTED_EDGE('',*,*,#759,.F.);
#759 = EDGE_CURVE('',#760,#752,#762,.T.);
#760 = VERTEX_POINT('',#761);
#761 = CARTESIAN_POINT('',(12.,-5.05,-16.));
#762 = LINE('',#763,#764);
#763 = CARTESIAN_POINT('',(12.,-5.05,-16.));
#764 = VECTOR('',#765,1.);
#765 = DIRECTION('',(0.,-1.,0.));
#766 = ORIENTED_EDGE('',*,*,#767,.F.);
#767 = EDGE_CURVE('',#768,#760,#770,.T.);
#768 = VERTEX_POINT('',#769);
#769 = CARTESIAN_POINT('',(12.,-5.05,-10.));
#770 = LINE('',#771,#772);
#771 = CARTESIAN_POINT('',(12.,-5.05,-10.));
#772 = VECTOR('',#773,1.);
#773 = DIRECTION('',(0.,0.,-1.));
#774 = ORIENTED_EDGE('',*,*,#775,.F.);
#775 = EDGE_CURVE('',#776,#768,#778,.T.);
#776 = VERTEX_POINT('',#777);
#777 = CARTESIAN_POINT('',(12.,-4.95,-10.));
#778 = LINE('',#779,#780);
#779 = CARTESIAN_POINT('',(12.,-4.95,-10.));
#780 = VECTOR('',#781,1.);
#781 = DIRECTION('',(0.,-1.,0.));
#782 = ORIENTED_EDGE('',*,*,#783,.T.);
#783 = EDGE_CURVE('',#776,#784,#786,.T.);
#784 = VERTEX_POINT('',#785);
#785 = CARTESIAN_POINT('',(12.,-4.15,-10.8));
#786 = CIRCLE('',#787,0.8);
#787 = AXIS2_PLACEMENT_3D('',#788,#789,#790);
#788 = CARTESIAN_POINT('',(12.,-4.95,-10.8));
#789 = DIRECTION('',(-1.,0.,0.));
#790 = DIRECTION('',(0.,-1.,0.));
#791 = ORIENTED_EDGE('',*,*,#792,.F.);
#792 = EDGE_CURVE('',#793,#784,#795,.T.);
#793 = VERTEX_POINT('',#794);
#794 = CARTESIAN_POINT('',(12.,-4.15,-17.8));
#795 = LINE('',#796,#797);
#796 = CARTESIAN_POINT('',(12.,-4.15,-17.8));
#797 = VECTOR('',#798,1.);
#798 = DIRECTION('',(0.,-1.268826313857E-16,1.));
#799 = ORIENTED_EDGE('',*,*,#800,.F.);
#800 = EDGE_CURVE('',#801,#793,#803,.T.);
#801 = VERTEX_POINT('',#802);
#802 = CARTESIAN_POINT('',(12.,-5.15,-17.8));
#803 = LINE('',#804,#805);
#804 = CARTESIAN_POINT('',(12.,-5.15,-17.8));
#805 = VECTOR('',#806,1.);
#806 = DIRECTION('',(0.,1.,0.));
#807 = ORIENTED_EDGE('',*,*,#808,.F.);
#808 = EDGE_CURVE('',#809,#801,#811,.T.);
#809 = VERTEX_POINT('',#810);
#810 = CARTESIAN_POINT('',(12.,-5.15,-18.1));
#811 = LINE('',#812,#813);
#812 = CARTESIAN_POINT('',(12.,-5.15,-18.1));
#813 = VECTOR('',#814,1.);
#814 = DIRECTION('',(0.,2.960594732334E-15,1.));
#815 = ORIENTED_EDGE('',*,*,#816,.F.);
#816 = EDGE_CURVE('',#817,#809,#819,.T.);
#817 = VERTEX_POINT('',#818);
#818 = CARTESIAN_POINT('',(12.,-4.157145928681,-19.81967280464));
#819 = LINE('',#820,#821);
#820 = CARTESIAN_POINT('',(12.,-4.157145928681,-19.81967280464));
#821 = VECTOR('',#822,1.);
#822 = DIRECTION('',(0.,-0.500000194379,0.86602529156));
#823 = ORIENTED_EDGE('',*,*,#824,.F.);
#824 = EDGE_CURVE('',#825,#817,#827,.T.);
#825 = VERTEX_POINT('',#826);
#826 = CARTESIAN_POINT('',(12.,-3.557145928681,-19.81967280464));
#827 = LINE('',#828,#829);
#828 = CARTESIAN_POINT('',(12.,-3.557145928681,-19.81967280464));
#829 = VECTOR('',#830,1.);
#830 = DIRECTION('',(0.,-1.,0.));
#831 = ORIENTED_EDGE('',*,*,#832,.F.);
#832 = EDGE_CURVE('',#833,#825,#835,.T.);
#833 = VERTEX_POINT('',#834);
#834 = CARTESIAN_POINT('',(12.,-2.596049801769,-10.44898556725));
#835 = LINE('',#836,#837);
#836 = CARTESIAN_POINT('',(12.,-2.596049801769,-10.44898556725));
#837 = VECTOR('',#838,1.);
#838 = DIRECTION('',(0.,-0.102028865499,-0.994781438611));
#839 = ORIENTED_EDGE('',*,*,#840,.T.);
#840 = EDGE_CURVE('',#833,#841,#843,.T.);
#841 = VERTEX_POINT('',#842);
#842 = CARTESIAN_POINT('',(12.,-2.098659082464,-10.));
#843 = CIRCLE('',#844,0.5);
#844 = AXIS2_PLACEMENT_3D('',#845,#846,#847);
#845 = CARTESIAN_POINT('',(12.,-2.098659082464,-10.5));
#846 = DIRECTION('',(-1.,0.,0.));
#847 = DIRECTION('',(0.,-1.,0.));
#848 = ORIENTED_EDGE('',*,*,#849,.F.);
#849 = EDGE_CURVE('',#850,#841,#852,.T.);
#850 = VERTEX_POINT('',#851);
#851 = CARTESIAN_POINT('',(12.,-1.201340917536,-10.));
#852 = LINE('',#853,#854);
#853 = CARTESIAN_POINT('',(12.,-1.201340917536,-10.));
#854 = VECTOR('',#855,1.);
#855 = DIRECTION('',(0.,-1.,0.));
#856 = ORIENTED_EDGE('',*,*,#857,.T.);
#857 = EDGE_CURVE('',#850,#858,#860,.T.);
#858 = VERTEX_POINT('',#859);
#859 = CARTESIAN_POINT('',(12.,-0.703950198231,-10.44898556725));
#860 = CIRCLE('',#861,0.5);
#861 = AXIS2_PLACEMENT_3D('',#862,#863,#864);
#862 = CARTESIAN_POINT('',(12.,-1.201340917536,-10.5));
#863 = DIRECTION('',(-1.,0.,0.));
#864 = DIRECTION('',(0.,-1.,0.));
#865 = ORIENTED_EDGE('',*,*,#866,.F.);
#866 = EDGE_CURVE('',#867,#858,#869,.T.);
#867 = VERTEX_POINT('',#868);
#868 = CARTESIAN_POINT('',(12.,0.257145928681,-19.81967280464));
#869 = LINE('',#870,#871);
#870 = CARTESIAN_POINT('',(12.,0.257145928681,-19.81967280464));
#871 = VECTOR('',#872,1.);
#872 = DIRECTION('',(0.,-0.102028865499,0.994781438611));
#873 = ORIENTED_EDGE('',*,*,#874,.F.);
#874 = EDGE_CURVE('',#875,#867,#877,.T.);
#875 = VERTEX_POINT('',#876);
#876 = CARTESIAN_POINT('',(12.,0.857145928681,-19.81967280464));
#877 = LINE('',#878,#879);
#878 = CARTESIAN_POINT('',(12.,0.857145928681,-19.81967280464));
#879 = VECTOR('',#880,1.);
#880 = DIRECTION('',(0.,-1.,0.));
#881 = ORIENTED_EDGE('',*,*,#882,.F.);
#882 = EDGE_CURVE('',#883,#875,#885,.T.);
#883 = VERTEX_POINT('',#884);
#884 = CARTESIAN_POINT('',(12.,1.85,-18.1));
#885 = LINE('',#886,#887);
#886 = CARTESIAN_POINT('',(12.,1.85,-18.1));
#887 = VECTOR('',#888,1.);
#888 = DIRECTION('',(0.,-0.500000194379,-0.86602529156));
#889 = ORIENTED_EDGE('',*,*,#890,.F.);
#890 = EDGE_CURVE('',#891,#883,#893,.T.);
#891 = VERTEX_POINT('',#892);
#892 = CARTESIAN_POINT('',(12.,1.85,-17.8));
#893 = LINE('',#894,#895);
#894 = CARTESIAN_POINT('',(12.,1.85,-17.8));
#895 = VECTOR('',#896,1.);
#896 = DIRECTION('',(0.,0.,-1.));
#897 = ORIENTED_EDGE('',*,*,#898,.F.);
#898 = EDGE_CURVE('',#899,#891,#901,.T.);
#899 = VERTEX_POINT('',#900);
#900 = CARTESIAN_POINT('',(12.,0.85,-17.8));
#901 = LINE('',#902,#903);
#902 = CARTESIAN_POINT('',(12.,0.85,-17.8));
#903 = VECTOR('',#904,1.);
#904 = DIRECTION('',(0.,1.,0.));
#905 = ORIENTED_EDGE('',*,*,#906,.F.);
#906 = EDGE_CURVE('',#907,#899,#909,.T.);
#907 = VERTEX_POINT('',#908);
#908 = CARTESIAN_POINT('',(12.,0.85,-10.8));
#909 = LINE('',#910,#911);
#910 = CARTESIAN_POINT('',(12.,0.85,-10.8));
#911 = VECTOR('',#912,1.);
#912 = DIRECTION('',(0.,0.,-1.));
#913 = ORIENTED_EDGE('',*,*,#914,.T.);
#914 = EDGE_CURVE('',#907,#915,#917,.T.);
#915 = VERTEX_POINT('',#916);
#916 = CARTESIAN_POINT('',(12.,1.65,-10.));
#917 = CIRCLE('',#918,0.8);
#918 = AXIS2_PLACEMENT_3D('',#919,#920,#921);
#919 = CARTESIAN_POINT('',(12.,1.65,-10.8));
#920 = DIRECTION('',(-1.,0.,0.));
#921 = DIRECTION('',(0.,-1.,0.));
#922 = ORIENTED_EDGE('',*,*,#923,.F.);
#923 = EDGE_CURVE('',#924,#915,#926,.T.);
#924 = VERTEX_POINT('',#925);
#925 = CARTESIAN_POINT('',(12.,1.75,-10.));
#926 = LINE('',#927,#928);
#927 = CARTESIAN_POINT('',(12.,1.75,-10.));
#928 = VECTOR('',#929,1.);
#929 = DIRECTION('',(0.,-1.,0.));
#930 = ORIENTED_EDGE('',*,*,#931,.F.);
#931 = EDGE_CURVE('',#932,#924,#934,.T.);
#932 = VERTEX_POINT('',#933);
#933 = CARTESIAN_POINT('',(12.,1.75,-16.));
#934 = LINE('',#935,#936);
#935 = CARTESIAN_POINT('',(12.,1.75,-16.));
#936 = VECTOR('',#937,1.);
#937 = DIRECTION('',(0.,-3.700743415417E-17,1.));
#938 = ORIENTED_EDGE('',*,*,#939,.F.);
#939 = EDGE_CURVE('',#940,#932,#942,.T.);
#940 = VERTEX_POINT('',#941);
#941 = CARTESIAN_POINT('',(12.,4.35,-16.));
#942 = LINE('',#943,#944);
#943 = CARTESIAN_POINT('',(12.,4.35,-16.));
#944 = VECTOR('',#945,1.);
#945 = DIRECTION('',(0.,-1.,0.));
#946 = ORIENTED_EDGE('',*,*,#947,.F.);
#947 = EDGE_CURVE('',#948,#940,#950,.T.);
#948 = VERTEX_POINT('',#949);
#949 = CARTESIAN_POINT('',(12.,4.35,-11.98778133699));
#950 = LINE('',#951,#952);
#951 = CARTESIAN_POINT('',(12.,4.35,-8.));
#952 = VECTOR('',#953,1.);
#953 = DIRECTION('',(0.,-1.110223024625E-16,-1.));
#954 = ORIENTED_EDGE('',*,*,#955,.F.);
#955 = EDGE_CURVE('',#956,#948,#958,.T.);
#956 = VERTEX_POINT('',#957);
#957 = CARTESIAN_POINT('',(12.,8.237889217968,-7.113029075749));
#958 = CIRCLE('',#959,5.);
#959 = AXIS2_PLACEMENT_3D('',#960,#961,#962);
#960 = CARTESIAN_POINT('',(12.,9.35,-11.98778133699));
#961 = DIRECTION('',(1.,0.,-0.));
#962 = DIRECTION('',(0.,0.,1.));
#963 = ORIENTED_EDGE('',*,*,#964,.T.);
#964 = EDGE_CURVE('',#956,#965,#967,.T.);
#965 = VERTEX_POINT('',#966);
#966 = CARTESIAN_POINT('',(12.,16.950997411779,-5.125247738758));
#967 = LINE('',#968,#969);
#968 = CARTESIAN_POINT('',(12.,4.35,-8.));
#969 = VECTOR('',#970,1.);
#970 = DIRECTION('',(0.,0.974950452248,0.222422156406));
#971 = ORIENTED_EDGE('',*,*,#972,.F.);
#972 = EDGE_CURVE('',#973,#965,#975,.T.);
#973 = VERTEX_POINT('',#974);
#974 = CARTESIAN_POINT('',(12.,18.063108193811,-5.));
#975 = CIRCLE('',#976,5.);
#976 = AXIS2_PLACEMENT_3D('',#977,#978,#979);
#977 = CARTESIAN_POINT('',(12.,18.063108193811,-10.));
#978 = DIRECTION('',(1.,0.,-0.));
#979 = DIRECTION('',(0.,0.,1.));
#980 = ORIENTED_EDGE('',*,*,#981,.F.);
#981 = EDGE_CURVE('',#982,#973,#984,.T.);
#982 = VERTEX_POINT('',#983);
#983 = CARTESIAN_POINT('',(12.,46.936891806189,-5.));
#984 = LINE('',#985,#986);
#985 = CARTESIAN_POINT('',(12.,47.5,-5.));
#986 = VECTOR('',#987,1.);
#987 = DIRECTION('',(0.,-1.,0.));
#988 = ORIENTED_EDGE('',*,*,#989,.F.);
#989 = EDGE_CURVE('',#990,#982,#992,.T.);
#990 = VERTEX_POINT('',#991);
#991 = CARTESIAN_POINT('',(12.,48.049002588221,-5.125247738758));
#992 = CIRCLE('',#993,5.);
#993 = AXIS2_PLACEMENT_3D('',#994,#995,#996);
#994 = CARTESIAN_POINT('',(12.,46.936891806189,-10.));
#995 = DIRECTION('',(1.,0.,-0.));
#996 = DIRECTION('',(0.,0.,1.));
#997 = ORIENTED_EDGE('',*,*,#998,.F.);
#998 = EDGE_CURVE('',#999,#990,#1001,.T.);
#999 = VERTEX_POINT('',#1000);
#1000 = CARTESIAN_POINT('',(12.,56.762110782032,-7.113029075749));
#1001 = LINE('',#1002,#1003);
#1002 = CARTESIAN_POINT('',(12.,60.65,-8.));
#1003 = VECTOR('',#1004,1.);
#1004 = DIRECTION('',(0.,-0.974950452248,0.222422156406));
#1005 = ORIENTED_EDGE('',*,*,#1006,.F.);
#1006 = EDGE_CURVE('',#1007,#999,#1009,.T.);
#1007 = VERTEX_POINT('',#1008);
#1008 = CARTESIAN_POINT('',(12.,60.65,-11.98778133699));
#1009 = CIRCLE('',#1010,5.);
#1010 = AXIS2_PLACEMENT_3D('',#1011,#1012,#1013);
#1011 = CARTESIAN_POINT('',(12.,55.65,-11.98778133699));
#1012 = DIRECTION('',(1.,0.,-0.));
#1013 = DIRECTION('',(0.,0.,1.));
#1014 = ORIENTED_EDGE('',*,*,#1015,.T.);
#1015 = EDGE_CURVE('',#1007,#1016,#1018,.T.);
#1016 = VERTEX_POINT('',#1017);
#1017 = CARTESIAN_POINT('',(12.,60.65,-16.));
#1018 = LINE('',#1019,#1020);
#1019 = CARTESIAN_POINT('',(12.,60.65,-8.));
#1020 = VECTOR('',#1021,1.);
#1021 = DIRECTION('',(0.,0.,-1.));
#1022 = ORIENTED_EDGE('',*,*,#1023,.T.);
#1023 = EDGE_CURVE('',#1016,#1024,#1026,.T.);
#1024 = VERTEX_POINT('',#1025);
#1025 = CARTESIAN_POINT('',(12.,63.25,-16.));
#1026 = LINE('',#1027,#1028);
#1027 = CARTESIAN_POINT('',(12.,60.65,-16.));
#1028 = VECTOR('',#1029,1.);
#1029 = DIRECTION('',(0.,1.,0.));
#1030 = ORIENTED_EDGE('',*,*,#1031,.T.);
#1031 = EDGE_CURVE('',#1024,#1032,#1034,.T.);
#1032 = VERTEX_POINT('',#1033);
#1033 = CARTESIAN_POINT('',(12.,63.25,-10.));
#1034 = LINE('',#1035,#1036);
#1035 = CARTESIAN_POINT('',(12.,63.25,-16.));
#1036 = VECTOR('',#1037,1.);
#1037 = DIRECTION('',(0.,0.,1.));
#1038 = ORIENTED_EDGE('',*,*,#1039,.T.);
#1039 = EDGE_CURVE('',#1032,#1040,#1042,.T.);
#1040 = VERTEX_POINT('',#1041);
#1041 = CARTESIAN_POINT('',(12.,63.35,-10.));
#1042 = LINE('',#1043,#1044);
#1043 = CARTESIAN_POINT('',(12.,63.25,-10.));
#1044 = VECTOR('',#1045,1.);
#1045 = DIRECTION('',(0.,1.,0.));
#1046 = ORIENTED_EDGE('',*,*,#1047,.T.);
#1047 = EDGE_CURVE('',#1040,#1048,#1050,.T.);
#1048 = VERTEX_POINT('',#1049);
#1049 = CARTESIAN_POINT('',(12.,64.15,-10.8));
#1050 = CIRCLE('',#1051,0.8);
#1051 = AXIS2_PLACEMENT_3D('',#1052,#1053,#1054);
#1052 = CARTESIAN_POINT('',(12.,63.35,-10.8));
#1053 = DIRECTION('',(-1.,0.,0.));
#1054 = DIRECTION('',(0.,-1.,0.));
#1055 = ORIENTED_EDGE('',*,*,#1056,.T.);
#1056 = EDGE_CURVE('',#1048,#1057,#1059,.T.);
#1057 = VERTEX_POINT('',#1058);
#1058 = CARTESIAN_POINT('',(12.,64.15,-17.8));
#1059 = LINE('',#1060,#1061);
#1060 = CARTESIAN_POINT('',(12.,64.15,-10.8));
#1061 = VECTOR('',#1062,1.);
#1062 = DIRECTION('',(0.,0.,-1.));
#1063 = ORIENTED_EDGE('',*,*,#1064,.T.);
#1064 = EDGE_CURVE('',#1057,#1065,#1067,.T.);
#1065 = VERTEX_POINT('',#1066);
#1066 = CARTESIAN_POINT('',(12.,63.15,-17.8));
#1067 = LINE('',#1068,#1069);
#1068 = CARTESIAN_POINT('',(12.,64.15,-17.8));
#1069 = VECTOR('',#1070,1.);
#1070 = DIRECTION('',(0.,-1.,0.));
#1071 = ORIENTED_EDGE('',*,*,#1072,.T.);
#1072 = EDGE_CURVE('',#1065,#1073,#1075,.T.);
#1073 = VERTEX_POINT('',#1074);
#1074 = CARTESIAN_POINT('',(12.,63.15,-18.1));
#1075 = LINE('',#1076,#1077);
#1076 = CARTESIAN_POINT('',(12.,63.15,-17.8));
#1077 = VECTOR('',#1078,1.);
#1078 = DIRECTION('',(0.,0.,-1.));
#1079 = ORIENTED_EDGE('',*,*,#1080,.T.);
#1080 = EDGE_CURVE('',#1073,#1081,#1083,.T.);
#1081 = VERTEX_POINT('',#1082);
#1082 = CARTESIAN_POINT('',(12.,64.142854071302,-19.8196728048));
#1083 = LINE('',#1084,#1085);
#1084 = CARTESIAN_POINT('',(12.,63.15,-18.1));
#1085 = VECTOR('',#1086,1.);
#1086 = DIRECTION('',(-0.,0.500000194338,-0.866025291584));
#1087 = ORIENTED_EDGE('',*,*,#1088,.T.);
#1088 = EDGE_CURVE('',#1081,#1089,#1091,.T.);
#1089 = VERTEX_POINT('',#1090);
#1090 = CARTESIAN_POINT('',(12.,64.742854071302,-19.8196728048));
#1091 = LINE('',#1092,#1093);
#1092 = CARTESIAN_POINT('',(12.,64.142854071302,-19.8196728048));
#1093 = VECTOR('',#1094,1.);
#1094 = DIRECTION('',(0.,1.,0.));
#1095 = ORIENTED_EDGE('',*,*,#1096,.T.);
#1096 = EDGE_CURVE('',#1089,#1097,#1099,.T.);
#1097 = VERTEX_POINT('',#1098);
#1098 = CARTESIAN_POINT('',(12.,65.703950198231,-10.44898556725));
#1099 = LINE('',#1100,#1101);
#1100 = CARTESIAN_POINT('',(12.,64.742854071302,-19.8196728048));
#1101 = VECTOR('',#1102,1.);
#1102 = DIRECTION('',(0.,0.102028865499,0.994781438611));
#1103 = ORIENTED_EDGE('',*,*,#1104,.T.);
#1104 = EDGE_CURVE('',#1097,#1105,#1107,.T.);
#1105 = VERTEX_POINT('',#1106);
#1106 = CARTESIAN_POINT('',(12.,66.201340917536,-10.));
#1107 = CIRCLE('',#1108,0.5);
#1108 = AXIS2_PLACEMENT_3D('',#1109,#1110,#1111);
#1109 = CARTESIAN_POINT('',(12.,66.201340917536,-10.5));
#1110 = DIRECTION('',(-1.,0.,0.));
#1111 = DIRECTION('',(0.,-1.,0.));
#1112 = ORIENTED_EDGE('',*,*,#1113,.T.);
#1113 = EDGE_CURVE('',#1105,#1114,#1116,.T.);
#1114 = VERTEX_POINT('',#1115);
#1115 = CARTESIAN_POINT('',(12.,67.098659082464,-10.));
#1116 = LINE('',#1117,#1118);
#1117 = CARTESIAN_POINT('',(12.,66.201340917536,-10.));
#1118 = VECTOR('',#1119,1.);
#1119 = DIRECTION('',(0.,1.,0.));
#1120 = ORIENTED_EDGE('',*,*,#1121,.T.);
#1121 = EDGE_CURVE('',#1114,#1122,#1124,.T.);
#1122 = VERTEX_POINT('',#1123);
#1123 = CARTESIAN_POINT('',(12.,67.596049801769,-10.44898556725));
#1124 = CIRCLE('',#1125,0.5);
#1125 = AXIS2_PLACEMENT_3D('',#1126,#1127,#1128);
#1126 = CARTESIAN_POINT('',(12.,67.098659082464,-10.5));
#1127 = DIRECTION('',(-1.,0.,0.));
#1128 = DIRECTION('',(0.,-1.,0.));
#1129 = ORIENTED_EDGE('',*,*,#1130,.T.);
#1130 = EDGE_CURVE('',#1122,#1131,#1133,.T.);
#1131 = VERTEX_POINT('',#1132);
#1132 = CARTESIAN_POINT('',(12.,68.557145928698,-19.8196728048));
#1133 = LINE('',#1134,#1135);
#1134 = CARTESIAN_POINT('',(12.,67.596049801769,-10.44898556725));
#1135 = VECTOR('',#1136,1.);
#1136 = DIRECTION('',(-0.,0.102028865499,-0.994781438611));
#1137 = ORIENTED_EDGE('',*,*,#1138,.T.);
#1138 = EDGE_CURVE('',#1131,#1139,#1141,.T.);
#1139 = VERTEX_POINT('',#1140);
#1140 = CARTESIAN_POINT('',(12.,69.157145928698,-19.8196728048));
#1141 = LINE('',#1142,#1143);
#1142 = CARTESIAN_POINT('',(12.,68.557145928698,-19.8196728048));
#1143 = VECTOR('',#1144,1.);
#1144 = DIRECTION('',(0.,1.,0.));
#1145 = ORIENTED_EDGE('',*,*,#1146,.T.);
#1146 = EDGE_CURVE('',#1139,#1147,#1149,.T.);
#1147 = VERTEX_POINT('',#1148);
#1148 = CARTESIAN_POINT('',(12.,70.15,-18.1));
#1149 = LINE('',#1150,#1151);
#1150 = CARTESIAN_POINT('',(12.,69.157145928698,-19.8196728048));
#1151 = VECTOR('',#1152,1.);
#1152 = DIRECTION('',(0.,0.500000194338,0.866025291584));
#1153 = ORIENTED_EDGE('',*,*,#1154,.T.);
#1154 = EDGE_CURVE('',#1147,#1155,#1157,.T.);
#1155 = VERTEX_POINT('',#1156);
#1156 = CARTESIAN_POINT('',(12.,70.15,-17.8));
#1157 = LINE('',#1158,#1159);
#1158 = CARTESIAN_POINT('',(12.,70.15,-18.1));
#1159 = VECTOR('',#1160,1.);
#1160 = DIRECTION('',(0.,-2.368475785867E-13,1.));
#1161 = ORIENTED_EDGE('',*,*,#1162,.T.);
#1162 = EDGE_CURVE('',#1155,#1163,#1165,.T.);
#1163 = VERTEX_POINT('',#1164);
#1164 = CARTESIAN_POINT('',(12.,69.15,-17.8));
#1165 = LINE('',#1166,#1167);
#1166 = CARTESIAN_POINT('',(12.,70.15,-17.8));
#1167 = VECTOR('',#1168,1.);
#1168 = DIRECTION('',(0.,-1.,0.));
#1169 = ORIENTED_EDGE('',*,*,#1170,.T.);
#1170 = EDGE_CURVE('',#1163,#1171,#1173,.T.);
#1171 = VERTEX_POINT('',#1172);
#1172 = CARTESIAN_POINT('',(12.,69.15,-10.8));
#1173 = LINE('',#1174,#1175);
#1174 = CARTESIAN_POINT('',(12.,69.15,-17.8));
#1175 = VECTOR('',#1176,1.);
#1176 = DIRECTION('',(0.,4.060244204343E-15,1.));
#1177 = ORIENTED_EDGE('',*,*,#1178,.T.);
#1178 = EDGE_CURVE('',#1171,#1179,#1181,.T.);
#1179 = VERTEX_POINT('',#1180);
#1180 = CARTESIAN_POINT('',(12.,69.95,-10.));
#1181 = CIRCLE('',#1182,0.8);
#1182 = AXIS2_PLACEMENT_3D('',#1183,#1184,#1185);
#1183 = CARTESIAN_POINT('',(12.,69.95,-10.8));
#1184 = DIRECTION('',(-1.,0.,0.));
#1185 = DIRECTION('',(0.,-1.,0.));
#1186 = ORIENTED_EDGE('',*,*,#1187,.T.);
#1187 = EDGE_CURVE('',#1179,#1188,#1190,.T.);
#1188 = VERTEX_POINT('',#1189);
#1189 = CARTESIAN_POINT('',(12.,70.05,-10.));
#1190 = LINE('',#1191,#1192);
#1191 = CARTESIAN_POINT('',(12.,69.95,-10.));
#1192 = VECTOR('',#1193,1.);
#1193 = DIRECTION('',(0.,1.,3.5527136788E-14));
#1194 = ORIENTED_EDGE('',*,*,#1195,.T.);
#1195 = EDGE_CURVE('',#1188,#1196,#1198,.T.);
#1196 = VERTEX_POINT('',#1197);
#1197 = CARTESIAN_POINT('',(12.,70.05,-16.));
#1198 = LINE('',#1199,#1200);
#1199 = CARTESIAN_POINT('',(12.,70.05,-10.));
#1200 = VECTOR('',#1201,1.);
#1201 = DIRECTION('',(0.,0.,-1.));
#1202 = ORIENTED_EDGE('',*,*,#1203,.T.);
#1203 = EDGE_CURVE('',#1196,#1204,#1206,.T.);
#1204 = VERTEX_POINT('',#1205);
#1205 = CARTESIAN_POINT('',(12.,72.65,-16.));
#1206 = LINE('',#1207,#1208);
#1207 = CARTESIAN_POINT('',(12.,70.05,-16.));
#1208 = VECTOR('',#1209,1.);
#1209 = DIRECTION('',(0.,1.,0.));
#1210 = ORIENTED_EDGE('',*,*,#1211,.T.);
#1211 = EDGE_CURVE('',#1204,#711,#1212,.T.);
#1212 = LINE('',#1213,#1214);
#1213 = CARTESIAN_POINT('',(12.,72.65,-16.));
#1214 = VECTOR('',#1215,1.);
#1215 = DIRECTION('',(0.,-3.552713678801E-15,1.));
#1216 = PLANE('',#1217);
#1217 = AXIS2_PLACEMENT_3D('',#1218,#1219,#1220);
#1218 = CARTESIAN_POINT('',(12.,32.500000000066,-8.749139856922));
#1219 = DIRECTION('',(1.,0.,0.));
#1220 = DIRECTION('',(0.,0.,1.));
#1221 = ADVANCED_FACE('',(#1222),#1385,.F.);
#1222 = FACE_BOUND('',#1223,.F.);
#1223 = EDGE_LOOP('',(#1224,#1225,#1233,#1250,#1369,#1377,#1384));
#1224 = ORIENTED_EDGE('',*,*,#659,.F.);
#1225 = ORIENTED_EDGE('',*,*,#1226,.F.);
#1226 = EDGE_CURVE('',#1227,#660,#1229,.T.);
#1227 = VERTEX_POINT('',#1228);
#1228 = CARTESIAN_POINT('',(34.,5.,6.602402735935));
#1229 = LINE('',#1230,#1231);
#1230 = CARTESIAN_POINT('',(34.,5.,8.));
#1231 = VECTOR('',#1232,1.);
#1232 = DIRECTION('',(0.,0.,1.));
#1233 = ORIENTED_EDGE('',*,*,#1234,.T.);
#1234 = EDGE_CURVE('',#1227,#1235,#1237,.T.);
#1235 = VERTEX_POINT('',#1236);
#1236 = CARTESIAN_POINT('',(31.82055052823,4.5,6.65));
#1237 = B_SPLINE_CURVE_WITH_KNOTS('',6,(#1238,#1239,#1240,#1241,#1242,
    #1243,#1244,#1245,#1246,#1247,#1248,#1249),.UNSPECIFIED.,.F.,.F.,(7,
    5,7),(0.,0.367945239977,1.),.UNSPECIFIED.);
#1238 = CARTESIAN_POINT('',(34.000382891623,4.999999985339,
    6.602402738751));
#1239 = CARTESIAN_POINT('',(33.863928466187,5.00001043479,6.602400731097
    ));
#1240 = CARTESIAN_POINT('',(33.727480022544,4.995552154948,
    6.603257280951));
#1241 = CARTESIAN_POINT('',(33.591143619106,4.986625793871,
    6.604972446644));
#1242 = CARTESIAN_POINT('',(33.455028977397,4.973225551494,
    6.607487538675));
#1243 = CARTESIAN_POINT('',(33.319249564541,4.955339889281,
    6.610685836596));
#1244 = CARTESIAN_POINT('',(32.951458724831,4.894494831442,
    6.620761980846));
#1245 = CARTESIAN_POINT('',(32.720373959372,4.842760109855,
    6.628631602353));
#1246 = CARTESIAN_POINT('',(32.491127887852,4.777650392712,
    6.637125407296));
#1247 = CARTESIAN_POINT('',(32.264256944222,4.698978550033,
    6.644864553633));
#1248 = CARTESIAN_POINT('',(32.040440373049,4.606497512475,6.65));
#1249 = CARTESIAN_POINT('',(31.82055052823,4.5,6.65));
#1250 = ORIENTED_EDGE('',*,*,#1251,.T.);
#1251 = EDGE_CURVE('',#1235,#1252,#1254,.T.);
#1252 = VERTEX_POINT('',#1253);
#1253 = CARTESIAN_POINT('',(34.,5.,1.397597264065));
#1254 = B_SPLINE_CURVE_WITH_KNOTS('',8,(#1255,#1256,#1257,#1258,#1259,
    #1260,#1261,#1262,#1263,#1264,#1265,#1266,#1267,#1268,#1269,#1270,
    #1271,#1272,#1273,#1274,#1275,#1276,#1277,#1278,#1279,#1280,#1281,
    #1282,#1283,#1284,#1285,#1286,#1287,#1288,#1289,#1290,#1291,#1292,
    #1293,#1294,#1295,#1296,#1297,#1298,#1299,#1300,#1301,#1302,#1303,
    #1304,#1305,#1306,#1307,#1308,#1309,#1310,#1311,#1312,#1313,#1314,
    #1315,#1316,#1317,#1318,#1319,#1320,#1321,#1322,#1323,#1324,#1325,
    #1326,#1327,#1328,#1329,#1330,#1331,#1332,#1333,#1334,#1335,#1336,
    #1337,#1338,#1339,#1340,#1341,#1342,#1343,#1344,#1345,#1346,#1347,
    #1348,#1349,#1350,#1351,#1352,#1353,#1354,#1355,#1356,#1357,#1358,
    #1359,#1360,#1361,#1362,#1363,#1364,#1365,#1366,#1367,#1368),
  .UNSPECIFIED.,.F.,.F.,(9,7,7,7,7,7,7,7,7,7,7,7,7,7,7,7,9),(0.,
    0.102569478249,0.137697462004,0.201434759068,0.255424986878,
    0.286173408988,0.322000548157,0.406502010669,0.490955134879,
    0.526982021742,0.558019456473,0.611192959526,0.657861395054,
    0.679323607806,0.719760991042,0.93112597558,1.),.UNSPECIFIED.);
#1255 = CARTESIAN_POINT('',(31.82055052823,4.5,6.65));
#1256 = CARTESIAN_POINT('',(31.677478713552,4.430707157572,6.65));
#1257 = CARTESIAN_POINT('',(31.535796547012,4.355669449421,
    6.647929171154));
#1258 = CARTESIAN_POINT('',(31.395864691025,4.27488380742,6.64318708312)
  );
#1259 = CARTESIAN_POINT('',(31.258059439923,4.18838597604,6.635092899621
    ));
#1260 = CARTESIAN_POINT('',(31.122775988721,4.096256785029,6.62288403523
    ));
#1261 = CARTESIAN_POINT('',(30.990429701552,3.998636156537,
    6.605709299533));
#1262 = CARTESIAN_POINT('',(30.861455379776,3.895744846692,
    6.582616528689));
#1263 = CARTESIAN_POINT('',(30.693442880255,3.750983998115,
    6.542232284435));
#1264 = CARTESIAN_POINT('',(30.651050732838,3.713492731723,
    6.531115196521));
#1265 = CARTESIAN_POINT('',(30.609165176233,3.675471657381,
    6.519146428559));
#1266 = CARTESIAN_POINT('',(30.567820907661,3.636953888876,6.50628940934
    ));
#1267 = CARTESIAN_POINT('',(30.527050232839,3.597974118836,
    6.492508008506));
#1268 = CARTESIAN_POINT('',(30.486883065978,3.558568618729,
    6.477766536545));
#1269 = CARTESIAN_POINT('',(30.447346929784,3.518775238864,
    6.462029744798));
#1270 = CARTESIAN_POINT('',(30.337921930987,3.405798833206,
    6.414840409902));
#1271 = CARTESIAN_POINT('',(30.269467313268,3.33174469315,6.380996705075
    ));
#1272 = CARTESIAN_POINT('',(30.203411543164,3.256856796829,6.34357707076
    ));
#1273 = CARTESIAN_POINT('',(30.139996762482,3.181534955373,
    6.302464301961));
#1274 = CARTESIAN_POINT('',(30.079405428299,3.106187641069,
    6.257583519802));
#1275 = CARTESIAN_POINT('',(30.021766927304,3.031226645993,
    6.208907062437));
#1276 = CARTESIAN_POINT('',(29.967164190127,2.957061740645,
    6.156459375953));
#1277 = CARTESIAN_POINT('',(29.8719957461,2.822287361806,6.052769295273)
  );
#1278 = CARTESIAN_POINT('',(29.830622585187,2.761427557918,
    6.002637077405));
#1279 = CARTESIAN_POINT('',(29.79153249154,2.701750830075,5.949983802648
    ));
#1280 = CARTESIAN_POINT('',(29.754718102594,2.643487450112,
    5.894897396432));
#1281 = CARTESIAN_POINT('',(29.720155243235,2.586858959767,
    5.837495811667));
#1282 = CARTESIAN_POINT('',(29.687805144412,2.532074077897,
    5.777927681776));
#1283 = CARTESIAN_POINT('',(29.657616661755,2.47932460771,5.716372973711
    ));
#1284 = CARTESIAN_POINT('',(29.613531769088,2.399996030968,5.61697642783
    ));
#1285 = CARTESIAN_POINT('',(29.598211038937,2.371916648636,
    5.580321609318));
#1286 = CARTESIAN_POINT('',(29.583549526843,2.344564655221,
    5.543103765356));
#1287 = CARTESIAN_POINT('',(29.569530608669,2.317960123421,
    5.505348878434));
#1288 = CARTESIAN_POINT('',(29.556137813031,2.292121740407,
    5.467084333625));
#1289 = CARTESIAN_POINT('',(29.543354821302,2.26706680782,5.428338918588
    ));
#1290 = CARTESIAN_POINT('',(29.531165467614,2.242811241776,5.38914282356
    ));
#1291 = CARTESIAN_POINT('',(29.506024100779,2.192056043357,
    5.303369219299));
#1292 = CARTESIAN_POINT('',(29.493278405661,2.165846688234,
    5.256640694116));
#1293 = CARTESIAN_POINT('',(29.481287345398,2.140755846694,5.20937771542
    ));
#1294 = CARTESIAN_POINT('',(29.470023132609,2.116796252688,
    5.161616423559));
#1295 = CARTESIAN_POINT('',(29.459459500633,2.093979034925,
    5.113393449625));
#1296 = CARTESIAN_POINT('',(29.449571703529,2.072313716866,
    5.064745915455));
#1297 = CARTESIAN_POINT('',(29.440336516073,2.051808216725,
    5.015711433632));
#1298 = CARTESIAN_POINT('',(29.411438276275,1.986855242153,4.84985318428
    ));
#1299 = CARTESIAN_POINT('',(29.394659143695,1.947740235217,
    4.731467035942));
#1300 = CARTESIAN_POINT('',(29.381082018315,1.91514436876,4.611527999638
    ));
#1301 = CARTESIAN_POINT('',(29.370462489012,1.889074839637,
    4.490376123852));
#1302 = CARTESIAN_POINT('',(29.362619700165,1.869530952509,
    4.368336673601));
#1303 = CARTESIAN_POINT('',(29.357433163067,1.856508061434,
    4.245723729089));
#1304 = CARTESIAN_POINT('',(29.354841229839,1.85,4.122843877795));
#1305 = CARTESIAN_POINT('',(29.354841229839,1.85,3.877226393941));
#1306 = CARTESIAN_POINT('',(29.357430198528,1.856500617881,
    3.754416942123));
#1307 = CARTESIAN_POINT('',(29.362610795594,1.869508593937,
    3.631873970501));
#1308 = CARTESIAN_POINT('',(29.370444527182,1.889030078845,
    3.509903500991));
#1309 = CARTESIAN_POINT('',(29.381051609444,1.915069717519,
    3.388819029062));
#1310 = CARTESIAN_POINT('',(29.394612489604,1.947628226191,
    3.268945208322));
#1311 = CARTESIAN_POINT('',(29.41137102452,1.986698462736,3.150621442101
    ));
#1312 = CARTESIAN_POINT('',(29.440285574414,2.051696097658,2.98454341552
    ));
#1313 = CARTESIAN_POINT('',(29.449569623194,2.072311447825,2.93523383132
    ));
#1314 = CARTESIAN_POINT('',(29.459513518186,2.094099622003,
    2.886315409932));
#1315 = CARTESIAN_POINT('',(29.470140869028,2.117052560405,
    2.837826423639));
#1316 = CARTESIAN_POINT('',(29.481476839913,2.141160562174,
    2.789804636504));
#1317 = CARTESIAN_POINT('',(29.49354814959,2.166412285381,2.742287304361
    ));
#1318 = CARTESIAN_POINT('',(29.506383071363,2.192794747028,
    2.695311174821));
#1319 = CARTESIAN_POINT('',(29.531752369498,2.243983553667,2.60893966803
    ));
#1320 = CARTESIAN_POINT('',(29.544082399237,2.268502792278,
    2.569394507139));
#1321 = CARTESIAN_POINT('',(29.557017980598,2.293835999999,
    2.530309590804));
#1322 = CARTESIAN_POINT('',(29.570575721254,2.319966696163,
    2.491716035559));
#1323 = CARTESIAN_POINT('',(29.584772378254,2.346876958316,
    2.453643488263));
#1324 = CARTESIAN_POINT('',(29.59962485803,2.374547422215,2.416120126106
    ));
#1325 = CARTESIAN_POINT('',(29.61515021639,2.402957281831,2.379172656604
    ));
#1326 = CARTESIAN_POINT('',(29.659146042739,2.481984838035,2.2805575707)
  );
#1327 = CARTESIAN_POINT('',(29.688966705426,2.534017577325,2.22001939945
    ));
#1328 = CARTESIAN_POINT('',(29.72088582279,2.588018521979,2.161413212978
    ));
#1329 = CARTESIAN_POINT('',(29.754951938176,2.643804027775,
    2.104910323394));
#1330 = CARTESIAN_POINT('',(29.791201905113,2.701174587834,
    2.050652550921));
#1331 = CARTESIAN_POINT('',(29.829658830346,2.759918628959,1.99875282902
    ));
#1332 = CARTESIAN_POINT('',(29.870330016875,2.819816307955,
    1.949295809517));
#1333 = CARTESIAN_POINT('',(29.950834627246,2.934028937377,
    1.861125729204));
#1334 = CARTESIAN_POINT('',(29.990130867413,2.988086482596,
    1.821872339218));
#1335 = CARTESIAN_POINT('',(30.031075524541,3.042653071542,
    1.784618720819));
#1336 = CARTESIAN_POINT('',(30.073636654255,3.097561269062,1.74938821001
    ));
#1337 = CARTESIAN_POINT('',(30.117767520407,3.152641169632,
    1.716187698389));
#1338 = CARTESIAN_POINT('',(30.163405644718,3.20772249005,1.685008275789
    ));
#1339 = CARTESIAN_POINT('',(30.210471856427,3.26263666214,1.65582587292)
  );
#1340 = CARTESIAN_POINT('',(30.281126722523,3.342320605719,
    1.616081951151));
#1341 = CARTESIAN_POINT('',(30.303670079319,3.367357008997,
    1.603973850981));
#1342 = CARTESIAN_POINT('',(30.326491995203,3.392314156651,
    1.592272937385));
#1343 = CARTESIAN_POINT('',(30.349585002774,3.417178779215,
    1.580973990621));
#1344 = CARTESIAN_POINT('',(30.372941584355,3.441938316383,
    1.570071237318));
#1345 = CARTESIAN_POINT('',(30.396554171991,3.466580917011,
    1.559558350477));
#1346 = CARTESIAN_POINT('',(30.420415147453,3.491095439115,
    1.549428449472));
#1347 = CARTESIAN_POINT('',(30.489927326228,3.56139877806,1.521295735687
    ));
#1348 = CARTESIAN_POINT('',(30.536176012024,3.606817741173,1.50425748636
    ));
#1349 = CARTESIAN_POINT('',(30.583225640696,3.651673917378,
    1.488503192546));
#1350 = CARTESIAN_POINT('',(30.631035510397,3.695915494259,
    1.473976391338));
#1351 = CARTESIAN_POINT('',(30.679561432673,3.739493365584,
    1.460620391134));
#1352 = CARTESIAN_POINT('',(30.72875568878,3.782361228076,1.448378346325
    ));
#1353 = CARTESIAN_POINT('',(30.778566985993,3.824475678185,
    1.437193331986));
#1354 = CARTESIAN_POINT('',(31.092240804897,4.081778001139,
    1.373772182794));
#1355 = CARTESIAN_POINT('',(31.369875105145,4.275231198424,
    1.348067005116));
#1356 = CARTESIAN_POINT('',(31.658208406757,4.444306190827,
    1.340511029605));
#1357 = CARTESIAN_POINT('',(31.954386551097,4.588994737473,
    1.344244299393));
#1358 = CARTESIAN_POINT('',(32.256428945996,4.709767918696,
    1.354051623587));
#1359 = CARTESIAN_POINT('',(32.562888153698,4.807123125029,
    1.365961628954));
#1360 = CARTESIAN_POINT('',(32.872466586201,4.881427716752,
    1.377074017043));
#1361 = CARTESIAN_POINT('',(33.285429309328,4.949744593822,
    1.388387578305));
#1362 = CARTESIAN_POINT('',(33.38716523477,4.964123086579,1.390895337547
    ));
#1363 = CARTESIAN_POINT('',(33.48910178374,4.976095808188,1.393068179575
    ));
#1364 = CARTESIAN_POINT('',(33.59119784655,4.985667583938,1.394856231711
    ));
#1365 = CARTESIAN_POINT('',(33.693413114799,4.992842091436,1.39622198036
    ));
#1366 = CARTESIAN_POINT('',(33.79570807205,4.997621785369,1.397140347464
    ));
#1367 = CARTESIAN_POINT('',(33.898043984499,5.000007822282,
    1.397598766961));
#1368 = CARTESIAN_POINT('',(34.000382891645,4.999999985339,
    1.397597261249));
#1369 = ORIENTED_EDGE('',*,*,#1370,.F.);
#1370 = EDGE_CURVE('',#1371,#1252,#1373,.T.);
#1371 = VERTEX_POINT('',#1372);
#1372 = CARTESIAN_POINT('',(34.,5.,0.));
#1373 = LINE('',#1374,#1375);
#1374 = CARTESIAN_POINT('',(34.,5.,8.));
#1375 = VECTOR('',#1376,1.);
#1376 = DIRECTION('',(0.,0.,1.));
#1377 = ORIENTED_EDGE('',*,*,#1378,.T.);
#1378 = EDGE_CURVE('',#1371,#40,#1379,.T.);
#1379 = CIRCLE('',#1380,5.);
#1380 = AXIS2_PLACEMENT_3D('',#1381,#1382,#1383);
#1381 = CARTESIAN_POINT('',(34.,0.,0.));
#1382 = DIRECTION('',(0.,0.,1.));
#1383 = DIRECTION('',(1.,0.,0.));
#1384 = ORIENTED_EDGE('',*,*,#39,.T.);
#1385 = CYLINDRICAL_SURFACE('',#1386,5.);
#1386 = AXIS2_PLACEMENT_3D('',#1387,#1388,#1389);
#1387 = CARTESIAN_POINT('',(34.,0.,8.));
#1388 = DIRECTION('',(0.,0.,1.));
#1389 = DIRECTION('',(1.,0.,0.));
#1390 = ADVANCED_FACE('',(#1391),#1436,.F.);
#1391 = FACE_BOUND('',#1392,.F.);
#1392 = EDGE_LOOP('',(#1393,#1404,#1410,#1411,#1412,#1413,#1421,#1430));
#1393 = ORIENTED_EDGE('',*,*,#1394,.F.);
#1394 = EDGE_CURVE('',#1395,#1397,#1399,.T.);
#1395 = VERTEX_POINT('',#1396);
#1396 = CARTESIAN_POINT('',(29.,65.,0.));
#1397 = VERTEX_POINT('',#1398);
#1398 = CARTESIAN_POINT('',(34.,60.,0.));
#1399 = CIRCLE('',#1400,5.);
#1400 = AXIS2_PLACEMENT_3D('',#1401,#1402,#1403);
#1401 = CARTESIAN_POINT('',(34.,65.,0.));
#1402 = DIRECTION('',(0.,0.,1.));
#1403 = DIRECTION('',(1.,0.,0.));
#1404 = ORIENTED_EDGE('',*,*,#1405,.T.);
#1405 = EDGE_CURVE('',#1395,#728,#1406,.T.);
#1406 = LINE('',#1407,#1408);
#1407 = CARTESIAN_POINT('',(34.,65.,0.));
#1408 = VECTOR('',#1409,1.);
#1409 = DIRECTION('',(-1.,0.,0.));
#1410 = ORIENTED_EDGE('',*,*,#735,.T.);
#1411 = ORIENTED_EDGE('',*,*,#47,.T.);
#1412 = ORIENTED_EDGE('',*,*,#1378,.F.);
#1413 = ORIENTED_EDGE('',*,*,#1414,.T.);
#1414 = EDGE_CURVE('',#1371,#1415,#1417,.T.);
#1415 = VERTEX_POINT('',#1416);
#1416 = CARTESIAN_POINT('',(34.,11.1,0.));
#1417 = LINE('',#1418,#1419);
#1418 = CARTESIAN_POINT('',(34.,0.,0.));
#1419 = VECTOR('',#1420,1.);
#1420 = DIRECTION('',(0.,1.,0.));
#1421 = ORIENTED_EDGE('',*,*,#1422,.T.);
#1422 = EDGE_CURVE('',#1415,#1423,#1425,.T.);
#1423 = VERTEX_POINT('',#1424);
#1424 = CARTESIAN_POINT('',(34.,53.9,0.));
#1425 = CIRCLE('',#1426,21.4);
#1426 = AXIS2_PLACEMENT_3D('',#1427,#1428,#1429);
#1427 = CARTESIAN_POINT('',(34.,32.5,0.));
#1428 = DIRECTION('',(0.,0.,-1.));
#1429 = DIRECTION('',(1.,0.,0.));
#1430 = ORIENTED_EDGE('',*,*,#1431,.T.);
#1431 = EDGE_CURVE('',#1423,#1397,#1432,.T.);
#1432 = LINE('',#1433,#1434);
#1433 = CARTESIAN_POINT('',(34.,0.,0.));
#1434 = VECTOR('',#1435,1.);
#1435 = DIRECTION('',(0.,1.,0.));
#1436 = PLANE('',#1437);
#1437 = AXIS2_PLACEMENT_3D('',#1438,#1439,#1440);
#1438 = CARTESIAN_POINT('',(17.,32.5,0.));
#1439 = DIRECTION('',(0.,0.,1.));
#1440 = DIRECTION('',(1.,0.,0.));
#1441 = ADVANCED_FACE('',(#1442),#1460,.F.);
#1442 = FACE_BOUND('',#1443,.F.);
#1443 = EDGE_LOOP('',(#1444,#1445,#1451,#1452,#1453,#1459));
#1444 = ORIENTED_EDGE('',*,*,#77,.F.);
#1445 = ORIENTED_EDGE('',*,*,#1446,.F.);
#1446 = EDGE_CURVE('',#719,#78,#1447,.T.);
#1447 = LINE('',#1448,#1449);
#1448 = CARTESIAN_POINT('',(12.,65.,2.005874647262));
#1449 = VECTOR('',#1450,1.);
#1450 = DIRECTION('',(-1.,0.,0.));
#1451 = ORIENTED_EDGE('',*,*,#727,.F.);
#1452 = ORIENTED_EDGE('',*,*,#1405,.F.);
#1453 = ORIENTED_EDGE('',*,*,#1454,.T.);
#1454 = EDGE_CURVE('',#1395,#650,#1455,.T.);
#1455 = LINE('',#1456,#1457);
#1456 = CARTESIAN_POINT('',(29.,65.,8.));
#1457 = VECTOR('',#1458,1.);
#1458 = DIRECTION('',(0.,0.,1.));
#1459 = ORIENTED_EDGE('',*,*,#649,.T.);
#1460 = PLANE('',#1461);
#1461 = AXIS2_PLACEMENT_3D('',#1462,#1463,#1464);
#1462 = CARTESIAN_POINT('',(34.,65.,0.));
#1463 = DIRECTION('',(0.,-1.,0.));
#1464 = DIRECTION('',(-1.,0.,0.));
#1465 = ADVANCED_FACE('',(#1466),#1477,.F.);
#1466 = FACE_BOUND('',#1467,.T.);
#1467 = EDGE_LOOP('',(#1468,#1469,#1475,#1476));
#1468 = ORIENTED_EDGE('',*,*,#718,.T.);
#1469 = ORIENTED_EDGE('',*,*,#1470,.T.);
#1470 = EDGE_CURVE('',#709,#88,#1471,.T.);
#1471 = LINE('',#1472,#1473);
#1472 = CARTESIAN_POINT('',(12.,66.386300243527,-1.449725744865));
#1473 = VECTOR('',#1474,1.);
#1474 = DIRECTION('',(-1.,0.,0.));
#1475 = ORIENTED_EDGE('',*,*,#87,.F.);
#1476 = ORIENTED_EDGE('',*,*,#1446,.F.);
#1477 = CYLINDRICAL_SURFACE('',#1478,5.);
#1478 = AXIS2_PLACEMENT_3D('',#1479,#1480,#1481);
#1479 = CARTESIAN_POINT('',(12.,70.,2.005874647262));
#1480 = DIRECTION('',(-1.,0.,0.));
#1481 = DIRECTION('',(0.,-1.,0.));
#1482 = ADVANCED_FACE('',(#1483),#1494,.T.);
#1483 = FACE_BOUND('',#1484,.T.);
#1484 = EDGE_LOOP('',(#1485,#1486,#1487,#1488));
#1485 = ORIENTED_EDGE('',*,*,#96,.F.);
#1486 = ORIENTED_EDGE('',*,*,#1470,.F.);
#1487 = ORIENTED_EDGE('',*,*,#708,.T.);
#1488 = ORIENTED_EDGE('',*,*,#1489,.F.);
#1489 = EDGE_CURVE('',#97,#711,#1490,.T.);
#1490 = LINE('',#1491,#1492);
#1491 = CARTESIAN_POINT('',(0.,72.65,-8.));
#1492 = VECTOR('',#1493,1.);
#1493 = DIRECTION('',(1.,0.,0.));
#1494 = PLANE('',#1495);
#1495 = AXIS2_PLACEMENT_3D('',#1496,#1497,#1498);
#1496 = CARTESIAN_POINT('',(0.,65.,0.));
#1497 = DIRECTION('',(0.,0.722739951295,0.691120078425));
#1498 = DIRECTION('',(0.,0.691120078425,-0.722739951295));
#1499 = ADVANCED_FACE('',(#1500),#1511,.F.);
#1500 = FACE_BOUND('',#1501,.F.);
#1501 = EDGE_LOOP('',(#1502,#1508,#1509,#1510));
#1502 = ORIENTED_EDGE('',*,*,#1503,.T.);
#1503 = EDGE_CURVE('',#105,#1204,#1504,.T.);
#1504 = LINE('',#1505,#1506);
#1505 = CARTESIAN_POINT('',(0.,72.65,-16.));
#1506 = VECTOR('',#1507,1.);
#1507 = DIRECTION('',(1.,0.,0.));
#1508 = ORIENTED_EDGE('',*,*,#1211,.T.);
#1509 = ORIENTED_EDGE('',*,*,#1489,.F.);
#1510 = ORIENTED_EDGE('',*,*,#104,.F.);
#1511 = PLANE('',#1512);
#1512 = AXIS2_PLACEMENT_3D('',#1513,#1514,#1515);
#1513 = CARTESIAN_POINT('',(0.,72.65,-16.));
#1514 = DIRECTION('',(-0.,-1.,-3.552713678801E-15));
#1515 = DIRECTION('',(0.,-3.552713678801E-15,1.));
#1516 = ADVANCED_FACE('',(#1517),#1528,.F.);
#1517 = FACE_BOUND('',#1518,.F.);
#1518 = EDGE_LOOP('',(#1519,#1525,#1526,#1527));
#1519 = ORIENTED_EDGE('',*,*,#1520,.T.);
#1520 = EDGE_CURVE('',#113,#1196,#1521,.T.);
#1521 = LINE('',#1522,#1523);
#1522 = CARTESIAN_POINT('',(0.,70.05,-16.));
#1523 = VECTOR('',#1524,1.);
#1524 = DIRECTION('',(1.,0.,0.));
#1525 = ORIENTED_EDGE('',*,*,#1203,.T.);
#1526 = ORIENTED_EDGE('',*,*,#1503,.F.);
#1527 = ORIENTED_EDGE('',*,*,#112,.F.);
#1528 = PLANE('',#1529);
#1529 = AXIS2_PLACEMENT_3D('',#1530,#1531,#1532);
#1530 = CARTESIAN_POINT('',(0.,70.05,-16.));
#1531 = DIRECTION('',(0.,0.,1.));
#1532 = DIRECTION('',(0.,1.,0.));
#1533 = ADVANCED_FACE('',(#1534),#1545,.F.);
#1534 = FACE_BOUND('',#1535,.F.);
#1535 = EDGE_LOOP('',(#1536,#1537,#1538,#1539));
#1536 = ORIENTED_EDGE('',*,*,#572,.F.);
#1537 = ORIENTED_EDGE('',*,*,#625,.T.);
#1538 = ORIENTED_EDGE('',*,*,#743,.T.);
#1539 = ORIENTED_EDGE('',*,*,#1540,.F.);
#1540 = EDGE_CURVE('',#565,#744,#1541,.T.);
#1541 = LINE('',#1542,#1543);
#1542 = CARTESIAN_POINT('',(0.,-7.65,-8.));
#1543 = VECTOR('',#1544,1.);
#1544 = DIRECTION('',(1.,0.,0.));
#1545 = PLANE('',#1546);
#1546 = AXIS2_PLACEMENT_3D('',#1547,#1548,#1549);
#1547 = CARTESIAN_POINT('',(0.,0.,0.));
#1548 = DIRECTION('',(0.,0.722739951295,-0.691120078425));
#1549 = DIRECTION('',(0.,-0.691120078425,-0.722739951295));
#1550 = ADVANCED_FACE('',(#1551),#1562,.F.);
#1551 = FACE_BOUND('',#1552,.F.);
#1552 = EDGE_LOOP('',(#1553,#1559,#1560,#1561));
#1553 = ORIENTED_EDGE('',*,*,#1554,.T.);
#1554 = EDGE_CURVE('',#121,#1188,#1555,.T.);
#1555 = LINE('',#1556,#1557);
#1556 = CARTESIAN_POINT('',(0.,70.05,-10.));
#1557 = VECTOR('',#1558,1.);
#1558 = DIRECTION('',(1.,0.,0.));
#1559 = ORIENTED_EDGE('',*,*,#1195,.T.);
#1560 = ORIENTED_EDGE('',*,*,#1520,.F.);
#1561 = ORIENTED_EDGE('',*,*,#120,.F.);
#1562 = PLANE('',#1563);
#1563 = AXIS2_PLACEMENT_3D('',#1564,#1565,#1566);
#1564 = CARTESIAN_POINT('',(0.,70.05,-10.));
#1565 = DIRECTION('',(0.,1.,0.));
#1566 = DIRECTION('',(0.,0.,-1.));
#1567 = ADVANCED_FACE('',(#1568),#1579,.T.);
#1568 = FACE_BOUND('',#1569,.T.);
#1569 = EDGE_LOOP('',(#1570,#1576,#1577,#1578));
#1570 = ORIENTED_EDGE('',*,*,#1571,.T.);
#1571 = EDGE_CURVE('',#557,#752,#1572,.T.);
#1572 = LINE('',#1573,#1574);
#1573 = CARTESIAN_POINT('',(0.,-7.65,-16.));
#1574 = VECTOR('',#1575,1.);
#1575 = DIRECTION('',(1.,0.,0.));
#1576 = ORIENTED_EDGE('',*,*,#751,.T.);
#1577 = ORIENTED_EDGE('',*,*,#1540,.F.);
#1578 = ORIENTED_EDGE('',*,*,#564,.F.);
#1579 = PLANE('',#1580);
#1580 = AXIS2_PLACEMENT_3D('',#1581,#1582,#1583);
#1581 = CARTESIAN_POINT('',(0.,-7.65,-16.));
#1582 = DIRECTION('',(0.,-1.,0.));
#1583 = DIRECTION('',(0.,0.,1.));
#1584 = ADVANCED_FACE('',(#1585),#1596,.F.);
#1585 = FACE_BOUND('',#1586,.F.);
#1586 = EDGE_LOOP('',(#1587,#1593,#1594,#1595));
#1587 = ORIENTED_EDGE('',*,*,#1588,.T.);
#1588 = EDGE_CURVE('',#129,#1179,#1589,.T.);
#1589 = LINE('',#1590,#1591);
#1590 = CARTESIAN_POINT('',(0.,69.95,-10.));
#1591 = VECTOR('',#1592,1.);
#1592 = DIRECTION('',(1.,0.,0.));
#1593 = ORIENTED_EDGE('',*,*,#1187,.T.);
#1594 = ORIENTED_EDGE('',*,*,#1554,.F.);
#1595 = ORIENTED_EDGE('',*,*,#128,.F.);
#1596 = PLANE('',#1597);
#1597 = AXIS2_PLACEMENT_3D('',#1598,#1599,#1600);
#1598 = CARTESIAN_POINT('',(0.,69.95,-10.));
#1599 = DIRECTION('',(0.,-3.5527136788E-14,1.));
#1600 = DIRECTION('',(0.,1.,3.5527136788E-14));
#1601 = ADVANCED_FACE('',(#1602),#1613,.T.);
#1602 = FACE_BOUND('',#1603,.T.);
#1603 = EDGE_LOOP('',(#1604,#1610,#1611,#1612));
#1604 = ORIENTED_EDGE('',*,*,#1605,.T.);
#1605 = EDGE_CURVE('',#549,#760,#1606,.T.);
#1606 = LINE('',#1607,#1608);
#1607 = CARTESIAN_POINT('',(0.,-5.05,-16.));
#1608 = VECTOR('',#1609,1.);
#1609 = DIRECTION('',(1.,0.,0.));
#1610 = ORIENTED_EDGE('',*,*,#759,.T.);
#1611 = ORIENTED_EDGE('',*,*,#1571,.F.);
#1612 = ORIENTED_EDGE('',*,*,#556,.F.);
#1613 = PLANE('',#1614);
#1614 = AXIS2_PLACEMENT_3D('',#1615,#1616,#1617);
#1615 = CARTESIAN_POINT('',(0.,-5.05,-16.));
#1616 = DIRECTION('',(-0.,-0.,-1.));
#1617 = DIRECTION('',(0.,-1.,0.));
#1618 = ADVANCED_FACE('',(#1619),#1630,.F.);
#1619 = FACE_BOUND('',#1620,.F.);
#1620 = EDGE_LOOP('',(#1621,#1627,#1628,#1629));
#1621 = ORIENTED_EDGE('',*,*,#1622,.T.);
#1622 = EDGE_CURVE('',#137,#1171,#1623,.T.);
#1623 = LINE('',#1624,#1625);
#1624 = CARTESIAN_POINT('',(0.,69.15,-10.8));
#1625 = VECTOR('',#1626,1.);
#1626 = DIRECTION('',(1.,0.,0.));
#1627 = ORIENTED_EDGE('',*,*,#1178,.T.);
#1628 = ORIENTED_EDGE('',*,*,#1588,.F.);
#1629 = ORIENTED_EDGE('',*,*,#136,.F.);
#1630 = CYLINDRICAL_SURFACE('',#1631,0.8);
#1631 = AXIS2_PLACEMENT_3D('',#1632,#1633,#1634);
#1632 = CARTESIAN_POINT('',(0.,69.95,-10.8));
#1633 = DIRECTION('',(-1.,0.,0.));
#1634 = DIRECTION('',(0.,-1.,0.));
#1635 = ADVANCED_FACE('',(#1636),#1647,.T.);
#1636 = FACE_BOUND('',#1637,.T.);
#1637 = EDGE_LOOP('',(#1638,#1644,#1645,#1646));
#1638 = ORIENTED_EDGE('',*,*,#1639,.T.);
#1639 = EDGE_CURVE('',#541,#768,#1640,.T.);
#1640 = LINE('',#1641,#1642);
#1641 = CARTESIAN_POINT('',(0.,-5.05,-10.));
#1642 = VECTOR('',#1643,1.);
#1643 = DIRECTION('',(1.,0.,0.));
#1644 = ORIENTED_EDGE('',*,*,#767,.T.);
#1645 = ORIENTED_EDGE('',*,*,#1605,.F.);
#1646 = ORIENTED_EDGE('',*,*,#548,.F.);
#1647 = PLANE('',#1648);
#1648 = AXIS2_PLACEMENT_3D('',#1649,#1650,#1651);
#1649 = CARTESIAN_POINT('',(0.,-5.05,-10.));
#1650 = DIRECTION('',(0.,1.,0.));
#1651 = DIRECTION('',(0.,0.,-1.));
#1652 = ADVANCED_FACE('',(#1653),#1664,.F.);
#1653 = FACE_BOUND('',#1654,.F.);
#1654 = EDGE_LOOP('',(#1655,#1661,#1662,#1663));
#1655 = ORIENTED_EDGE('',*,*,#1656,.T.);
#1656 = EDGE_CURVE('',#146,#1163,#1657,.T.);
#1657 = LINE('',#1658,#1659);
#1658 = CARTESIAN_POINT('',(0.,69.15,-17.8));
#1659 = VECTOR('',#1660,1.);
#1660 = DIRECTION('',(1.,0.,0.));
#1661 = ORIENTED_EDGE('',*,*,#1170,.T.);
#1662 = ORIENTED_EDGE('',*,*,#1622,.F.);
#1663 = ORIENTED_EDGE('',*,*,#145,.F.);
#1664 = PLANE('',#1665);
#1665 = AXIS2_PLACEMENT_3D('',#1666,#1667,#1668);
#1666 = CARTESIAN_POINT('',(0.,69.15,-17.8));
#1667 = DIRECTION('',(0.,-1.,4.060244204343E-15));
#1668 = DIRECTION('',(0.,4.060244204343E-15,1.));
#1669 = ADVANCED_FACE('',(#1670),#1681,.T.);
#1670 = FACE_BOUND('',#1671,.T.);
#1671 = EDGE_LOOP('',(#1672,#1678,#1679,#1680));
#1672 = ORIENTED_EDGE('',*,*,#1673,.T.);
#1673 = EDGE_CURVE('',#532,#776,#1674,.T.);
#1674 = LINE('',#1675,#1676);
#1675 = CARTESIAN_POINT('',(0.,-4.95,-10.));
#1676 = VECTOR('',#1677,1.);
#1677 = DIRECTION('',(1.,0.,0.));
#1678 = ORIENTED_EDGE('',*,*,#775,.T.);
#1679 = ORIENTED_EDGE('',*,*,#1639,.F.);
#1680 = ORIENTED_EDGE('',*,*,#540,.F.);
#1681 = PLANE('',#1682);
#1682 = AXIS2_PLACEMENT_3D('',#1683,#1684,#1685);
#1683 = CARTESIAN_POINT('',(0.,-4.95,-10.));
#1684 = DIRECTION('',(-0.,-0.,-1.));
#1685 = DIRECTION('',(0.,-1.,0.));
#1686 = ADVANCED_FACE('',(#1687),#1698,.F.);
#1687 = FACE_BOUND('',#1688,.F.);
#1688 = EDGE_LOOP('',(#1689,#1695,#1696,#1697));
#1689 = ORIENTED_EDGE('',*,*,#1690,.T.);
#1690 = EDGE_CURVE('',#154,#1155,#1691,.T.);
#1691 = LINE('',#1692,#1693);
#1692 = CARTESIAN_POINT('',(0.,70.15,-17.8));
#1693 = VECTOR('',#1694,1.);
#1694 = DIRECTION('',(1.,0.,0.));
#1695 = ORIENTED_EDGE('',*,*,#1162,.T.);
#1696 = ORIENTED_EDGE('',*,*,#1656,.F.);
#1697 = ORIENTED_EDGE('',*,*,#153,.F.);
#1698 = PLANE('',#1699);
#1699 = AXIS2_PLACEMENT_3D('',#1700,#1701,#1702);
#1700 = CARTESIAN_POINT('',(0.,70.15,-17.8));
#1701 = DIRECTION('',(-0.,-0.,-1.));
#1702 = DIRECTION('',(0.,-1.,0.));
#1703 = ADVANCED_FACE('',(#1704),#1715,.F.);
#1704 = FACE_BOUND('',#1705,.F.);
#1705 = EDGE_LOOP('',(#1706,#1707,#1708,#1714));
#1706 = ORIENTED_EDGE('',*,*,#1673,.T.);
#1707 = ORIENTED_EDGE('',*,*,#783,.T.);
#1708 = ORIENTED_EDGE('',*,*,#1709,.F.);
#1709 = EDGE_CURVE('',#524,#784,#1710,.T.);
#1710 = LINE('',#1711,#1712);
#1711 = CARTESIAN_POINT('',(0.,-4.15,-10.8));
#1712 = VECTOR('',#1713,1.);
#1713 = DIRECTION('',(1.,0.,0.));
#1714 = ORIENTED_EDGE('',*,*,#531,.F.);
#1715 = CYLINDRICAL_SURFACE('',#1716,0.8);
#1716 = AXIS2_PLACEMENT_3D('',#1717,#1718,#1719);
#1717 = CARTESIAN_POINT('',(0.,-4.95,-10.8));
#1718 = DIRECTION('',(-1.,0.,0.));
#1719 = DIRECTION('',(0.,-1.,0.));
#1720 = ADVANCED_FACE('',(#1721),#1732,.F.);
#1721 = FACE_BOUND('',#1722,.F.);
#1722 = EDGE_LOOP('',(#1723,#1729,#1730,#1731));
#1723 = ORIENTED_EDGE('',*,*,#1724,.T.);
#1724 = EDGE_CURVE('',#162,#1147,#1725,.T.);
#1725 = LINE('',#1726,#1727);
#1726 = CARTESIAN_POINT('',(0.,70.15,-18.1));
#1727 = VECTOR('',#1728,1.);
#1728 = DIRECTION('',(1.,0.,0.));
#1729 = ORIENTED_EDGE('',*,*,#1154,.T.);
#1730 = ORIENTED_EDGE('',*,*,#1690,.F.);
#1731 = ORIENTED_EDGE('',*,*,#161,.F.);
#1732 = PLANE('',#1733);
#1733 = AXIS2_PLACEMENT_3D('',#1734,#1735,#1736);
#1734 = CARTESIAN_POINT('',(0.,70.15,-18.1));
#1735 = DIRECTION('',(-0.,-1.,-2.368475785867E-13));
#1736 = DIRECTION('',(0.,-2.368475785867E-13,1.));
#1737 = ADVANCED_FACE('',(#1738),#1749,.T.);
#1738 = FACE_BOUND('',#1739,.T.);
#1739 = EDGE_LOOP('',(#1740,#1746,#1747,#1748));
#1740 = ORIENTED_EDGE('',*,*,#1741,.T.);
#1741 = EDGE_CURVE('',#516,#793,#1742,.T.);
#1742 = LINE('',#1743,#1744);
#1743 = CARTESIAN_POINT('',(0.,-4.15,-17.8));
#1744 = VECTOR('',#1745,1.);
#1745 = DIRECTION('',(1.,0.,0.));
#1746 = ORIENTED_EDGE('',*,*,#792,.T.);
#1747 = ORIENTED_EDGE('',*,*,#1709,.F.);
#1748 = ORIENTED_EDGE('',*,*,#523,.F.);
#1749 = PLANE('',#1750);
#1750 = AXIS2_PLACEMENT_3D('',#1751,#1752,#1753);
#1751 = CARTESIAN_POINT('',(0.,-4.15,-17.8));
#1752 = DIRECTION('',(-0.,-1.,-1.268826313857E-16));
#1753 = DIRECTION('',(0.,-1.268826313857E-16,1.));
#1754 = ADVANCED_FACE('',(#1755),#1766,.F.);
#1755 = FACE_BOUND('',#1756,.F.);
#1756 = EDGE_LOOP('',(#1757,#1763,#1764,#1765));
#1757 = ORIENTED_EDGE('',*,*,#1758,.T.);
#1758 = EDGE_CURVE('',#170,#1139,#1759,.T.);
#1759 = LINE('',#1760,#1761);
#1760 = CARTESIAN_POINT('',(0.,69.157145928698,-19.8196728048));
#1761 = VECTOR('',#1762,1.);
#1762 = DIRECTION('',(1.,0.,0.));
#1763 = ORIENTED_EDGE('',*,*,#1146,.T.);
#1764 = ORIENTED_EDGE('',*,*,#1724,.F.);
#1765 = ORIENTED_EDGE('',*,*,#169,.F.);
#1766 = PLANE('',#1767);
#1767 = AXIS2_PLACEMENT_3D('',#1768,#1769,#1770);
#1768 = CARTESIAN_POINT('',(0.,69.157145928698,-19.8196728048));
#1769 = DIRECTION('',(0.,-0.866025291584,0.500000194338));
#1770 = DIRECTION('',(0.,0.500000194338,0.866025291584));
#1771 = ADVANCED_FACE('',(#1772),#1783,.T.);
#1772 = FACE_BOUND('',#1773,.T.);
#1773 = EDGE_LOOP('',(#1774,#1780,#1781,#1782));
#1774 = ORIENTED_EDGE('',*,*,#1775,.T.);
#1775 = EDGE_CURVE('',#508,#801,#1776,.T.);
#1776 = LINE('',#1777,#1778);
#1777 = CARTESIAN_POINT('',(0.,-5.15,-17.8));
#1778 = VECTOR('',#1779,1.);
#1779 = DIRECTION('',(1.,0.,0.));
#1780 = ORIENTED_EDGE('',*,*,#800,.T.);
#1781 = ORIENTED_EDGE('',*,*,#1741,.F.);
#1782 = ORIENTED_EDGE('',*,*,#515,.F.);
#1783 = PLANE('',#1784);
#1784 = AXIS2_PLACEMENT_3D('',#1785,#1786,#1787);
#1785 = CARTESIAN_POINT('',(0.,-5.15,-17.8));
#1786 = DIRECTION('',(0.,0.,1.));
#1787 = DIRECTION('',(0.,1.,0.));
#1788 = ADVANCED_FACE('',(#1789),#1800,.F.);
#1789 = FACE_BOUND('',#1790,.F.);
#1790 = EDGE_LOOP('',(#1791,#1797,#1798,#1799));
#1791 = ORIENTED_EDGE('',*,*,#1792,.T.);
#1792 = EDGE_CURVE('',#178,#1131,#1793,.T.);
#1793 = LINE('',#1794,#1795);
#1794 = CARTESIAN_POINT('',(0.,68.557145928698,-19.8196728048));
#1795 = VECTOR('',#1796,1.);
#1796 = DIRECTION('',(1.,0.,0.));
#1797 = ORIENTED_EDGE('',*,*,#1138,.T.);
#1798 = ORIENTED_EDGE('',*,*,#1758,.F.);
#1799 = ORIENTED_EDGE('',*,*,#177,.F.);
#1800 = PLANE('',#1801);
#1801 = AXIS2_PLACEMENT_3D('',#1802,#1803,#1804);
#1802 = CARTESIAN_POINT('',(0.,68.557145928698,-19.8196728048));
#1803 = DIRECTION('',(0.,0.,1.));
#1804 = DIRECTION('',(0.,1.,0.));
#1805 = ADVANCED_FACE('',(#1806),#1817,.T.);
#1806 = FACE_BOUND('',#1807,.T.);
#1807 = EDGE_LOOP('',(#1808,#1814,#1815,#1816));
#1808 = ORIENTED_EDGE('',*,*,#1809,.T.);
#1809 = EDGE_CURVE('',#500,#809,#1810,.T.);
#1810 = LINE('',#1811,#1812);
#1811 = CARTESIAN_POINT('',(0.,-5.15,-18.1));
#1812 = VECTOR('',#1813,1.);
#1813 = DIRECTION('',(1.,0.,0.));
#1814 = ORIENTED_EDGE('',*,*,#808,.T.);
#1815 = ORIENTED_EDGE('',*,*,#1775,.F.);
#1816 = ORIENTED_EDGE('',*,*,#507,.F.);
#1817 = PLANE('',#1818);
#1818 = AXIS2_PLACEMENT_3D('',#1819,#1820,#1821);
#1819 = CARTESIAN_POINT('',(0.,-5.15,-18.1));
#1820 = DIRECTION('',(0.,-1.,2.960594732334E-15));
#1821 = DIRECTION('',(0.,2.960594732334E-15,1.));
#1822 = ADVANCED_FACE('',(#1823),#1834,.F.);
#1823 = FACE_BOUND('',#1824,.F.);
#1824 = EDGE_LOOP('',(#1825,#1831,#1832,#1833));
#1825 = ORIENTED_EDGE('',*,*,#1826,.T.);
#1826 = EDGE_CURVE('',#186,#1122,#1827,.T.);
#1827 = LINE('',#1828,#1829);
#1828 = CARTESIAN_POINT('',(0.,67.596049801769,-10.44898556725));
#1829 = VECTOR('',#1830,1.);
#1830 = DIRECTION('',(1.,0.,0.));
#1831 = ORIENTED_EDGE('',*,*,#1130,.T.);
#1832 = ORIENTED_EDGE('',*,*,#1792,.F.);
#1833 = ORIENTED_EDGE('',*,*,#185,.F.);
#1834 = PLANE('',#1835);
#1835 = AXIS2_PLACEMENT_3D('',#1836,#1837,#1838);
#1836 = CARTESIAN_POINT('',(0.,67.596049801769,-10.44898556725));
#1837 = DIRECTION('',(0.,0.994781438611,0.102028865499));
#1838 = DIRECTION('',(0.,0.102028865499,-0.994781438611));
#1839 = ADVANCED_FACE('',(#1840),#1851,.T.);
#1840 = FACE_BOUND('',#1841,.T.);
#1841 = EDGE_LOOP('',(#1842,#1848,#1849,#1850));
#1842 = ORIENTED_EDGE('',*,*,#1843,.T.);
#1843 = EDGE_CURVE('',#492,#817,#1844,.T.);
#1844 = LINE('',#1845,#1846);
#1845 = CARTESIAN_POINT('',(0.,-4.157145928681,-19.81967280464));
#1846 = VECTOR('',#1847,1.);
#1847 = DIRECTION('',(1.,0.,0.));
#1848 = ORIENTED_EDGE('',*,*,#816,.T.);
#1849 = ORIENTED_EDGE('',*,*,#1809,.F.);
#1850 = ORIENTED_EDGE('',*,*,#499,.F.);
#1851 = PLANE('',#1852);
#1852 = AXIS2_PLACEMENT_3D('',#1853,#1854,#1855);
#1853 = CARTESIAN_POINT('',(0.,-4.157145928681,-19.81967280464));
#1854 = DIRECTION('',(-0.,-0.86602529156,-0.500000194379));
#1855 = DIRECTION('',(0.,-0.500000194379,0.86602529156));
#1856 = ADVANCED_FACE('',(#1857),#1868,.F.);
#1857 = FACE_BOUND('',#1858,.F.);
#1858 = EDGE_LOOP('',(#1859,#1865,#1866,#1867));
#1859 = ORIENTED_EDGE('',*,*,#1860,.T.);
#1860 = EDGE_CURVE('',#194,#1114,#1861,.T.);
#1861 = LINE('',#1862,#1863);
#1862 = CARTESIAN_POINT('',(0.,67.098659082464,-10.));
#1863 = VECTOR('',#1864,1.);
#1864 = DIRECTION('',(1.,0.,0.));
#1865 = ORIENTED_EDGE('',*,*,#1121,.T.);
#1866 = ORIENTED_EDGE('',*,*,#1826,.F.);
#1867 = ORIENTED_EDGE('',*,*,#193,.F.);
#1868 = CYLINDRICAL_SURFACE('',#1869,0.5);
#1869 = AXIS2_PLACEMENT_3D('',#1870,#1871,#1872);
#1870 = CARTESIAN_POINT('',(0.,67.098659082464,-10.5));
#1871 = DIRECTION('',(-1.,0.,0.));
#1872 = DIRECTION('',(0.,-1.,0.));
#1873 = ADVANCED_FACE('',(#1874),#1885,.T.);
#1874 = FACE_BOUND('',#1875,.T.);
#1875 = EDGE_LOOP('',(#1876,#1882,#1883,#1884));
#1876 = ORIENTED_EDGE('',*,*,#1877,.T.);
#1877 = EDGE_CURVE('',#484,#825,#1878,.T.);
#1878 = LINE('',#1879,#1880);
#1879 = CARTESIAN_POINT('',(0.,-3.557145928681,-19.81967280464));
#1880 = VECTOR('',#1881,1.);
#1881 = DIRECTION('',(1.,0.,0.));
#1882 = ORIENTED_EDGE('',*,*,#824,.T.);
#1883 = ORIENTED_EDGE('',*,*,#1843,.F.);
#1884 = ORIENTED_EDGE('',*,*,#491,.F.);
#1885 = PLANE('',#1886);
#1886 = AXIS2_PLACEMENT_3D('',#1887,#1888,#1889);
#1887 = CARTESIAN_POINT('',(0.,-3.557145928681,-19.81967280464));
#1888 = DIRECTION('',(-0.,-0.,-1.));
#1889 = DIRECTION('',(0.,-1.,0.));
#1890 = ADVANCED_FACE('',(#1891),#1902,.F.);
#1891 = FACE_BOUND('',#1892,.F.);
#1892 = EDGE_LOOP('',(#1893,#1899,#1900,#1901));
#1893 = ORIENTED_EDGE('',*,*,#1894,.T.);
#1894 = EDGE_CURVE('',#203,#1105,#1895,.T.);
#1895 = LINE('',#1896,#1897);
#1896 = CARTESIAN_POINT('',(0.,66.201340917536,-10.));
#1897 = VECTOR('',#1898,1.);
#1898 = DIRECTION('',(1.,0.,0.));
#1899 = ORIENTED_EDGE('',*,*,#1113,.T.);
#1900 = ORIENTED_EDGE('',*,*,#1860,.F.);
#1901 = ORIENTED_EDGE('',*,*,#202,.F.);
#1902 = PLANE('',#1903);
#1903 = AXIS2_PLACEMENT_3D('',#1904,#1905,#1906);
#1904 = CARTESIAN_POINT('',(0.,66.201340917536,-10.));
#1905 = DIRECTION('',(0.,0.,1.));
#1906 = DIRECTION('',(0.,1.,0.));
#1907 = ADVANCED_FACE('',(#1908),#1919,.T.);
#1908 = FACE_BOUND('',#1909,.T.);
#1909 = EDGE_LOOP('',(#1910,#1916,#1917,#1918));
#1910 = ORIENTED_EDGE('',*,*,#1911,.T.);
#1911 = EDGE_CURVE('',#475,#833,#1912,.T.);
#1912 = LINE('',#1913,#1914);
#1913 = CARTESIAN_POINT('',(0.,-2.596049801769,-10.44898556725));
#1914 = VECTOR('',#1915,1.);
#1915 = DIRECTION('',(1.,0.,0.));
#1916 = ORIENTED_EDGE('',*,*,#832,.T.);
#1917 = ORIENTED_EDGE('',*,*,#1877,.F.);
#1918 = ORIENTED_EDGE('',*,*,#483,.F.);
#1919 = PLANE('',#1920);
#1920 = AXIS2_PLACEMENT_3D('',#1921,#1922,#1923);
#1921 = CARTESIAN_POINT('',(0.,-2.596049801769,-10.44898556725));
#1922 = DIRECTION('',(0.,0.994781438611,-0.102028865499));
#1923 = DIRECTION('',(0.,-0.102028865499,-0.994781438611));
#1924 = ADVANCED_FACE('',(#1925),#1936,.F.);
#1925 = FACE_BOUND('',#1926,.F.);
#1926 = EDGE_LOOP('',(#1927,#1933,#1934,#1935));
#1927 = ORIENTED_EDGE('',*,*,#1928,.T.);
#1928 = EDGE_CURVE('',#211,#1097,#1929,.T.);
#1929 = LINE('',#1930,#1931);
#1930 = CARTESIAN_POINT('',(0.,65.703950198231,-10.44898556725));
#1931 = VECTOR('',#1932,1.);
#1932 = DIRECTION('',(1.,0.,0.));
#1933 = ORIENTED_EDGE('',*,*,#1104,.T.);
#1934 = ORIENTED_EDGE('',*,*,#1894,.F.);
#1935 = ORIENTED_EDGE('',*,*,#210,.F.);
#1936 = CYLINDRICAL_SURFACE('',#1937,0.5);
#1937 = AXIS2_PLACEMENT_3D('',#1938,#1939,#1940);
#1938 = CARTESIAN_POINT('',(0.,66.201340917536,-10.5));
#1939 = DIRECTION('',(-1.,0.,0.));
#1940 = DIRECTION('',(0.,-1.,0.));
#1941 = ADVANCED_FACE('',(#1942),#1953,.F.);
#1942 = FACE_BOUND('',#1943,.F.);
#1943 = EDGE_LOOP('',(#1944,#1945,#1946,#1952));
#1944 = ORIENTED_EDGE('',*,*,#1911,.T.);
#1945 = ORIENTED_EDGE('',*,*,#840,.T.);
#1946 = ORIENTED_EDGE('',*,*,#1947,.F.);
#1947 = EDGE_CURVE('',#467,#841,#1948,.T.);
#1948 = LINE('',#1949,#1950);
#1949 = CARTESIAN_POINT('',(0.,-2.098659082464,-10.));
#1950 = VECTOR('',#1951,1.);
#1951 = DIRECTION('',(1.,0.,0.));
#1952 = ORIENTED_EDGE('',*,*,#474,.F.);
#1953 = CYLINDRICAL_SURFACE('',#1954,0.5);
#1954 = AXIS2_PLACEMENT_3D('',#1955,#1956,#1957);
#1955 = CARTESIAN_POINT('',(0.,-2.098659082464,-10.5));
#1956 = DIRECTION('',(-1.,0.,0.));
#1957 = DIRECTION('',(0.,-1.,0.));
#1958 = ADVANCED_FACE('',(#1959),#1970,.F.);
#1959 = FACE_BOUND('',#1960,.F.);
#1960 = EDGE_LOOP('',(#1961,#1967,#1968,#1969));
#1961 = ORIENTED_EDGE('',*,*,#1962,.T.);
#1962 = EDGE_CURVE('',#220,#1089,#1963,.T.);
#1963 = LINE('',#1964,#1965);
#1964 = CARTESIAN_POINT('',(0.,64.742854071302,-19.8196728048));
#1965 = VECTOR('',#1966,1.);
#1966 = DIRECTION('',(1.,0.,0.));
#1967 = ORIENTED_EDGE('',*,*,#1096,.T.);
#1968 = ORIENTED_EDGE('',*,*,#1928,.F.);
#1969 = ORIENTED_EDGE('',*,*,#219,.F.);
#1970 = PLANE('',#1971);
#1971 = AXIS2_PLACEMENT_3D('',#1972,#1973,#1974);
#1972 = CARTESIAN_POINT('',(0.,64.742854071302,-19.8196728048));
#1973 = DIRECTION('',(0.,-0.994781438611,0.102028865499));
#1974 = DIRECTION('',(0.,0.102028865499,0.994781438611));
#1975 = ADVANCED_FACE('',(#1976),#1987,.T.);
#1976 = FACE_BOUND('',#1977,.T.);
#1977 = EDGE_LOOP('',(#1978,#1984,#1985,#1986));
#1978 = ORIENTED_EDGE('',*,*,#1979,.T.);
#1979 = EDGE_CURVE('',#458,#850,#1980,.T.);
#1980 = LINE('',#1981,#1982);
#1981 = CARTESIAN_POINT('',(0.,-1.201340917536,-10.));
#1982 = VECTOR('',#1983,1.);
#1983 = DIRECTION('',(1.,0.,0.));
#1984 = ORIENTED_EDGE('',*,*,#849,.T.);
#1985 = ORIENTED_EDGE('',*,*,#1947,.F.);
#1986 = ORIENTED_EDGE('',*,*,#466,.F.);
#1987 = PLANE('',#1988);
#1988 = AXIS2_PLACEMENT_3D('',#1989,#1990,#1991);
#1989 = CARTESIAN_POINT('',(0.,-1.201340917536,-10.));
#1990 = DIRECTION('',(-0.,-0.,-1.));
#1991 = DIRECTION('',(0.,-1.,0.));
#1992 = ADVANCED_FACE('',(#1993),#2004,.F.);
#1993 = FACE_BOUND('',#1994,.F.);
#1994 = EDGE_LOOP('',(#1995,#2001,#2002,#2003));
#1995 = ORIENTED_EDGE('',*,*,#1996,.T.);
#1996 = EDGE_CURVE('',#228,#1081,#1997,.T.);
#1997 = LINE('',#1998,#1999);
#1998 = CARTESIAN_POINT('',(0.,64.142854071302,-19.8196728048));
#1999 = VECTOR('',#2000,1.);
#2000 = DIRECTION('',(1.,0.,0.));
#2001 = ORIENTED_EDGE('',*,*,#1088,.T.);
#2002 = ORIENTED_EDGE('',*,*,#1962,.F.);
#2003 = ORIENTED_EDGE('',*,*,#227,.F.);
#2004 = PLANE('',#2005);
#2005 = AXIS2_PLACEMENT_3D('',#2006,#2007,#2008);
#2006 = CARTESIAN_POINT('',(0.,64.142854071302,-19.8196728048));
#2007 = DIRECTION('',(0.,0.,1.));
#2008 = DIRECTION('',(0.,1.,0.));
#2009 = ADVANCED_FACE('',(#2010),#2021,.F.);
#2010 = FACE_BOUND('',#2011,.F.);
#2011 = EDGE_LOOP('',(#2012,#2013,#2014,#2020));
#2012 = ORIENTED_EDGE('',*,*,#1979,.T.);
#2013 = ORIENTED_EDGE('',*,*,#857,.T.);
#2014 = ORIENTED_EDGE('',*,*,#2015,.F.);
#2015 = EDGE_CURVE('',#450,#858,#2016,.T.);
#2016 = LINE('',#2017,#2018);
#2017 = CARTESIAN_POINT('',(0.,-0.703950198231,-10.44898556725));
#2018 = VECTOR('',#2019,1.);
#2019 = DIRECTION('',(1.,0.,0.));
#2020 = ORIENTED_EDGE('',*,*,#457,.F.);
#2021 = CYLINDRICAL_SURFACE('',#2022,0.5);
#2022 = AXIS2_PLACEMENT_3D('',#2023,#2024,#2025);
#2023 = CARTESIAN_POINT('',(0.,-1.201340917536,-10.5));
#2024 = DIRECTION('',(-1.,0.,0.));
#2025 = DIRECTION('',(0.,-1.,0.));
#2026 = ADVANCED_FACE('',(#2027),#2038,.F.);
#2027 = FACE_BOUND('',#2028,.F.);
#2028 = EDGE_LOOP('',(#2029,#2035,#2036,#2037));
#2029 = ORIENTED_EDGE('',*,*,#2030,.T.);
#2030 = EDGE_CURVE('',#236,#1073,#2031,.T.);
#2031 = LINE('',#2032,#2033);
#2032 = CARTESIAN_POINT('',(0.,63.15,-18.1));
#2033 = VECTOR('',#2034,1.);
#2034 = DIRECTION('',(1.,0.,0.));
#2035 = ORIENTED_EDGE('',*,*,#1080,.T.);
#2036 = ORIENTED_EDGE('',*,*,#1996,.F.);
#2037 = ORIENTED_EDGE('',*,*,#235,.F.);
#2038 = PLANE('',#2039);
#2039 = AXIS2_PLACEMENT_3D('',#2040,#2041,#2042);
#2040 = CARTESIAN_POINT('',(0.,63.15,-18.1));
#2041 = DIRECTION('',(0.,0.866025291584,0.500000194338));
#2042 = DIRECTION('',(0.,0.500000194338,-0.866025291584));
#2043 = ADVANCED_FACE('',(#2044),#2055,.T.);
#2044 = FACE_BOUND('',#2045,.T.);
#2045 = EDGE_LOOP('',(#2046,#2052,#2053,#2054));
#2046 = ORIENTED_EDGE('',*,*,#2047,.T.);
#2047 = EDGE_CURVE('',#442,#867,#2048,.T.);
#2048 = LINE('',#2049,#2050);
#2049 = CARTESIAN_POINT('',(0.,0.257145928681,-19.81967280464));
#2050 = VECTOR('',#2051,1.);
#2051 = DIRECTION('',(1.,0.,0.));
#2052 = ORIENTED_EDGE('',*,*,#866,.T.);
#2053 = ORIENTED_EDGE('',*,*,#2015,.F.);
#2054 = ORIENTED_EDGE('',*,*,#449,.F.);
#2055 = PLANE('',#2056);
#2056 = AXIS2_PLACEMENT_3D('',#2057,#2058,#2059);
#2057 = CARTESIAN_POINT('',(0.,0.257145928681,-19.81967280464));
#2058 = DIRECTION('',(-0.,-0.994781438611,-0.102028865499));
#2059 = DIRECTION('',(0.,-0.102028865499,0.994781438611));
#2060 = ADVANCED_FACE('',(#2061),#2072,.F.);
#2061 = FACE_BOUND('',#2062,.F.);
#2062 = EDGE_LOOP('',(#2063,#2069,#2070,#2071));
#2063 = ORIENTED_EDGE('',*,*,#2064,.T.);
#2064 = EDGE_CURVE('',#244,#1065,#2065,.T.);
#2065 = LINE('',#2066,#2067);
#2066 = CARTESIAN_POINT('',(0.,63.15,-17.8));
#2067 = VECTOR('',#2068,1.);
#2068 = DIRECTION('',(1.,0.,0.));
#2069 = ORIENTED_EDGE('',*,*,#1072,.T.);
#2070 = ORIENTED_EDGE('',*,*,#2030,.F.);
#2071 = ORIENTED_EDGE('',*,*,#243,.F.);
#2072 = PLANE('',#2073);
#2073 = AXIS2_PLACEMENT_3D('',#2074,#2075,#2076);
#2074 = CARTESIAN_POINT('',(0.,63.15,-17.8));
#2075 = DIRECTION('',(0.,1.,0.));
#2076 = DIRECTION('',(0.,0.,-1.));
#2077 = ADVANCED_FACE('',(#2078),#2089,.T.);
#2078 = FACE_BOUND('',#2079,.T.);
#2079 = EDGE_LOOP('',(#2080,#2086,#2087,#2088));
#2080 = ORIENTED_EDGE('',*,*,#2081,.T.);
#2081 = EDGE_CURVE('',#434,#875,#2082,.T.);
#2082 = LINE('',#2083,#2084);
#2083 = CARTESIAN_POINT('',(0.,0.857145928681,-19.81967280464));
#2084 = VECTOR('',#2085,1.);
#2085 = DIRECTION('',(1.,0.,0.));
#2086 = ORIENTED_EDGE('',*,*,#874,.T.);
#2087 = ORIENTED_EDGE('',*,*,#2047,.F.);
#2088 = ORIENTED_EDGE('',*,*,#441,.F.);
#2089 = PLANE('',#2090);
#2090 = AXIS2_PLACEMENT_3D('',#2091,#2092,#2093);
#2091 = CARTESIAN_POINT('',(0.,0.857145928681,-19.81967280464));
#2092 = DIRECTION('',(-0.,-0.,-1.));
#2093 = DIRECTION('',(0.,-1.,0.));
#2094 = ADVANCED_FACE('',(#2095),#2106,.F.);
#2095 = FACE_BOUND('',#2096,.F.);
#2096 = EDGE_LOOP('',(#2097,#2103,#2104,#2105));
#2097 = ORIENTED_EDGE('',*,*,#2098,.T.);
#2098 = EDGE_CURVE('',#252,#1057,#2099,.T.);
#2099 = LINE('',#2100,#2101);
#2100 = CARTESIAN_POINT('',(0.,64.15,-17.8));
#2101 = VECTOR('',#2102,1.);
#2102 = DIRECTION('',(1.,0.,0.));
#2103 = ORIENTED_EDGE('',*,*,#1064,.T.);
#2104 = ORIENTED_EDGE('',*,*,#2064,.F.);
#2105 = ORIENTED_EDGE('',*,*,#251,.F.);
#2106 = PLANE('',#2107);
#2107 = AXIS2_PLACEMENT_3D('',#2108,#2109,#2110);
#2108 = CARTESIAN_POINT('',(0.,64.15,-17.8));
#2109 = DIRECTION('',(-0.,-0.,-1.));
#2110 = DIRECTION('',(0.,-1.,0.));
#2111 = ADVANCED_FACE('',(#2112),#2123,.T.);
#2112 = FACE_BOUND('',#2113,.T.);
#2113 = EDGE_LOOP('',(#2114,#2120,#2121,#2122));
#2114 = ORIENTED_EDGE('',*,*,#2115,.T.);
#2115 = EDGE_CURVE('',#426,#883,#2116,.T.);
#2116 = LINE('',#2117,#2118);
#2117 = CARTESIAN_POINT('',(0.,1.85,-18.1));
#2118 = VECTOR('',#2119,1.);
#2119 = DIRECTION('',(1.,0.,0.));
#2120 = ORIENTED_EDGE('',*,*,#882,.T.);
#2121 = ORIENTED_EDGE('',*,*,#2081,.F.);
#2122 = ORIENTED_EDGE('',*,*,#433,.F.);
#2123 = PLANE('',#2124);
#2124 = AXIS2_PLACEMENT_3D('',#2125,#2126,#2127);
#2125 = CARTESIAN_POINT('',(0.,1.85,-18.1));
#2126 = DIRECTION('',(0.,0.86602529156,-0.500000194379));
#2127 = DIRECTION('',(0.,-0.500000194379,-0.86602529156));
#2128 = ADVANCED_FACE('',(#2129),#2140,.F.);
#2129 = FACE_BOUND('',#2130,.F.);
#2130 = EDGE_LOOP('',(#2131,#2137,#2138,#2139));
#2131 = ORIENTED_EDGE('',*,*,#2132,.T.);
#2132 = EDGE_CURVE('',#260,#1048,#2133,.T.);
#2133 = LINE('',#2134,#2135);
#2134 = CARTESIAN_POINT('',(0.,64.15,-10.8));
#2135 = VECTOR('',#2136,1.);
#2136 = DIRECTION('',(1.,0.,0.));
#2137 = ORIENTED_EDGE('',*,*,#1056,.T.);
#2138 = ORIENTED_EDGE('',*,*,#2098,.F.);
#2139 = ORIENTED_EDGE('',*,*,#259,.F.);
#2140 = PLANE('',#2141);
#2141 = AXIS2_PLACEMENT_3D('',#2142,#2143,#2144);
#2142 = CARTESIAN_POINT('',(0.,64.15,-10.8));
#2143 = DIRECTION('',(0.,1.,0.));
#2144 = DIRECTION('',(0.,0.,-1.));
#2145 = ADVANCED_FACE('',(#2146),#2157,.T.);
#2146 = FACE_BOUND('',#2147,.T.);
#2147 = EDGE_LOOP('',(#2148,#2154,#2155,#2156));
#2148 = ORIENTED_EDGE('',*,*,#2149,.T.);
#2149 = EDGE_CURVE('',#418,#891,#2150,.T.);
#2150 = LINE('',#2151,#2152);
#2151 = CARTESIAN_POINT('',(0.,1.85,-17.8));
#2152 = VECTOR('',#2153,1.);
#2153 = DIRECTION('',(1.,0.,0.));
#2154 = ORIENTED_EDGE('',*,*,#890,.T.);
#2155 = ORIENTED_EDGE('',*,*,#2115,.F.);
#2156 = ORIENTED_EDGE('',*,*,#425,.F.);
#2157 = PLANE('',#2158);
#2158 = AXIS2_PLACEMENT_3D('',#2159,#2160,#2161);
#2159 = CARTESIAN_POINT('',(0.,1.85,-17.8));
#2160 = DIRECTION('',(0.,1.,0.));
#2161 = DIRECTION('',(0.,0.,-1.));
#2162 = ADVANCED_FACE('',(#2163),#2174,.F.);
#2163 = FACE_BOUND('',#2164,.F.);
#2164 = EDGE_LOOP('',(#2165,#2171,#2172,#2173));
#2165 = ORIENTED_EDGE('',*,*,#2166,.T.);
#2166 = EDGE_CURVE('',#268,#1040,#2167,.T.);
#2167 = LINE('',#2168,#2169);
#2168 = CARTESIAN_POINT('',(0.,63.35,-10.));
#2169 = VECTOR('',#2170,1.);
#2170 = DIRECTION('',(1.,0.,0.));
#2171 = ORIENTED_EDGE('',*,*,#1047,.T.);
#2172 = ORIENTED_EDGE('',*,*,#2132,.F.);
#2173 = ORIENTED_EDGE('',*,*,#267,.F.);
#2174 = CYLINDRICAL_SURFACE('',#2175,0.8);
#2175 = AXIS2_PLACEMENT_3D('',#2176,#2177,#2178);
#2176 = CARTESIAN_POINT('',(0.,63.35,-10.8));
#2177 = DIRECTION('',(-1.,0.,0.));
#2178 = DIRECTION('',(0.,-1.,0.));
#2179 = ADVANCED_FACE('',(#2180),#2191,.T.);
#2180 = FACE_BOUND('',#2181,.T.);
#2181 = EDGE_LOOP('',(#2182,#2188,#2189,#2190));
#2182 = ORIENTED_EDGE('',*,*,#2183,.T.);
#2183 = EDGE_CURVE('',#410,#899,#2184,.T.);
#2184 = LINE('',#2185,#2186);
#2185 = CARTESIAN_POINT('',(0.,0.85,-17.8));
#2186 = VECTOR('',#2187,1.);
#2187 = DIRECTION('',(1.,0.,0.));
#2188 = ORIENTED_EDGE('',*,*,#898,.T.);
#2189 = ORIENTED_EDGE('',*,*,#2149,.F.);
#2190 = ORIENTED_EDGE('',*,*,#417,.F.);
#2191 = PLANE('',#2192);
#2192 = AXIS2_PLACEMENT_3D('',#2193,#2194,#2195);
#2193 = CARTESIAN_POINT('',(0.,0.85,-17.8));
#2194 = DIRECTION('',(0.,0.,1.));
#2195 = DIRECTION('',(0.,1.,0.));
#2196 = ADVANCED_FACE('',(#2197),#2208,.F.);
#2197 = FACE_BOUND('',#2198,.F.);
#2198 = EDGE_LOOP('',(#2199,#2205,#2206,#2207));
#2199 = ORIENTED_EDGE('',*,*,#2200,.T.);
#2200 = EDGE_CURVE('',#277,#1032,#2201,.T.);
#2201 = LINE('',#2202,#2203);
#2202 = CARTESIAN_POINT('',(0.,63.25,-10.));
#2203 = VECTOR('',#2204,1.);
#2204 = DIRECTION('',(1.,0.,0.));
#2205 = ORIENTED_EDGE('',*,*,#1039,.T.);
#2206 = ORIENTED_EDGE('',*,*,#2166,.F.);
#2207 = ORIENTED_EDGE('',*,*,#276,.F.);
#2208 = PLANE('',#2209);
#2209 = AXIS2_PLACEMENT_3D('',#2210,#2211,#2212);
#2210 = CARTESIAN_POINT('',(0.,63.25,-10.));
#2211 = DIRECTION('',(0.,0.,1.));
#2212 = DIRECTION('',(0.,1.,0.));
#2213 = ADVANCED_FACE('',(#2214),#2225,.T.);
#2214 = FACE_BOUND('',#2215,.T.);
#2215 = EDGE_LOOP('',(#2216,#2222,#2223,#2224));
#2216 = ORIENTED_EDGE('',*,*,#2217,.T.);
#2217 = EDGE_CURVE('',#401,#907,#2218,.T.);
#2218 = LINE('',#2219,#2220);
#2219 = CARTESIAN_POINT('',(0.,0.85,-10.8));
#2220 = VECTOR('',#2221,1.);
#2221 = DIRECTION('',(1.,0.,0.));
#2222 = ORIENTED_EDGE('',*,*,#906,.T.);
#2223 = ORIENTED_EDGE('',*,*,#2183,.F.);
#2224 = ORIENTED_EDGE('',*,*,#409,.F.);
#2225 = PLANE('',#2226);
#2226 = AXIS2_PLACEMENT_3D('',#2227,#2228,#2229);
#2227 = CARTESIAN_POINT('',(0.,0.85,-10.8));
#2228 = DIRECTION('',(0.,1.,0.));
#2229 = DIRECTION('',(0.,0.,-1.));
#2230 = ADVANCED_FACE('',(#2231),#2242,.F.);
#2231 = FACE_BOUND('',#2232,.F.);
#2232 = EDGE_LOOP('',(#2233,#2239,#2240,#2241));
#2233 = ORIENTED_EDGE('',*,*,#2234,.T.);
#2234 = EDGE_CURVE('',#285,#1024,#2235,.T.);
#2235 = LINE('',#2236,#2237);
#2236 = CARTESIAN_POINT('',(0.,63.25,-16.));
#2237 = VECTOR('',#2238,1.);
#2238 = DIRECTION('',(1.,0.,0.));
#2239 = ORIENTED_EDGE('',*,*,#1031,.T.);
#2240 = ORIENTED_EDGE('',*,*,#2200,.F.);
#2241 = ORIENTED_EDGE('',*,*,#284,.F.);
#2242 = PLANE('',#2243);
#2243 = AXIS2_PLACEMENT_3D('',#2244,#2245,#2246);
#2244 = CARTESIAN_POINT('',(0.,63.25,-16.));
#2245 = DIRECTION('',(0.,-1.,0.));
#2246 = DIRECTION('',(0.,0.,1.));
#2247 = ADVANCED_FACE('',(#2248),#2259,.F.);
#2248 = FACE_BOUND('',#2249,.F.);
#2249 = EDGE_LOOP('',(#2250,#2251,#2252,#2258));
#2250 = ORIENTED_EDGE('',*,*,#2217,.T.);
#2251 = ORIENTED_EDGE('',*,*,#914,.T.);
#2252 = ORIENTED_EDGE('',*,*,#2253,.F.);
#2253 = EDGE_CURVE('',#393,#915,#2254,.T.);
#2254 = LINE('',#2255,#2256);
#2255 = CARTESIAN_POINT('',(0.,1.65,-10.));
#2256 = VECTOR('',#2257,1.);
#2257 = DIRECTION('',(1.,0.,0.));
#2258 = ORIENTED_EDGE('',*,*,#400,.F.);
#2259 = CYLINDRICAL_SURFACE('',#2260,0.8);
#2260 = AXIS2_PLACEMENT_3D('',#2261,#2262,#2263);
#2261 = CARTESIAN_POINT('',(0.,1.65,-10.8));
#2262 = DIRECTION('',(-1.,0.,0.));
#2263 = DIRECTION('',(0.,-1.,0.));
#2264 = ADVANCED_FACE('',(#2265),#2276,.F.);
#2265 = FACE_BOUND('',#2266,.F.);
#2266 = EDGE_LOOP('',(#2267,#2273,#2274,#2275));
#2267 = ORIENTED_EDGE('',*,*,#2268,.T.);
#2268 = EDGE_CURVE('',#293,#1016,#2269,.T.);
#2269 = LINE('',#2270,#2271);
#2270 = CARTESIAN_POINT('',(0.,60.65,-16.));
#2271 = VECTOR('',#2272,1.);
#2272 = DIRECTION('',(1.,0.,0.));
#2273 = ORIENTED_EDGE('',*,*,#1023,.T.);
#2274 = ORIENTED_EDGE('',*,*,#2234,.F.);
#2275 = ORIENTED_EDGE('',*,*,#292,.F.);
#2276 = PLANE('',#2277);
#2277 = AXIS2_PLACEMENT_3D('',#2278,#2279,#2280);
#2278 = CARTESIAN_POINT('',(0.,60.65,-16.));
#2279 = DIRECTION('',(0.,0.,1.));
#2280 = DIRECTION('',(0.,1.,0.));
#2281 = ADVANCED_FACE('',(#2282),#2293,.T.);
#2282 = FACE_BOUND('',#2283,.T.);
#2283 = EDGE_LOOP('',(#2284,#2290,#2291,#2292));
#2284 = ORIENTED_EDGE('',*,*,#2285,.T.);
#2285 = EDGE_CURVE('',#385,#924,#2286,.T.);
#2286 = LINE('',#2287,#2288);
#2287 = CARTESIAN_POINT('',(0.,1.75,-10.));
#2288 = VECTOR('',#2289,1.);
#2289 = DIRECTION('',(1.,0.,0.));
#2290 = ORIENTED_EDGE('',*,*,#923,.T.);
#2291 = ORIENTED_EDGE('',*,*,#2253,.F.);
#2292 = ORIENTED_EDGE('',*,*,#392,.F.);
#2293 = PLANE('',#2294);
#2294 = AXIS2_PLACEMENT_3D('',#2295,#2296,#2297);
#2295 = CARTESIAN_POINT('',(0.,1.75,-10.));
#2296 = DIRECTION('',(-0.,-0.,-1.));
#2297 = DIRECTION('',(0.,-1.,0.));
#2298 = ADVANCED_FACE('',(#2299),#2310,.F.);
#2299 = FACE_BOUND('',#2300,.F.);
#2300 = EDGE_LOOP('',(#2301,#2302,#2308,#2309));
#2301 = ORIENTED_EDGE('',*,*,#300,.F.);
#2302 = ORIENTED_EDGE('',*,*,#2303,.T.);
#2303 = EDGE_CURVE('',#301,#1007,#2304,.T.);
#2304 = LINE('',#2305,#2306);
#2305 = CARTESIAN_POINT('',(0.,60.65,-11.98778133699));
#2306 = VECTOR('',#2307,1.);
#2307 = DIRECTION('',(1.,0.,0.));
#2308 = ORIENTED_EDGE('',*,*,#1015,.T.);
#2309 = ORIENTED_EDGE('',*,*,#2268,.F.);
#2310 = PLANE('',#2311);
#2311 = AXIS2_PLACEMENT_3D('',#2312,#2313,#2314);
#2312 = CARTESIAN_POINT('',(0.,60.65,-8.));
#2313 = DIRECTION('',(0.,1.,0.));
#2314 = DIRECTION('',(0.,0.,-1.));
#2315 = ADVANCED_FACE('',(#2316),#2327,.T.);
#2316 = FACE_BOUND('',#2317,.T.);
#2317 = EDGE_LOOP('',(#2318,#2324,#2325,#2326));
#2318 = ORIENTED_EDGE('',*,*,#2319,.T.);
#2319 = EDGE_CURVE('',#377,#932,#2320,.T.);
#2320 = LINE('',#2321,#2322);
#2321 = CARTESIAN_POINT('',(0.,1.75,-16.));
#2322 = VECTOR('',#2323,1.);
#2323 = DIRECTION('',(1.,0.,0.));
#2324 = ORIENTED_EDGE('',*,*,#931,.T.);
#2325 = ORIENTED_EDGE('',*,*,#2285,.F.);
#2326 = ORIENTED_EDGE('',*,*,#384,.F.);
#2327 = PLANE('',#2328);
#2328 = AXIS2_PLACEMENT_3D('',#2329,#2330,#2331);
#2329 = CARTESIAN_POINT('',(0.,1.75,-16.));
#2330 = DIRECTION('',(-0.,-1.,-3.700743415417E-17));
#2331 = DIRECTION('',(0.,-3.700743415417E-17,1.));
#2332 = ADVANCED_FACE('',(#2333),#2344,.F.);
#2333 = FACE_BOUND('',#2334,.F.);
#2334 = EDGE_LOOP('',(#2335,#2336,#2342,#2343));
#2335 = ORIENTED_EDGE('',*,*,#308,.T.);
#2336 = ORIENTED_EDGE('',*,*,#2337,.T.);
#2337 = EDGE_CURVE('',#309,#999,#2338,.T.);
#2338 = LINE('',#2339,#2340);
#2339 = CARTESIAN_POINT('',(0.,56.762110782032,-7.113029075749));
#2340 = VECTOR('',#2341,1.);
#2341 = DIRECTION('',(1.,0.,0.));
#2342 = ORIENTED_EDGE('',*,*,#1006,.F.);
#2343 = ORIENTED_EDGE('',*,*,#2303,.F.);
#2344 = CYLINDRICAL_SURFACE('',#2345,5.);
#2345 = AXIS2_PLACEMENT_3D('',#2346,#2347,#2348);
#2346 = CARTESIAN_POINT('',(0.,55.65,-11.98778133699));
#2347 = DIRECTION('',(1.,0.,0.));
#2348 = DIRECTION('',(0.,1.,0.));
#2349 = ADVANCED_FACE('',(#2350),#2361,.T.);
#2350 = FACE_BOUND('',#2351,.T.);
#2351 = EDGE_LOOP('',(#2352,#2358,#2359,#2360));
#2352 = ORIENTED_EDGE('',*,*,#2353,.T.);
#2353 = EDGE_CURVE('',#369,#940,#2354,.T.);
#2354 = LINE('',#2355,#2356);
#2355 = CARTESIAN_POINT('',(0.,4.35,-16.));
#2356 = VECTOR('',#2357,1.);
#2357 = DIRECTION('',(1.,0.,0.));
#2358 = ORIENTED_EDGE('',*,*,#939,.T.);
#2359 = ORIENTED_EDGE('',*,*,#2319,.F.);
#2360 = ORIENTED_EDGE('',*,*,#376,.F.);
#2361 = PLANE('',#2362);
#2362 = AXIS2_PLACEMENT_3D('',#2363,#2364,#2365);
#2363 = CARTESIAN_POINT('',(0.,4.35,-16.));
#2364 = DIRECTION('',(-0.,-0.,-1.));
#2365 = DIRECTION('',(0.,-1.,0.));
#2366 = ADVANCED_FACE('',(#2367),#2378,.T.);
#2367 = FACE_BOUND('',#2368,.T.);
#2368 = EDGE_LOOP('',(#2369,#2370,#2371,#2372));
#2369 = ORIENTED_EDGE('',*,*,#317,.F.);
#2370 = ORIENTED_EDGE('',*,*,#2337,.T.);
#2371 = ORIENTED_EDGE('',*,*,#998,.T.);
#2372 = ORIENTED_EDGE('',*,*,#2373,.F.);
#2373 = EDGE_CURVE('',#318,#990,#2374,.T.);
#2374 = LINE('',#2375,#2376);
#2375 = CARTESIAN_POINT('',(0.,48.049002588221,-5.125247738758));
#2376 = VECTOR('',#2377,1.);
#2377 = DIRECTION('',(1.,0.,0.));
#2378 = PLANE('',#2379);
#2379 = AXIS2_PLACEMENT_3D('',#2380,#2381,#2382);
#2380 = CARTESIAN_POINT('',(0.,60.65,-8.));
#2381 = DIRECTION('',(-0.,-0.222422156406,-0.974950452248));
#2382 = DIRECTION('',(0.,-0.974950452248,0.222422156406));
#2383 = ADVANCED_FACE('',(#2384),#2395,.T.);
#2384 = FACE_BOUND('',#2385,.T.);
#2385 = EDGE_LOOP('',(#2386,#2387,#2393,#2394));
#2386 = ORIENTED_EDGE('',*,*,#368,.F.);
#2387 = ORIENTED_EDGE('',*,*,#2388,.T.);
#2388 = EDGE_CURVE('',#360,#948,#2389,.T.);
#2389 = LINE('',#2390,#2391);
#2390 = CARTESIAN_POINT('',(0.,4.35,-11.98778133699));
#2391 = VECTOR('',#2392,1.);
#2392 = DIRECTION('',(1.,0.,0.));
#2393 = ORIENTED_EDGE('',*,*,#947,.T.);
#2394 = ORIENTED_EDGE('',*,*,#2353,.F.);
#2395 = PLANE('',#2396);
#2396 = AXIS2_PLACEMENT_3D('',#2397,#2398,#2399);
#2397 = CARTESIAN_POINT('',(0.,4.35,-8.));
#2398 = DIRECTION('',(0.,1.,-1.110223024625E-16));
#2399 = DIRECTION('',(0.,-1.110223024625E-16,-1.));
#2400 = ADVANCED_FACE('',(#2401),#2412,.F.);
#2401 = FACE_BOUND('',#2402,.F.);
#2402 = EDGE_LOOP('',(#2403,#2404,#2410,#2411));
#2403 = ORIENTED_EDGE('',*,*,#325,.T.);
#2404 = ORIENTED_EDGE('',*,*,#2405,.T.);
#2405 = EDGE_CURVE('',#326,#982,#2406,.T.);
#2406 = LINE('',#2407,#2408);
#2407 = CARTESIAN_POINT('',(0.,46.936891806189,-5.));
#2408 = VECTOR('',#2409,1.);
#2409 = DIRECTION('',(1.,0.,0.));
#2410 = ORIENTED_EDGE('',*,*,#989,.F.);
#2411 = ORIENTED_EDGE('',*,*,#2373,.F.);
#2412 = CYLINDRICAL_SURFACE('',#2413,5.);
#2413 = AXIS2_PLACEMENT_3D('',#2414,#2415,#2416);
#2414 = CARTESIAN_POINT('',(0.,46.936891806189,-10.));
#2415 = DIRECTION('',(1.,0.,0.));
#2416 = DIRECTION('',(0.,0.222422156406,0.974950452248));
#2417 = ADVANCED_FACE('',(#2418),#2429,.F.);
#2418 = FACE_BOUND('',#2419,.F.);
#2419 = EDGE_LOOP('',(#2420,#2421,#2422,#2423));
#2420 = ORIENTED_EDGE('',*,*,#359,.T.);
#2421 = ORIENTED_EDGE('',*,*,#2388,.T.);
#2422 = ORIENTED_EDGE('',*,*,#955,.F.);
#2423 = ORIENTED_EDGE('',*,*,#2424,.F.);
#2424 = EDGE_CURVE('',#352,#956,#2425,.T.);
#2425 = LINE('',#2426,#2427);
#2426 = CARTESIAN_POINT('',(0.,8.237889217968,-7.113029075749));
#2427 = VECTOR('',#2428,1.);
#2428 = DIRECTION('',(1.,0.,0.));
#2429 = CYLINDRICAL_SURFACE('',#2430,5.);
#2430 = AXIS2_PLACEMENT_3D('',#2431,#2432,#2433);
#2431 = CARTESIAN_POINT('',(0.,9.35,-11.98778133699));
#2432 = DIRECTION('',(1.,0.,0.));
#2433 = DIRECTION('',(0.,-0.222422156406,0.974950452248));
#2434 = ADVANCED_FACE('',(#2435),#2446,.T.);
#2435 = FACE_BOUND('',#2436,.T.);
#2436 = EDGE_LOOP('',(#2437,#2438,#2439,#2440));
#2437 = ORIENTED_EDGE('',*,*,#334,.F.);
#2438 = ORIENTED_EDGE('',*,*,#2405,.T.);
#2439 = ORIENTED_EDGE('',*,*,#981,.T.);
#2440 = ORIENTED_EDGE('',*,*,#2441,.F.);
#2441 = EDGE_CURVE('',#335,#973,#2442,.T.);
#2442 = LINE('',#2443,#2444);
#2443 = CARTESIAN_POINT('',(0.,18.063108193811,-5.));
#2444 = VECTOR('',#2445,1.);
#2445 = DIRECTION('',(1.,0.,0.));
#2446 = PLANE('',#2447);
#2447 = AXIS2_PLACEMENT_3D('',#2448,#2449,#2450);
#2448 = CARTESIAN_POINT('',(0.,47.5,-5.));
#2449 = DIRECTION('',(-0.,-0.,-1.));
#2450 = DIRECTION('',(0.,-1.,0.));
#2451 = ADVANCED_FACE('',(#2452),#2463,.F.);
#2452 = FACE_BOUND('',#2453,.F.);
#2453 = EDGE_LOOP('',(#2454,#2455,#2456,#2457));
#2454 = ORIENTED_EDGE('',*,*,#351,.F.);
#2455 = ORIENTED_EDGE('',*,*,#2424,.T.);
#2456 = ORIENTED_EDGE('',*,*,#964,.T.);
#2457 = ORIENTED_EDGE('',*,*,#2458,.F.);
#2458 = EDGE_CURVE('',#343,#965,#2459,.T.);
#2459 = LINE('',#2460,#2461);
#2460 = CARTESIAN_POINT('',(0.,16.950997411779,-5.125247738758));
#2461 = VECTOR('',#2462,1.);
#2462 = DIRECTION('',(1.,0.,0.));
#2463 = PLANE('',#2464);
#2464 = AXIS2_PLACEMENT_3D('',#2465,#2466,#2467);
#2465 = CARTESIAN_POINT('',(0.,4.35,-8.));
#2466 = DIRECTION('',(0.,-0.222422156406,0.974950452248));
#2467 = DIRECTION('',(0.,0.974950452248,0.222422156406));
#2468 = ADVANCED_FACE('',(#2469),#2475,.F.);
#2469 = FACE_BOUND('',#2470,.F.);
#2470 = EDGE_LOOP('',(#2471,#2472,#2473,#2474));
#2471 = ORIENTED_EDGE('',*,*,#342,.T.);
#2472 = ORIENTED_EDGE('',*,*,#2458,.T.);
#2473 = ORIENTED_EDGE('',*,*,#972,.F.);
#2474 = ORIENTED_EDGE('',*,*,#2441,.F.);
#2475 = CYLINDRICAL_SURFACE('',#2476,5.);
#2476 = AXIS2_PLACEMENT_3D('',#2477,#2478,#2479);
#2477 = CARTESIAN_POINT('',(0.,18.063108193811,-10.));
#2478 = DIRECTION('',(1.,0.,0.));
#2479 = DIRECTION('',(0.,0.,1.));
#2480 = ADVANCED_FACE('',(#2481),#2636,.F.);
#2481 = FACE_BOUND('',#2482,.T.);
#2482 = EDGE_LOOP('',(#2483,#2484,#2492,#2509,#2518,#2635));
#2483 = ORIENTED_EDGE('',*,*,#596,.T.);
#2484 = ORIENTED_EDGE('',*,*,#2485,.T.);
#2485 = EDGE_CURVE('',#597,#2486,#2488,.T.);
#2486 = VERTEX_POINT('',#2487);
#2487 = CARTESIAN_POINT('',(31.82055052823,60.5,6.65));
#2488 = LINE('',#2489,#2490);
#2489 = CARTESIAN_POINT('',(0.,60.5,6.65));
#2490 = VECTOR('',#2491,1.);
#2491 = DIRECTION('',(1.,0.,-6.256611727356E-17));
#2492 = ORIENTED_EDGE('',*,*,#2493,.T.);
#2493 = EDGE_CURVE('',#2486,#2494,#2496,.T.);
#2494 = VERTEX_POINT('',#2495);
#2495 = CARTESIAN_POINT('',(34.,60.,6.602402735935));
#2496 = B_SPLINE_CURVE_WITH_KNOTS('',6,(#2497,#2498,#2499,#2500,#2501,
    #2502,#2503,#2504,#2505,#2506,#2507,#2508),.UNSPECIFIED.,.F.,.F.,(7,
    5,7),(0.,0.632060808685,1.),.UNSPECIFIED.);
#2497 = CARTESIAN_POINT('',(31.82055052823,60.5,6.65));
#2498 = CARTESIAN_POINT('',(32.040442647507,60.393501385954,6.65));
#2499 = CARTESIAN_POINT('',(32.264261228275,60.301019703868,
    6.644864446578));
#2500 = CARTESIAN_POINT('',(32.491134239094,60.222347407478,
    6.637125197763));
#2501 = CARTESIAN_POINT('',(32.720382532859,60.157237447698,
    6.628631281015));
#2502 = CARTESIAN_POINT('',(32.951469623159,60.105502724032,
    6.620761609156));
#2503 = CARTESIAN_POINT('',(33.319260666946,60.044658647512,
    6.610685574996));
#2504 = CARTESIAN_POINT('',(33.455037895006,60.026773569899,
    6.607487373662));
#2505 = CARTESIAN_POINT('',(33.591150319324,60.013373767813,
    6.604972362501));
#2506 = CARTESIAN_POINT('',(33.727484485431,60.004447700176,
    6.603257253349));
#2507 = CARTESIAN_POINT('',(33.86393068963,59.999989565378,
    6.602400731129));
#2508 = CARTESIAN_POINT('',(34.000382891659,60.000000014661,
    6.602402738751));
#2509 = ORIENTED_EDGE('',*,*,#2510,.T.);
#2510 = EDGE_CURVE('',#2494,#2511,#2513,.T.);
#2511 = VERTEX_POINT('',#2512);
#2512 = CARTESIAN_POINT('',(34.,60.,1.397597264065));
#2513 = CIRCLE('',#2514,2.65);
#2514 = AXIS2_PLACEMENT_3D('',#2515,#2516,#2517);
#2515 = CARTESIAN_POINT('',(34.,60.5,4.));
#2516 = DIRECTION('',(1.,0.,-0.));
#2517 = DIRECTION('',(0.,0.,1.));
#2518 = ORIENTED_EDGE('',*,*,#2519,.F.);
#2519 = EDGE_CURVE('',#2486,#2511,#2520,.T.);
#2520 = B_SPLINE_CURVE_WITH_KNOTS('',8,(#2521,#2522,#2523,#2524,#2525,
    #2526,#2527,#2528,#2529,#2530,#2531,#2532,#2533,#2534,#2535,#2536,
    #2537,#2538,#2539,#2540,#2541,#2542,#2543,#2544,#2545,#2546,#2547,
    #2548,#2549,#2550,#2551,#2552,#2553,#2554,#2555,#2556,#2557,#2558,
    #2559,#2560,#2561,#2562,#2563,#2564,#2565,#2566,#2567,#2568,#2569,
    #2570,#2571,#2572,#2573,#2574,#2575,#2576,#2577,#2578,#2579,#2580,
    #2581,#2582,#2583,#2584,#2585,#2586,#2587,#2588,#2589,#2590,#2591,
    #2592,#2593,#2594,#2595,#2596,#2597,#2598,#2599,#2600,#2601,#2602,
    #2603,#2604,#2605,#2606,#2607,#2608,#2609,#2610,#2611,#2612,#2613,
    #2614,#2615,#2616,#2617,#2618,#2619,#2620,#2621,#2622,#2623,#2624,
    #2625,#2626,#2627,#2628,#2629,#2630,#2631,#2632,#2633,#2634),
  .UNSPECIFIED.,.F.,.F.,(9,7,7,7,7,7,7,7,7,7,7,7,7,7,7,7,9),(0.,
    0.102144265264,0.137998220354,0.202060107943,0.255176489584,
    0.286198536865,0.322215663709,0.406522124859,0.491025320841,
    0.526853189502,0.557602229872,0.611593537825,0.657651022427,
    0.679540037713,0.720599200302,0.931005007905,1.),.UNSPECIFIED.);
#2521 = CARTESIAN_POINT('',(31.82055052823,60.5,6.65));
#2522 = CARTESIAN_POINT('',(31.678079062686,60.569002080072,6.65));
#2523 = CARTESIAN_POINT('',(31.536991276521,60.643698174929,
    6.64794651675));
#2524 = CARTESIAN_POINT('',(31.39764015306,60.724091935905,
    6.643246922698));
#2525 = CARTESIAN_POINT('',(31.260394760545,60.810149227855,
    6.635229500796));
#2526 = CARTESIAN_POINT('',(31.125643354297,60.901791819873,
    6.623141994235));
#2527 = CARTESIAN_POINT('',(30.993794541314,60.998883598355,
    6.60614478484));
#2528 = CARTESIAN_POINT('',(30.86527650731,61.101209302413,
    6.583298700133));
#2529 = CARTESIAN_POINT('',(30.696748184034,61.246087169514,
    6.543104376022));
#2530 = CARTESIAN_POINT('',(30.65344849206,61.28431548067,6.531815619072
    ));
#2531 = CARTESIAN_POINT('',(30.610674759299,61.323097328604,
    6.519641810673));
#2532 = CARTESIAN_POINT('',(30.56846392488,61.362397613891,
    6.506544057525));
#2533 = CARTESIAN_POINT('',(30.526850338041,61.402179524165,
    6.492483940551));
#2534 = CARTESIAN_POINT('',(30.485865758125,61.442404534123,
    6.477423514891));
#2535 = CARTESIAN_POINT('',(30.445539354579,61.483032405523,
    6.461325309905));
#2536 = CARTESIAN_POINT('',(30.335068177348,61.597257702276,
    6.413468585678));
#2537 = CARTESIAN_POINT('',(30.266355426825,61.671718424029,
    6.379323809702));
#2538 = CARTESIAN_POINT('',(30.20007259392,61.747010298506,
    6.341561924336));
#2539 = CARTESIAN_POINT('',(30.136464969501,61.822726044434,
    6.300065349423));
#2540 = CARTESIAN_POINT('',(30.075716808082,61.898449688287,
    6.254760033628));
#2541 = CARTESIAN_POINT('',(30.017958139137,61.973762099371,
    6.205620486505));
#2542 = CARTESIAN_POINT('',(29.963271578411,62.048246524902,
    6.152674810565));
#2543 = CARTESIAN_POINT('',(29.868938279935,62.182226763998,
    6.049026355542));
#2544 = CARTESIAN_POINT('',(29.828377220484,62.242025353843,
    5.999550854997));
#2545 = CARTESIAN_POINT('',(29.790025798038,62.300666727943,
    5.947640528634));
#2546 = CARTESIAN_POINT('',(29.753876160808,62.357932228559,
    5.893380182481));
#2547 = CARTESIAN_POINT('',(29.719904809929,62.413611472534,
    5.83688272947));
#2548 = CARTESIAN_POINT('',(29.688074641322,62.467506116931,
    5.77828978722));
#2549 = CARTESIAN_POINT('',(29.658336987568,62.519433624665,
    5.717772275835));
#2550 = CARTESIAN_POINT('',(29.614453831283,62.598314665337,
    5.619179681979));
#2551 = CARTESIAN_POINT('',(29.598962865269,62.626681020644,
    5.582228847942));
#2552 = CARTESIAN_POINT('',(29.58414355261,62.654307970254,
    5.544703712306));
#2553 = CARTESIAN_POINT('',(29.569978839167,62.681174823765,
    5.506630934809));
#2554 = CARTESIAN_POINT('',(29.556451825775,62.707262326174,
    5.468038636201));
#2555 = CARTESIAN_POINT('',(29.543545768247,62.732552657877,
    5.428956398249));
#2556 = CARTESIAN_POINT('',(29.531244077373,62.757029434668,
    5.389415263734));
#2557 = CARTESIAN_POINT('',(29.50593044525,62.80813375676,5.303044754515
    ));
#2558 = CARTESIAN_POINT('',(29.493122797476,62.834473878107,
    5.256065755714));
#2559 = CARTESIAN_POINT('',(29.481077590184,62.859683529438,
    5.208546933638));
#2560 = CARTESIAN_POINT('',(29.469766593248,62.883749804537,
    5.160524978744));
#2561 = CARTESIAN_POINT('',(29.45916313183,62.906661433315,
    5.112037078361));
#2562 = CARTESIAN_POINT('',(29.449242086378,62.928408781809,
    5.063120916694));
#2563 = CARTESIAN_POINT('',(29.439979892632,62.948983852185,
    5.013814674818));
#2564 = CARTESIAN_POINT('',(29.411164901739,63.013782139067,
    4.847921766707));
#2565 = CARTESIAN_POINT('',(29.394469490362,63.052715127436,
    4.729789536683));
#2566 = CARTESIAN_POINT('',(29.380958397187,63.085159122349,
    4.610115898007));
#2567 = CARTESIAN_POINT('',(29.370389464125,63.111107140162,
    4.489238288496));
#2568 = CARTESIAN_POINT('',(29.362583495174,63.130559954904,
    4.367479503464));
#2569 = CARTESIAN_POINT('',(29.357421108376,63.1435222063,4.245151264607
    ));
#2570 = CARTESIAN_POINT('',(29.354841229839,63.15,4.122557880686));
#2571 = CARTESIAN_POINT('',(29.354841229839,63.15,3.877156122205));
#2572 = CARTESIAN_POINT('',(29.357433163067,63.143491938566,
    3.754276270912));
#2573 = CARTESIAN_POINT('',(29.362619700165,63.130469047491,
    3.631663326399));
#2574 = CARTESIAN_POINT('',(29.370462489012,63.110925160363,
    3.509623876147));
#2575 = CARTESIAN_POINT('',(29.381082018315,63.08485563124,
    3.388472000362));
#2576 = CARTESIAN_POINT('',(29.394659143695,63.052259764783,
    3.268532964058));
#2577 = CARTESIAN_POINT('',(29.411438276275,63.013144757847,
    3.15014681572));
#2578 = CARTESIAN_POINT('',(29.44033651476,62.948191786227,
    2.984288573906));
#2579 = CARTESIAN_POINT('',(29.449571703335,62.92768628375,
    2.935254087517));
#2580 = CARTESIAN_POINT('',(29.459459501818,62.906020962703,
    2.886606546588));
#2581 = CARTESIAN_POINT('',(29.470023134174,62.883203744004,
    2.838383569661));
#2582 = CARTESIAN_POINT('',(29.481287346002,62.859244151891,
    2.790622280589));
#2583 = CARTESIAN_POINT('',(29.493278404538,62.834153313913,
    2.743359308531));
#2584 = CARTESIAN_POINT('',(29.506024098653,62.807943960935,
    2.696630787954));
#2585 = CARTESIAN_POINT('',(29.531165466484,62.757188760504,
    2.610857180293));
#2586 = CARTESIAN_POINT('',(29.543354821054,62.732933192813,
    2.57166108296));
#2587 = CARTESIAN_POINT('',(29.556137813917,62.707878258016,
    2.532915664484));
#2588 = CARTESIAN_POINT('',(29.569530609917,62.682039874212,
    2.494651118133));
#2589 = CARTESIAN_POINT('',(29.583549527385,62.655435343645,
    2.456896232596));
#2590 = CARTESIAN_POINT('',(29.598211038137,62.628083352706,
    2.419678391978));
#2591 = CARTESIAN_POINT('',(29.613531767476,62.600003971932,
    2.383023575803));
#2592 = CARTESIAN_POINT('',(29.657616661755,62.52067539229,
    2.283627026289));
#2593 = CARTESIAN_POINT('',(29.687805144412,62.467925922104,
    2.222072318224));
#2594 = CARTESIAN_POINT('',(29.720155243235,62.413141040233,
    2.162504188333));
#2595 = CARTESIAN_POINT('',(29.754718102594,62.356512549888,
    2.105102603568));
#2596 = CARTESIAN_POINT('',(29.79153249154,62.298249169925,
    2.050016197352));
#2597 = CARTESIAN_POINT('',(29.830622585187,62.238572442082,
    1.997362922595));
#2598 = CARTESIAN_POINT('',(29.871995746099,62.177712638194,
    1.947230704727));
#2599 = CARTESIAN_POINT('',(29.952871458375,62.063179149742,
    1.859113165173));
#2600 = CARTESIAN_POINT('',(29.991724870682,62.009807035224,
    1.820458752116));
#2601 = CARTESIAN_POINT('',(30.0321826129,61.955945044878,1.783753010782
    ));
#2602 = CARTESIAN_POINT('',(30.074213590473,61.901754166739,
    1.749017910897));
#2603 = CARTESIAN_POINT('',(30.11777265551,61.847397696129,1.71625983806
    ));
#2604 = CARTESIAN_POINT('',(30.162799718297,61.79303927593,
    1.685470195127));
#2605 = CARTESIAN_POINT('',(30.209218858812,61.738840936845,
    1.656626003592));
#2606 = CARTESIAN_POINT('',(30.279615895902,61.659354534141,
    1.616889294789));
#2607 = CARTESIAN_POINT('',(30.302592330771,61.633814887803,
    1.604516814347));
#2608 = CARTESIAN_POINT('',(30.325858879272,61.608357068232,
    1.592568147036));
#2609 = CARTESIAN_POINT('',(30.349407622809,61.58299517822,
    1.581037777051));
#2610 = CARTESIAN_POINT('',(30.373230587774,61.557742553781,
    1.569919589391));
#2611 = CARTESIAN_POINT('',(30.397319745538,61.532611764141,
    1.559206869862));
#2612 = CARTESIAN_POINT('',(30.421667012457,61.507614611747,
    1.548892305077));
#2613 = CARTESIAN_POINT('',(30.492403464314,61.436144137683,
    1.520352052458));
#2614 = CARTESIAN_POINT('',(30.539405054704,61.39005269117,
    1.503116511099));
#2615 = CARTESIAN_POINT('',(30.587230135741,61.344544410984,
    1.487202373765));
#2616 = CARTESIAN_POINT('',(30.635836206416,61.29967313637,
    1.472550376267));
#2617 = CARTESIAN_POINT('',(30.685177104833,61.25548982721,
    1.459101053399));
#2618 = CARTESIAN_POINT('',(30.735202963016,61.212042463664,
    1.446794817494));
#2619 = CARTESIAN_POINT('',(30.785860161733,61.169375945822,
    1.435572036979));
#2620 = CARTESIAN_POINT('',(31.099622843441,60.913104565758,
    1.373109203664));
#2621 = CARTESIAN_POINT('',(31.376255847748,60.721070114396,
    1.347924997396));
#2622 = CARTESIAN_POINT('',(31.663431218631,60.553197367447,
    1.340597620764));
#2623 = CARTESIAN_POINT('',(31.9583566191,60.409482328532,1.344387348432
    ));
#2624 = CARTESIAN_POINT('',(32.259082285396,60.289464905407,
    1.354160773233));
#2625 = CARTESIAN_POINT('',(32.564172787543,60.192656566084,
    1.366004225687));
#2626 = CARTESIAN_POINT('',(32.872348845564,60.118689463022,
    1.377059670875));
#2627 = CARTESIAN_POINT('',(33.284105682875,60.050442652315,
    1.38835492684));
#2628 = CARTESIAN_POINT('',(33.386028467033,60.036010554983,
    1.390871086424));
#2629 = CARTESIAN_POINT('',(33.488152995041,60.023993226734,
    1.393051548157));
#2630 = CARTESIAN_POINT('',(33.59043792275,60.014385805553,
    1.394846068591));
#2631 = CARTESIAN_POINT('',(33.692842715508,60.007184585576,
    1.396216854828));
#2632 = CARTESIAN_POINT('',(33.795327639194,60.002387093193,
    1.397138641834));
#2633 = CARTESIAN_POINT('',(33.897853751232,59.999992163151,
    1.39759876976));
#2634 = CARTESIAN_POINT('',(34.000382891619,60.000000014661,
    1.397597261249));
#2635 = ORIENTED_EDGE('',*,*,#2485,.F.);
#2636 = CYLINDRICAL_SURFACE('',#2637,2.65);
#2637 = AXIS2_PLACEMENT_3D('',#2638,#2639,#2640);
#2638 = CARTESIAN_POINT('',(0.,60.5,4.));
#2639 = DIRECTION('',(1.,0.,0.));
#2640 = DIRECTION('',(0.,0.,1.));
#2641 = ADVANCED_FACE('',(#2642),#2661,.F.);
#2642 = FACE_BOUND('',#2643,.T.);
#2643 = EDGE_LOOP('',(#2644,#2645,#2651,#2652,#2659,#2660));
#2644 = ORIENTED_EDGE('',*,*,#607,.T.);
#2645 = ORIENTED_EDGE('',*,*,#2646,.T.);
#2646 = EDGE_CURVE('',#608,#1235,#2647,.T.);
#2647 = LINE('',#2648,#2649);
#2648 = CARTESIAN_POINT('',(0.,4.5,6.65));
#2649 = VECTOR('',#2650,1.);
#2650 = DIRECTION('',(1.,0.,-6.256611727356E-17));
#2651 = ORIENTED_EDGE('',*,*,#1251,.T.);
#2652 = ORIENTED_EDGE('',*,*,#2653,.T.);
#2653 = EDGE_CURVE('',#1252,#1227,#2654,.T.);
#2654 = CIRCLE('',#2655,2.65);
#2655 = AXIS2_PLACEMENT_3D('',#2656,#2657,#2658);
#2656 = CARTESIAN_POINT('',(34.,4.5,4.));
#2657 = DIRECTION('',(1.,0.,-0.));
#2658 = DIRECTION('',(0.,0.,1.));
#2659 = ORIENTED_EDGE('',*,*,#1234,.T.);
#2660 = ORIENTED_EDGE('',*,*,#2646,.F.);
#2661 = CYLINDRICAL_SURFACE('',#2662,2.65);
#2662 = AXIS2_PLACEMENT_3D('',#2663,#2664,#2665);
#2663 = CARTESIAN_POINT('',(0.,4.5,4.));
#2664 = DIRECTION('',(1.,0.,0.));
#2665 = DIRECTION('',(0.,0.,1.));
#2666 = ADVANCED_FACE('',(#2667),#2686,.F.);
#2667 = FACE_BOUND('',#2668,.F.);
#2668 = EDGE_LOOP('',(#2669,#2670,#2671,#2672,#2678,#2679,#2680));
#2669 = ORIENTED_EDGE('',*,*,#693,.F.);
#2670 = ORIENTED_EDGE('',*,*,#1454,.F.);
#2671 = ORIENTED_EDGE('',*,*,#1394,.T.);
#2672 = ORIENTED_EDGE('',*,*,#2673,.T.);
#2673 = EDGE_CURVE('',#1397,#2511,#2674,.T.);
#2674 = LINE('',#2675,#2676);
#2675 = CARTESIAN_POINT('',(34.,60.,8.));
#2676 = VECTOR('',#2677,1.);
#2677 = DIRECTION('',(0.,0.,1.));
#2678 = ORIENTED_EDGE('',*,*,#2519,.F.);
#2679 = ORIENTED_EDGE('',*,*,#2493,.T.);
#2680 = ORIENTED_EDGE('',*,*,#2681,.T.);
#2681 = EDGE_CURVE('',#2494,#686,#2682,.T.);
#2682 = LINE('',#2683,#2684);
#2683 = CARTESIAN_POINT('',(34.,60.,8.));
#2684 = VECTOR('',#2685,1.);
#2685 = DIRECTION('',(0.,0.,1.));
#2686 = CYLINDRICAL_SURFACE('',#2687,5.);
#2687 = AXIS2_PLACEMENT_3D('',#2688,#2689,#2690);
#2688 = CARTESIAN_POINT('',(34.,65.,8.));
#2689 = DIRECTION('',(0.,0.,1.));
#2690 = DIRECTION('',(1.,0.,0.));
#2691 = ADVANCED_FACE('',(#2692),#2737,.F.);
#2692 = FACE_BOUND('',#2693,.F.);
#2693 = EDGE_LOOP('',(#2694,#2695,#2703,#2711,#2719,#2727,#2733,#2734,
    #2735,#2736));
#2694 = ORIENTED_EDGE('',*,*,#1431,.F.);
#2695 = ORIENTED_EDGE('',*,*,#2696,.F.);
#2696 = EDGE_CURVE('',#2697,#1423,#2699,.T.);
#2697 = VERTEX_POINT('',#2698);
#2698 = CARTESIAN_POINT('',(34.,53.9,2.6));
#2699 = LINE('',#2700,#2701);
#2700 = CARTESIAN_POINT('',(34.,53.9,-165.2750301226));
#2701 = VECTOR('',#2702,1.);
#2702 = DIRECTION('',(-0.,-0.,-1.));
#2703 = ORIENTED_EDGE('',*,*,#2704,.T.);
#2704 = EDGE_CURVE('',#2697,#2705,#2707,.T.);
#2705 = VERTEX_POINT('',#2706);
#2706 = CARTESIAN_POINT('',(34.,55.000000000043,2.6));
#2707 = LINE('',#2708,#2709);
#2708 = CARTESIAN_POINT('',(34.,10.000000000043,2.6));
#2709 = VECTOR('',#2710,1.);
#2710 = DIRECTION('',(0.,1.,0.));
#2711 = ORIENTED_EDGE('',*,*,#2712,.T.);
#2712 = EDGE_CURVE('',#2705,#2713,#2715,.T.);
#2713 = VERTEX_POINT('',#2714);
#2714 = CARTESIAN_POINT('',(34.,55.000000000043,5.4));
#2715 = LINE('',#2716,#2717);
#2716 = CARTESIAN_POINT('',(34.,55.000000000043,2.6));
#2717 = VECTOR('',#2718,1.);
#2718 = DIRECTION('',(0.,0.,1.));
#2719 = ORIENTED_EDGE('',*,*,#2720,.F.);
#2720 = EDGE_CURVE('',#2721,#2713,#2723,.T.);
#2721 = VERTEX_POINT('',#2722);
#2722 = CARTESIAN_POINT('',(34.,53.9,5.4));
#2723 = LINE('',#2724,#2725);
#2724 = CARTESIAN_POINT('',(34.,10.000000000043,5.4));
#2725 = VECTOR('',#2726,1.);
#2726 = DIRECTION('',(0.,1.,0.));
#2727 = ORIENTED_EDGE('',*,*,#2728,.F.);
#2728 = EDGE_CURVE('',#677,#2721,#2729,.T.);
#2729 = LINE('',#2730,#2731);
#2730 = CARTESIAN_POINT('',(34.,53.9,-165.2750301226));
#2731 = VECTOR('',#2732,1.);
#2732 = DIRECTION('',(-0.,-0.,-1.));
#2733 = ORIENTED_EDGE('',*,*,#685,.T.);
#2734 = ORIENTED_EDGE('',*,*,#2681,.F.);
#2735 = ORIENTED_EDGE('',*,*,#2510,.T.);
#2736 = ORIENTED_EDGE('',*,*,#2673,.F.);
#2737 = PLANE('',#2738);
#2738 = AXIS2_PLACEMENT_3D('',#2739,#2740,#2741);
#2739 = CARTESIAN_POINT('',(34.,0.,0.));
#2740 = DIRECTION('',(-1.,0.,0.));
#2741 = DIRECTION('',(0.,1.,0.));
#2742 = ADVANCED_FACE('',(#2743),#2762,.F.);
#2743 = FACE_BOUND('',#2744,.T.);
#2744 = EDGE_LOOP('',(#2745,#2746,#2754,#2761));
#2745 = ORIENTED_EDGE('',*,*,#676,.F.);
#2746 = ORIENTED_EDGE('',*,*,#2747,.T.);
#2747 = EDGE_CURVE('',#669,#2748,#2750,.T.);
#2748 = VERTEX_POINT('',#2749);
#2749 = CARTESIAN_POINT('',(34.,11.1,5.4));
#2750 = LINE('',#2751,#2752);
#2751 = CARTESIAN_POINT('',(34.,11.1,-165.2750301226));
#2752 = VECTOR('',#2753,1.);
#2753 = DIRECTION('',(-0.,-0.,-1.));
#2754 = ORIENTED_EDGE('',*,*,#2755,.T.);
#2755 = EDGE_CURVE('',#2748,#2721,#2756,.T.);
#2756 = CIRCLE('',#2757,21.4);
#2757 = AXIS2_PLACEMENT_3D('',#2758,#2759,#2760);
#2758 = CARTESIAN_POINT('',(34.,32.5,5.4));
#2759 = DIRECTION('',(0.,0.,-1.));
#2760 = DIRECTION('',(1.,0.,0.));
#2761 = ORIENTED_EDGE('',*,*,#2728,.F.);
#2762 = CYLINDRICAL_SURFACE('',#2763,21.4);
#2763 = AXIS2_PLACEMENT_3D('',#2764,#2765,#2766);
#2764 = CARTESIAN_POINT('',(34.,32.5,-165.2750301226));
#2765 = DIRECTION('',(-0.,-0.,-1.));
#2766 = DIRECTION('',(1.,0.,0.));
#2767 = ADVANCED_FACE('',(#2768),#2806,.F.);
#2768 = FACE_BOUND('',#2769,.F.);
#2769 = EDGE_LOOP('',(#2770,#2771,#2772,#2773,#2774,#2775,#2776,#2784,
    #2792,#2800));
#2770 = ORIENTED_EDGE('',*,*,#1414,.F.);
#2771 = ORIENTED_EDGE('',*,*,#1370,.T.);
#2772 = ORIENTED_EDGE('',*,*,#2653,.T.);
#2773 = ORIENTED_EDGE('',*,*,#1226,.T.);
#2774 = ORIENTED_EDGE('',*,*,#668,.T.);
#2775 = ORIENTED_EDGE('',*,*,#2747,.T.);
#2776 = ORIENTED_EDGE('',*,*,#2777,.F.);
#2777 = EDGE_CURVE('',#2778,#2748,#2780,.T.);
#2778 = VERTEX_POINT('',#2779);
#2779 = CARTESIAN_POINT('',(34.,10.000000000043,5.4));
#2780 = LINE('',#2781,#2782);
#2781 = CARTESIAN_POINT('',(34.,10.000000000043,5.4));
#2782 = VECTOR('',#2783,1.);
#2783 = DIRECTION('',(0.,1.,0.));
#2784 = ORIENTED_EDGE('',*,*,#2785,.F.);
#2785 = EDGE_CURVE('',#2786,#2778,#2788,.T.);
#2786 = VERTEX_POINT('',#2787);
#2787 = CARTESIAN_POINT('',(34.,10.000000000043,2.6));
#2788 = LINE('',#2789,#2790);
#2789 = CARTESIAN_POINT('',(34.,10.000000000043,2.6));
#2790 = VECTOR('',#2791,1.);
#2791 = DIRECTION('',(0.,0.,1.));
#2792 = ORIENTED_EDGE('',*,*,#2793,.T.);
#2793 = EDGE_CURVE('',#2786,#2794,#2796,.T.);
#2794 = VERTEX_POINT('',#2795);
#2795 = CARTESIAN_POINT('',(34.,11.1,2.6));
#2796 = LINE('',#2797,#2798);
#2797 = CARTESIAN_POINT('',(34.,10.000000000043,2.6));
#2798 = VECTOR('',#2799,1.);
#2799 = DIRECTION('',(0.,1.,0.));
#2800 = ORIENTED_EDGE('',*,*,#2801,.T.);
#2801 = EDGE_CURVE('',#2794,#1415,#2802,.T.);
#2802 = LINE('',#2803,#2804);
#2803 = CARTESIAN_POINT('',(34.,11.1,-165.2750301226));
#2804 = VECTOR('',#2805,1.);
#2805 = DIRECTION('',(-0.,-0.,-1.));
#2806 = PLANE('',#2807);
#2807 = AXIS2_PLACEMENT_3D('',#2808,#2809,#2810);
#2808 = CARTESIAN_POINT('',(34.,0.,0.));
#2809 = DIRECTION('',(-1.,0.,0.));
#2810 = DIRECTION('',(0.,1.,0.));
#2811 = ADVANCED_FACE('',(#2812),#2824,.F.);
#2812 = FACE_BOUND('',#2813,.T.);
#2813 = EDGE_LOOP('',(#2814,#2821,#2822,#2823));
#2814 = ORIENTED_EDGE('',*,*,#2815,.F.);
#2815 = EDGE_CURVE('',#2794,#2697,#2816,.T.);
#2816 = CIRCLE('',#2817,21.4);
#2817 = AXIS2_PLACEMENT_3D('',#2818,#2819,#2820);
#2818 = CARTESIAN_POINT('',(34.,32.5,2.6));
#2819 = DIRECTION('',(0.,0.,-1.));
#2820 = DIRECTION('',(1.,0.,0.));
#2821 = ORIENTED_EDGE('',*,*,#2801,.T.);
#2822 = ORIENTED_EDGE('',*,*,#1422,.T.);
#2823 = ORIENTED_EDGE('',*,*,#2696,.F.);
#2824 = CYLINDRICAL_SURFACE('',#2825,21.4);
#2825 = AXIS2_PLACEMENT_3D('',#2826,#2827,#2828);
#2826 = CARTESIAN_POINT('',(34.,32.5,-165.2750301226));
#2827 = DIRECTION('',(-0.,-0.,-1.));
#2828 = DIRECTION('',(1.,0.,0.));
#2829 = ADVANCED_FACE('',(#2830),#2875,.F.);
#2830 = FACE_BOUND('',#2831,.F.);
#2831 = EDGE_LOOP('',(#2832,#2840,#2841,#2842,#2843,#2851,#2860,#2868));
#2832 = ORIENTED_EDGE('',*,*,#2833,.T.);
#2833 = EDGE_CURVE('',#2834,#2778,#2836,.T.);
#2834 = VERTEX_POINT('',#2835);
#2835 = CARTESIAN_POINT('',(8.,10.000000000043,5.4));
#2836 = LINE('',#2837,#2838);
#2837 = CARTESIAN_POINT('',(4.,10.000000000043,5.4));
#2838 = VECTOR('',#2839,1.);
#2839 = DIRECTION('',(1.,0.,0.));
#2840 = ORIENTED_EDGE('',*,*,#2777,.T.);
#2841 = ORIENTED_EDGE('',*,*,#2755,.T.);
#2842 = ORIENTED_EDGE('',*,*,#2720,.T.);
#2843 = ORIENTED_EDGE('',*,*,#2844,.T.);
#2844 = EDGE_CURVE('',#2713,#2845,#2847,.T.);
#2845 = VERTEX_POINT('',#2846);
#2846 = CARTESIAN_POINT('',(8.,55.000000000043,5.4));
#2847 = LINE('',#2848,#2849);
#2848 = CARTESIAN_POINT('',(34.,55.000000000043,5.4));
#2849 = VECTOR('',#2850,1.);
#2850 = DIRECTION('',(-1.,0.,0.));
#2851 = ORIENTED_EDGE('',*,*,#2852,.T.);
#2852 = EDGE_CURVE('',#2845,#2853,#2855,.T.);
#2853 = VERTEX_POINT('',#2854);
#2854 = CARTESIAN_POINT('',(4.,51.000000000043,5.4));
#2855 = CIRCLE('',#2856,4.);
#2856 = AXIS2_PLACEMENT_3D('',#2857,#2858,#2859);
#2857 = CARTESIAN_POINT('',(8.,51.000000000043,5.4));
#2858 = DIRECTION('',(-0.,0.,1.));
#2859 = DIRECTION('',(0.,-1.,0.));
#2860 = ORIENTED_EDGE('',*,*,#2861,.T.);
#2861 = EDGE_CURVE('',#2853,#2862,#2864,.T.);
#2862 = VERTEX_POINT('',#2863);
#2863 = CARTESIAN_POINT('',(4.,14.000000000043,5.4));
#2864 = LINE('',#2865,#2866);
#2865 = CARTESIAN_POINT('',(4.,55.000000000043,5.4));
#2866 = VECTOR('',#2867,1.);
#2867 = DIRECTION('',(0.,-1.,0.));
#2868 = ORIENTED_EDGE('',*,*,#2869,.F.);
#2869 = EDGE_CURVE('',#2834,#2862,#2870,.T.);
#2870 = CIRCLE('',#2871,4.);
#2871 = AXIS2_PLACEMENT_3D('',#2872,#2873,#2874);
#2872 = CARTESIAN_POINT('',(8.,14.000000000043,5.4));
#2873 = DIRECTION('',(-0.,-0.,-1.));
#2874 = DIRECTION('',(0.,-1.,0.));
#2875 = PLANE('',#2876);
#2876 = AXIS2_PLACEMENT_3D('',#2877,#2878,#2879);
#2877 = CARTESIAN_POINT('',(19.,32.500000000043,5.4));
#2878 = DIRECTION('',(0.,0.,1.));
#2879 = DIRECTION('',(1.,0.,0.));
#2880 = ADVANCED_FACE('',(#2881),#2899,.T.);
#2881 = FACE_BOUND('',#2882,.T.);
#2882 = EDGE_LOOP('',(#2883,#2891,#2892,#2893));
#2883 = ORIENTED_EDGE('',*,*,#2884,.F.);
#2884 = EDGE_CURVE('',#2705,#2885,#2887,.T.);
#2885 = VERTEX_POINT('',#2886);
#2886 = CARTESIAN_POINT('',(8.,55.000000000043,2.6));
#2887 = LINE('',#2888,#2889);
#2888 = CARTESIAN_POINT('',(34.,55.000000000043,2.6));
#2889 = VECTOR('',#2890,1.);
#2890 = DIRECTION('',(-1.,0.,0.));
#2891 = ORIENTED_EDGE('',*,*,#2712,.T.);
#2892 = ORIENTED_EDGE('',*,*,#2844,.T.);
#2893 = ORIENTED_EDGE('',*,*,#2894,.F.);
#2894 = EDGE_CURVE('',#2885,#2845,#2895,.T.);
#2895 = LINE('',#2896,#2897);
#2896 = CARTESIAN_POINT('',(8.,55.000000000043,2.6));
#2897 = VECTOR('',#2898,1.);
#2898 = DIRECTION('',(0.,0.,1.));
#2899 = PLANE('',#2900);
#2900 = AXIS2_PLACEMENT_3D('',#2901,#2902,#2903);
#2901 = CARTESIAN_POINT('',(34.,55.000000000043,2.6));
#2902 = DIRECTION('',(0.,-1.,0.));
#2903 = DIRECTION('',(-1.,0.,0.));
#2904 = ADVANCED_FACE('',(#2905),#2943,.T.);
#2905 = FACE_BOUND('',#2906,.T.);
#2906 = EDGE_LOOP('',(#2907,#2915,#2916,#2917,#2918,#2919,#2928,#2936));
#2907 = ORIENTED_EDGE('',*,*,#2908,.T.);
#2908 = EDGE_CURVE('',#2909,#2786,#2911,.T.);
#2909 = VERTEX_POINT('',#2910);
#2910 = CARTESIAN_POINT('',(8.,10.000000000043,2.6));
#2911 = LINE('',#2912,#2913);
#2912 = CARTESIAN_POINT('',(4.,10.000000000043,2.6));
#2913 = VECTOR('',#2914,1.);
#2914 = DIRECTION('',(1.,0.,0.));
#2915 = ORIENTED_EDGE('',*,*,#2793,.T.);
#2916 = ORIENTED_EDGE('',*,*,#2815,.T.);
#2917 = ORIENTED_EDGE('',*,*,#2704,.T.);
#2918 = ORIENTED_EDGE('',*,*,#2884,.T.);
#2919 = ORIENTED_EDGE('',*,*,#2920,.T.);
#2920 = EDGE_CURVE('',#2885,#2921,#2923,.T.);
#2921 = VERTEX_POINT('',#2922);
#2922 = CARTESIAN_POINT('',(4.,51.000000000043,2.6));
#2923 = CIRCLE('',#2924,4.);
#2924 = AXIS2_PLACEMENT_3D('',#2925,#2926,#2927);
#2925 = CARTESIAN_POINT('',(8.,51.000000000043,2.6));
#2926 = DIRECTION('',(-0.,0.,1.));
#2927 = DIRECTION('',(0.,-1.,0.));
#2928 = ORIENTED_EDGE('',*,*,#2929,.T.);
#2929 = EDGE_CURVE('',#2921,#2930,#2932,.T.);
#2930 = VERTEX_POINT('',#2931);
#2931 = CARTESIAN_POINT('',(4.,14.000000000043,2.6));
#2932 = LINE('',#2933,#2934);
#2933 = CARTESIAN_POINT('',(4.,55.000000000043,2.6));
#2934 = VECTOR('',#2935,1.);
#2935 = DIRECTION('',(0.,-1.,0.));
#2936 = ORIENTED_EDGE('',*,*,#2937,.F.);
#2937 = EDGE_CURVE('',#2909,#2930,#2938,.T.);
#2938 = CIRCLE('',#2939,4.);
#2939 = AXIS2_PLACEMENT_3D('',#2940,#2941,#2942);
#2940 = CARTESIAN_POINT('',(8.,14.000000000043,2.6));
#2941 = DIRECTION('',(-0.,-0.,-1.));
#2942 = DIRECTION('',(0.,-1.,0.));
#2943 = PLANE('',#2944);
#2944 = AXIS2_PLACEMENT_3D('',#2945,#2946,#2947);
#2945 = CARTESIAN_POINT('',(19.,32.500000000043,2.6));
#2946 = DIRECTION('',(0.,0.,1.));
#2947 = DIRECTION('',(1.,0.,0.));
#2948 = ADVANCED_FACE('',(#2949),#2960,.T.);
#2949 = FACE_BOUND('',#2950,.T.);
#2950 = EDGE_LOOP('',(#2951,#2952,#2958,#2959));
#2951 = ORIENTED_EDGE('',*,*,#2908,.F.);
#2952 = ORIENTED_EDGE('',*,*,#2953,.T.);
#2953 = EDGE_CURVE('',#2909,#2834,#2954,.T.);
#2954 = LINE('',#2955,#2956);
#2955 = CARTESIAN_POINT('',(8.,10.000000000043,2.6));
#2956 = VECTOR('',#2957,1.);
#2957 = DIRECTION('',(0.,0.,1.));
#2958 = ORIENTED_EDGE('',*,*,#2833,.T.);
#2959 = ORIENTED_EDGE('',*,*,#2785,.F.);
#2960 = PLANE('',#2961);
#2961 = AXIS2_PLACEMENT_3D('',#2962,#2963,#2964);
#2962 = CARTESIAN_POINT('',(4.,10.000000000043,2.6));
#2963 = DIRECTION('',(0.,1.,0.));
#2964 = DIRECTION('',(1.,0.,0.));
#2965 = ADVANCED_FACE('',(#2966),#2977,.F.);
#2966 = FACE_BOUND('',#2967,.T.);
#2967 = EDGE_LOOP('',(#2968,#2969,#2975,#2976));
#2968 = ORIENTED_EDGE('',*,*,#2937,.T.);
#2969 = ORIENTED_EDGE('',*,*,#2970,.T.);
#2970 = EDGE_CURVE('',#2930,#2862,#2971,.T.);
#2971 = LINE('',#2972,#2973);
#2972 = CARTESIAN_POINT('',(4.,14.000000000043,2.6));
#2973 = VECTOR('',#2974,1.);
#2974 = DIRECTION('',(0.,0.,1.));
#2975 = ORIENTED_EDGE('',*,*,#2869,.F.);
#2976 = ORIENTED_EDGE('',*,*,#2953,.F.);
#2977 = CYLINDRICAL_SURFACE('',#2978,4.);
#2978 = AXIS2_PLACEMENT_3D('',#2979,#2980,#2981);
#2979 = CARTESIAN_POINT('',(8.,14.000000000043,2.6));
#2980 = DIRECTION('',(0.,0.,1.));
#2981 = DIRECTION('',(0.,-1.,0.));
#2982 = ADVANCED_FACE('',(#2983),#2994,.T.);
#2983 = FACE_BOUND('',#2984,.T.);
#2984 = EDGE_LOOP('',(#2985,#2986,#2992,#2993));
#2985 = ORIENTED_EDGE('',*,*,#2929,.F.);
#2986 = ORIENTED_EDGE('',*,*,#2987,.T.);
#2987 = EDGE_CURVE('',#2921,#2853,#2988,.T.);
#2988 = LINE('',#2989,#2990);
#2989 = CARTESIAN_POINT('',(4.,51.000000000043,2.6));
#2990 = VECTOR('',#2991,1.);
#2991 = DIRECTION('',(0.,0.,1.));
#2992 = ORIENTED_EDGE('',*,*,#2861,.T.);
#2993 = ORIENTED_EDGE('',*,*,#2970,.F.);
#2994 = PLANE('',#2995);
#2995 = AXIS2_PLACEMENT_3D('',#2996,#2997,#2998);
#2996 = CARTESIAN_POINT('',(4.,55.000000000043,2.6));
#2997 = DIRECTION('',(1.,0.,0.));
#2998 = DIRECTION('',(0.,-1.,0.));
#2999 = ADVANCED_FACE('',(#3000),#3006,.F.);
#3000 = FACE_BOUND('',#3001,.F.);
#3001 = EDGE_LOOP('',(#3002,#3003,#3004,#3005));
#3002 = ORIENTED_EDGE('',*,*,#2920,.T.);
#3003 = ORIENTED_EDGE('',*,*,#2987,.T.);
#3004 = ORIENTED_EDGE('',*,*,#2852,.F.);
#3005 = ORIENTED_EDGE('',*,*,#2894,.F.);
#3006 = CYLINDRICAL_SURFACE('',#3007,4.);
#3007 = AXIS2_PLACEMENT_3D('',#3008,#3009,#3010);
#3008 = CARTESIAN_POINT('',(8.,51.000000000043,2.6));
#3009 = DIRECTION('',(0.,0.,1.));
#3010 = DIRECTION('',(0.,1.,0.));
#3011 = ( GEOMETRIC_REPRESENTATION_CONTEXT(3) 
GLOBAL_UNCERTAINTY_ASSIGNED_CONTEXT((#3015)) 
GLOBAL_UNIT_ASSIGNED_CONTEXT((#3012,#3013,#3014)) REPRESENTATION_CONTEXT
('Context #1','3D Context with UNIT and UNCERTAINTY') );
#3012 = ( LENGTH_UNIT() NAMED_UNIT(*) SI_UNIT(.MILLI.,.METRE.) );
#3013 = ( NAMED_UNIT(*) PLANE_ANGLE_UNIT() SI_UNIT($,.RADIAN.) );
#3014 = ( NAMED_UNIT(*) SI_UNIT($,.STERADIAN.) SOLID_ANGLE_UNIT() );
#3015 = UNCERTAINTY_MEASURE_WITH_UNIT(LENGTH_MEASURE(1.E-07),#3012,
  'distance_accuracy_value','confusion accuracy');
#3016 = PRODUCT_RELATED_PRODUCT_CATEGORY('part',$,(#7));
#3017 = MECHANICAL_DESIGN_GEOMETRIC_PRESENTATION_REPRESENTATION('',(
    #3018),#3011);
#3018 = STYLED_ITEM('color',(#3019),#15);
#3019 = PRESENTATION_STYLE_ASSIGNMENT((#3020,#3026));
#3020 = SURFACE_STYLE_USAGE(.BOTH.,#3021);
#3021 = SURFACE_SIDE_STYLE('',(#3022));
#3022 = SURFACE_STYLE_FILL_AREA(#3023);
#3023 = FILL_AREA_STYLE('',(#3024));
#3024 = FILL_AREA_STYLE_COLOUR('',#3025);
#3025 = COLOUR_RGB('',0.678431390124,0.709803936702,0.741176476869);
#3026 = CURVE_STYLE('',#3027,POSITIVE_LENGTH_MEASURE(0.1),#3028);
#3027 = DRAUGHTING_PRE_DEFINED_CURVE_FONT('continuous');
#3028 = COLOUR_RGB('',9.803921802644E-02,9.803921802644E-02,
  9.803921802644E-02);
ENDSEC;
END-ISO-10303-21;
