ISO-10303-21;
HEADER;
FILE_DESCRIPTION(('FreeCAD Model'),'2;1');
FILE_NAME('Open CASCADE Shape Model','2026-09-16T20:34:43',(''),(''),
  'Open CASCADE STEP processor 7.8','FreeCAD','Unknown');
FILE_SCHEMA(('AUTOMOTIVE_DESIGN { 1 0 10303 214 1 1 1 1 }'));
ENDSEC;
DATA;
#1 = APPLICATION_PROTOCOL_DEFINITION('international standard',
  'automotive_design',2000,#2);
#2 = APPLICATION_CONTEXT(
  'core data for automotive mechanical design processes');
#3 = SHAPE_DEFINITION_REPRESENTATION(#4,#10);
#4 = PRODUCT_DEFINITION_SHAPE('','',#5);
#5 = PRODUCT_DEFINITION('design','',#6,#9);
#6 = PRODUCT_DEFINITION_FORMATION('','',#7);
#7 = PRODUCT('CylinderBodyClamp','CylinderBodyClamp','',(#8));
#8 = PRODUCT_CONTEXT('',#2,'mechanical');
#9 = PRODUCT_DEFINITION_CONTEXT('part definition',#2,'design');
#10 = ADVANCED_BREP_SHAPE_REPRESENTATION('',(#11,#15),#3112);
#11 = AXIS2_PLACEMENT_3D('',#12,#13,#14);
#12 = CARTESIAN_POINT('',(0.,0.,0.));
#13 = DIRECTION('',(0.,0.,1.));
#14 = DIRECTION('',(1.,0.,-0.));
#15 = MANIFOLD_SOLID_BREP('',#16);
#16 = CLOSED_SHELL('',(#17,#156,#427,#452,#715,#755,#924,#988,#1013,
    #1086,#1246,#1293,#1326,#1365,#1387,#1399,#1416,#1433,#1450,#1467,
    #1484,#1501,#1518,#1535,#1552,#1569,#1586,#1603,#1620,#1637,#1654,
    #1671,#1688,#1705,#1722,#1739,#1756,#1773,#1790,#1807,#1824,#1841,
    #1858,#1870,#1892,#1911,#1929,#1980,#2004,#2048,#2065,#2084,#2117,
    #2148,#2179,#2210,#2241,#2272,#2305,#2336,#2367,#2398,#2429,#2460,
    #2491,#2524,#2555,#2588,#2619,#2650,#2681,#2712,#2743,#2774,#2807,
    #2838,#2869,#2900,#2931,#2962,#2979,#2996,#3008,#3032,#3072));
#17 = ADVANCED_FACE('',(#18),#151,.F.);
#18 = FACE_BOUND('',#19,.F.);
#19 = EDGE_LOOP('',(#20,#30,#38,#46,#54,#62,#70,#78,#86,#94,#103,#111,
    #120,#128,#137,#145));
#20 = ORIENTED_EDGE('',*,*,#21,.F.);
#21 = EDGE_CURVE('',#22,#24,#26,.T.);
#22 = VERTEX_POINT('',#23);
#23 = CARTESIAN_POINT('',(7.,51.654372266414,0.));
#24 = VERTEX_POINT('',#25);
#25 = CARTESIAN_POINT('',(23.,51.654372266414,0.));
#26 = LINE('',#27,#28);
#27 = CARTESIAN_POINT('',(7.,51.654372266414,0.));
#28 = VECTOR('',#29,1.);
#29 = DIRECTION('',(1.,0.,0.));
#30 = ORIENTED_EDGE('',*,*,#31,.F.);
#31 = EDGE_CURVE('',#32,#22,#34,.T.);
#32 = VERTEX_POINT('',#33);
#33 = CARTESIAN_POINT('',(7.,65.,8.881784197001E-16));
#34 = LINE('',#35,#36);
#35 = CARTESIAN_POINT('',(7.,65.,8.881784197001E-16));
#36 = VECTOR('',#37,1.);
#37 = DIRECTION('',(0.,-1.,0.));
#38 = ORIENTED_EDGE('',*,*,#39,.T.);
#39 = EDGE_CURVE('',#32,#40,#42,.T.);
#40 = VERTEX_POINT('',#41);
#41 = CARTESIAN_POINT('',(0.,65.,0.));
#42 = LINE('',#43,#44);
#43 = CARTESIAN_POINT('',(34.,65.,0.));
#44 = VECTOR('',#45,1.);
#45 = DIRECTION('',(-1.,0.,0.));
#46 = ORIENTED_EDGE('',*,*,#47,.T.);
#47 = EDGE_CURVE('',#40,#48,#50,.T.);
#48 = VERTEX_POINT('',#49);
#49 = CARTESIAN_POINT('',(0.,0.,0.));
#50 = LINE('',#51,#52);
#51 = CARTESIAN_POINT('',(0.,65.,0.));
#52 = VECTOR('',#53,1.);
#53 = DIRECTION('',(0.,-1.,0.));
#54 = ORIENTED_EDGE('',*,*,#55,.T.);
#55 = EDGE_CURVE('',#48,#56,#58,.T.);
#56 = VERTEX_POINT('',#57);
#57 = CARTESIAN_POINT('',(7.,0.,8.881784197001E-16));
#58 = LINE('',#59,#60);
#59 = CARTESIAN_POINT('',(0.,0.,0.));
#60 = VECTOR('',#61,1.);
#61 = DIRECTION('',(1.,0.,0.));
#62 = ORIENTED_EDGE('',*,*,#63,.T.);
#63 = EDGE_CURVE('',#56,#64,#66,.T.);
#64 = VERTEX_POINT('',#65);
#65 = CARTESIAN_POINT('',(7.,13.345627733586,0.));
#66 = LINE('',#67,#68);
#67 = CARTESIAN_POINT('',(7.,16.105849182817,0.));
#68 = VECTOR('',#69,1.);
#69 = DIRECTION('',(0.,1.,0.));
#70 = ORIENTED_EDGE('',*,*,#71,.T.);
#71 = EDGE_CURVE('',#64,#72,#74,.T.);
#72 = VERTEX_POINT('',#73);
#73 = CARTESIAN_POINT('',(23.,13.345627733586,0.));
#74 = LINE('',#75,#76);
#75 = CARTESIAN_POINT('',(7.,13.345627733586,0.));
#76 = VECTOR('',#77,1.);
#77 = DIRECTION('',(1.,0.,0.));
#78 = ORIENTED_EDGE('',*,*,#79,.F.);
#79 = EDGE_CURVE('',#80,#72,#82,.T.);
#80 = VERTEX_POINT('',#81);
#81 = CARTESIAN_POINT('',(23.,0.,8.881784197001E-16));
#82 = LINE('',#83,#84);
#83 = CARTESIAN_POINT('',(23.,0.,8.881784197001E-16));
#84 = VECTOR('',#85,1.);
#85 = DIRECTION('',(0.,1.,0.));
#86 = ORIENTED_EDGE('',*,*,#87,.T.);
#87 = EDGE_CURVE('',#80,#88,#90,.T.);
#88 = VERTEX_POINT('',#89);
#89 = CARTESIAN_POINT('',(29.,0.,0.));
#90 = LINE('',#91,#92);
#91 = CARTESIAN_POINT('',(0.,0.,0.));
#92 = VECTOR('',#93,1.);
#93 = DIRECTION('',(1.,0.,0.));
#94 = ORIENTED_EDGE('',*,*,#95,.F.);
#95 = EDGE_CURVE('',#96,#88,#98,.T.);
#96 = VERTEX_POINT('',#97);
#97 = CARTESIAN_POINT('',(34.,5.,0.));
#98 = CIRCLE('',#99,5.);
#99 = AXIS2_PLACEMENT_3D('',#100,#101,#102);
#100 = CARTESIAN_POINT('',(34.,0.,0.));
#101 = DIRECTION('',(0.,0.,1.));
#102 = DIRECTION('',(1.,0.,0.));
#103 = ORIENTED_EDGE('',*,*,#104,.T.);
#104 = EDGE_CURVE('',#96,#105,#107,.T.);
#105 = VERTEX_POINT('',#106);
#106 = CARTESIAN_POINT('',(34.,11.1,0.));
#107 = LINE('',#108,#109);
#108 = CARTESIAN_POINT('',(34.,0.,0.));
#109 = VECTOR('',#110,1.);
#110 = DIRECTION('',(0.,1.,0.));
#111 = ORIENTED_EDGE('',*,*,#112,.T.);
#112 = EDGE_CURVE('',#105,#113,#115,.T.);
#113 = VERTEX_POINT('',#114);
#114 = CARTESIAN_POINT('',(34.,53.9,0.));
#115 = CIRCLE('',#116,21.4);
#116 = AXIS2_PLACEMENT_3D('',#117,#118,#119);
#117 = CARTESIAN_POINT('',(34.,32.5,0.));
#118 = DIRECTION('',(0.,0.,-1.));
#119 = DIRECTION('',(1.,0.,0.));
#120 = ORIENTED_EDGE('',*,*,#121,.T.);
#121 = EDGE_CURVE('',#113,#122,#124,.T.);
#122 = VERTEX_POINT('',#123);
#123 = CARTESIAN_POINT('',(34.,60.,0.));
#124 = LINE('',#125,#126);
#125 = CARTESIAN_POINT('',(34.,0.,0.));
#126 = VECTOR('',#127,1.);
#127 = DIRECTION('',(0.,1.,0.));
#128 = ORIENTED_EDGE('',*,*,#129,.F.);
#129 = EDGE_CURVE('',#130,#122,#132,.T.);
#130 = VERTEX_POINT('',#131);
#131 = CARTESIAN_POINT('',(29.,65.,0.));
#132 = CIRCLE('',#133,5.);
#133 = AXIS2_PLACEMENT_3D('',#134,#135,#136);
#134 = CARTESIAN_POINT('',(34.,65.,0.));
#135 = DIRECTION('',(0.,0.,1.));
#136 = DIRECTION('',(1.,0.,0.));
#137 = ORIENTED_EDGE('',*,*,#138,.T.);
#138 = EDGE_CURVE('',#130,#139,#141,.T.);
#139 = VERTEX_POINT('',#140);
#140 = CARTESIAN_POINT('',(23.,65.,8.881784197001E-16));
#141 = LINE('',#142,#143);
#142 = CARTESIAN_POINT('',(34.,65.,0.));
#143 = VECTOR('',#144,1.);
#144 = DIRECTION('',(-1.,0.,0.));
#145 = ORIENTED_EDGE('',*,*,#146,.T.);
#146 = EDGE_CURVE('',#139,#24,#147,.T.);
#147 = LINE('',#148,#149);
#148 = CARTESIAN_POINT('',(23.,48.894150817183,0.));
#149 = VECTOR('',#150,1.);
#150 = DIRECTION('',(-0.,-1.,-0.));
#151 = PLANE('',#152);
#152 = AXIS2_PLACEMENT_3D('',#153,#154,#155);
#153 = CARTESIAN_POINT('',(17.,32.5,0.));
#154 = DIRECTION('',(0.,0.,1.));
#155 = DIRECTION('',(1.,0.,0.));
#156 = ADVANCED_FACE('',(#157),#422,.F.);
#157 = FACE_BOUND('',#158,.F.);
#158 = EDGE_LOOP('',(#159,#169,#178,#184,#185,#194,#202,#211,#219,#227,
    #235,#243,#252,#260,#268,#276,#284,#292,#300,#309,#317,#326,#334,
    #342,#350,#358,#366,#374,#383,#391,#399,#407,#415));
#159 = ORIENTED_EDGE('',*,*,#160,.F.);
#160 = EDGE_CURVE('',#161,#163,#165,.T.);
#161 = VERTEX_POINT('',#162);
#162 = CARTESIAN_POINT('',(7.,66.386300243527,-1.449725744865));
#163 = VERTEX_POINT('',#164);
#164 = CARTESIAN_POINT('',(7.,71.263699756473,-6.550274255135));
#165 = LINE('',#166,#167);
#166 = CARTESIAN_POINT('',(7.,65.,8.881784197001E-16));
#167 = VECTOR('',#168,1.);
#168 = DIRECTION('',(-0.,0.691120078425,-0.722739951295));
#169 = ORIENTED_EDGE('',*,*,#170,.F.);
#170 = EDGE_CURVE('',#171,#161,#173,.T.);
#171 = VERTEX_POINT('',#172);
#172 = CARTESIAN_POINT('',(7.,65.,2.005874647262));
#173 = CIRCLE('',#174,5.);
#174 = AXIS2_PLACEMENT_3D('',#175,#176,#177);
#175 = CARTESIAN_POINT('',(7.,70.,2.005874647262));
#176 = DIRECTION('',(1.,-0.,0.));
#177 = DIRECTION('',(0.,0.,-1.));
#178 = ORIENTED_EDGE('',*,*,#179,.F.);
#179 = EDGE_CURVE('',#32,#171,#180,.T.);
#180 = LINE('',#181,#182);
#181 = CARTESIAN_POINT('',(7.,65.,-5.386411026862));
#182 = VECTOR('',#183,1.);
#183 = DIRECTION('',(0.,0.,1.));
#184 = ORIENTED_EDGE('',*,*,#31,.T.);
#185 = ORIENTED_EDGE('',*,*,#186,.T.);
#186 = EDGE_CURVE('',#22,#187,#189,.T.);
#187 = VERTEX_POINT('',#188);
#188 = CARTESIAN_POINT('',(7.,55.499415348486,-1.803807938028));
#189 = CIRCLE('',#190,5.);
#190 = AXIS2_PLACEMENT_3D('',#191,#192,#193);
#191 = CARTESIAN_POINT('',(7.,51.654372266414,-5.));
#192 = DIRECTION('',(-1.,0.,0.));
#193 = DIRECTION('',(0.,0.,1.));
#194 = ORIENTED_EDGE('',*,*,#195,.F.);
#195 = EDGE_CURVE('',#196,#187,#198,.T.);
#196 = VERTEX_POINT('',#197);
#197 = CARTESIAN_POINT('',(7.,59.495043082072,-6.610578143846));
#198 = LINE('',#199,#200);
#199 = CARTESIAN_POINT('',(7.,60.65,-8.));
#200 = VECTOR('',#201,1.);
#201 = DIRECTION('',(0.,-0.639238412394,0.769008616414));
#202 = ORIENTED_EDGE('',*,*,#203,.T.);
#203 = EDGE_CURVE('',#196,#204,#206,.T.);
#204 = VERTEX_POINT('',#205);
#205 = CARTESIAN_POINT('',(7.,60.65,-9.806770205818));
#206 = CIRCLE('',#207,5.);
#207 = AXIS2_PLACEMENT_3D('',#208,#209,#210);
#208 = CARTESIAN_POINT('',(7.,55.65,-9.806770205818));
#209 = DIRECTION('',(-1.,0.,0.));
#210 = DIRECTION('',(0.,0.,1.));
#211 = ORIENTED_EDGE('',*,*,#212,.T.);
#212 = EDGE_CURVE('',#204,#213,#215,.T.);
#213 = VERTEX_POINT('',#214);
#214 = CARTESIAN_POINT('',(7.,60.65,-16.));
#215 = LINE('',#216,#217);
#216 = CARTESIAN_POINT('',(7.,60.65,-8.));
#217 = VECTOR('',#218,1.);
#218 = DIRECTION('',(0.,0.,-1.));
#219 = ORIENTED_EDGE('',*,*,#220,.T.);
#220 = EDGE_CURVE('',#213,#221,#223,.T.);
#221 = VERTEX_POINT('',#222);
#222 = CARTESIAN_POINT('',(7.,63.25,-16.));
#223 = LINE('',#224,#225);
#224 = CARTESIAN_POINT('',(7.,60.65,-16.));
#225 = VECTOR('',#226,1.);
#226 = DIRECTION('',(0.,1.,0.));
#227 = ORIENTED_EDGE('',*,*,#228,.T.);
#228 = EDGE_CURVE('',#221,#229,#231,.T.);
#229 = VERTEX_POINT('',#230);
#230 = CARTESIAN_POINT('',(7.,63.25,-10.));
#231 = LINE('',#232,#233);
#232 = CARTESIAN_POINT('',(7.,63.25,-16.));
#233 = VECTOR('',#234,1.);
#234 = DIRECTION('',(0.,0.,1.));
#235 = ORIENTED_EDGE('',*,*,#236,.T.);
#236 = EDGE_CURVE('',#229,#237,#239,.T.);
#237 = VERTEX_POINT('',#238);
#238 = CARTESIAN_POINT('',(7.,63.35,-10.));
#239 = LINE('',#240,#241);
#240 = CARTESIAN_POINT('',(7.,63.25,-10.));
#241 = VECTOR('',#242,1.);
#242 = DIRECTION('',(0.,1.,0.));
#243 = ORIENTED_EDGE('',*,*,#244,.T.);
#244 = EDGE_CURVE('',#237,#245,#247,.T.);
#245 = VERTEX_POINT('',#246);
#246 = CARTESIAN_POINT('',(7.,64.15,-10.8));
#247 = CIRCLE('',#248,0.8);
#248 = AXIS2_PLACEMENT_3D('',#249,#250,#251);
#249 = CARTESIAN_POINT('',(7.,63.35,-10.8));
#250 = DIRECTION('',(-1.,0.,0.));
#251 = DIRECTION('',(0.,-1.,0.));
#252 = ORIENTED_EDGE('',*,*,#253,.T.);
#253 = EDGE_CURVE('',#245,#254,#256,.T.);
#254 = VERTEX_POINT('',#255);
#255 = CARTESIAN_POINT('',(7.,64.15,-17.8));
#256 = LINE('',#257,#258);
#257 = CARTESIAN_POINT('',(7.,64.15,-10.8));
#258 = VECTOR('',#259,1.);
#259 = DIRECTION('',(0.,-2.030122102172E-15,-1.));
#260 = ORIENTED_EDGE('',*,*,#261,.T.);
#261 = EDGE_CURVE('',#254,#262,#264,.T.);
#262 = VERTEX_POINT('',#263);
#263 = CARTESIAN_POINT('',(7.,63.15,-17.8));
#264 = LINE('',#265,#266);
#265 = CARTESIAN_POINT('',(7.,64.15,-17.8));
#266 = VECTOR('',#267,1.);
#267 = DIRECTION('',(0.,-1.,0.));
#268 = ORIENTED_EDGE('',*,*,#269,.T.);
#269 = EDGE_CURVE('',#262,#270,#272,.T.);
#270 = VERTEX_POINT('',#271);
#271 = CARTESIAN_POINT('',(7.,63.15,-18.1));
#272 = LINE('',#273,#274);
#273 = CARTESIAN_POINT('',(7.,63.15,-17.8));
#274 = VECTOR('',#275,1.);
#275 = DIRECTION('',(0.,0.,-1.));
#276 = ORIENTED_EDGE('',*,*,#277,.T.);
#277 = EDGE_CURVE('',#270,#278,#280,.T.);
#278 = VERTEX_POINT('',#279);
#279 = CARTESIAN_POINT('',(7.,64.142854071302,-19.8196728048));
#280 = LINE('',#281,#282);
#281 = CARTESIAN_POINT('',(7.,63.15,-18.1));
#282 = VECTOR('',#283,1.);
#283 = DIRECTION('',(-0.,0.500000194338,-0.866025291584));
#284 = ORIENTED_EDGE('',*,*,#285,.T.);
#285 = EDGE_CURVE('',#278,#286,#288,.T.);
#286 = VERTEX_POINT('',#287);
#287 = CARTESIAN_POINT('',(7.,64.742854071302,-19.8196728048));
#288 = LINE('',#289,#290);
#289 = CARTESIAN_POINT('',(7.,64.142854071302,-19.8196728048));
#290 = VECTOR('',#291,1.);
#291 = DIRECTION('',(0.,1.,0.));
#292 = ORIENTED_EDGE('',*,*,#293,.T.);
#293 = EDGE_CURVE('',#286,#294,#296,.T.);
#294 = VERTEX_POINT('',#295);
#295 = CARTESIAN_POINT('',(7.,65.703950198231,-10.44898556725));
#296 = LINE('',#297,#298);
#297 = CARTESIAN_POINT('',(7.,64.742854071302,-19.8196728048));
#298 = VECTOR('',#299,1.);
#299 = DIRECTION('',(0.,0.102028865499,0.994781438611));
#300 = ORIENTED_EDGE('',*,*,#301,.T.);
#301 = EDGE_CURVE('',#294,#302,#304,.T.);
#302 = VERTEX_POINT('',#303);
#303 = CARTESIAN_POINT('',(7.,66.201340917536,-10.));
#304 = CIRCLE('',#305,0.5);
#305 = AXIS2_PLACEMENT_3D('',#306,#307,#308);
#306 = CARTESIAN_POINT('',(7.,66.201340917536,-10.5));
#307 = DIRECTION('',(-1.,0.,0.));
#308 = DIRECTION('',(0.,-1.,0.));
#309 = ORIENTED_EDGE('',*,*,#310,.T.);
#310 = EDGE_CURVE('',#302,#311,#313,.T.);
#311 = VERTEX_POINT('',#312);
#312 = CARTESIAN_POINT('',(7.,67.098659082464,-10.));
#313 = LINE('',#314,#315);
#314 = CARTESIAN_POINT('',(7.,66.201340917536,-10.));
#315 = VECTOR('',#316,1.);
#316 = DIRECTION('',(0.,1.,0.));
#317 = ORIENTED_EDGE('',*,*,#318,.T.);
#318 = EDGE_CURVE('',#311,#319,#321,.T.);
#319 = VERTEX_POINT('',#320);
#320 = CARTESIAN_POINT('',(7.,67.596049801769,-10.44898556725));
#321 = CIRCLE('',#322,0.5);
#322 = AXIS2_PLACEMENT_3D('',#323,#324,#325);
#323 = CARTESIAN_POINT('',(7.,67.098659082464,-10.5));
#324 = DIRECTION('',(-1.,0.,0.));
#325 = DIRECTION('',(0.,-1.,0.));
#326 = ORIENTED_EDGE('',*,*,#327,.T.);
#327 = EDGE_CURVE('',#319,#328,#330,.T.);
#328 = VERTEX_POINT('',#329);
#329 = CARTESIAN_POINT('',(7.,68.557145928698,-19.8196728048));
#330 = LINE('',#331,#332);
#331 = CARTESIAN_POINT('',(7.,67.596049801769,-10.44898556725));
#332 = VECTOR('',#333,1.);
#333 = DIRECTION('',(-0.,0.102028865499,-0.994781438611));
#334 = ORIENTED_EDGE('',*,*,#335,.T.);
#335 = EDGE_CURVE('',#328,#336,#338,.T.);
#336 = VERTEX_POINT('',#337);
#337 = CARTESIAN_POINT('',(7.,69.157145928698,-19.8196728048));
#338 = LINE('',#339,#340);
#339 = CARTESIAN_POINT('',(7.,68.557145928698,-19.8196728048));
#340 = VECTOR('',#341,1.);
#341 = DIRECTION('',(0.,1.,0.));
#342 = ORIENTED_EDGE('',*,*,#343,.T.);
#343 = EDGE_CURVE('',#336,#344,#346,.T.);
#344 = VERTEX_POINT('',#345);
#345 = CARTESIAN_POINT('',(7.,70.15,-18.1));
#346 = LINE('',#347,#348);
#347 = CARTESIAN_POINT('',(7.,69.157145928698,-19.8196728048));
#348 = VECTOR('',#349,1.);
#349 = DIRECTION('',(0.,0.500000194338,0.866025291584));
#350 = ORIENTED_EDGE('',*,*,#351,.T.);
#351 = EDGE_CURVE('',#344,#352,#354,.T.);
#352 = VERTEX_POINT('',#353);
#353 = CARTESIAN_POINT('',(7.,70.15,-17.8));
#354 = LINE('',#355,#356);
#355 = CARTESIAN_POINT('',(7.,70.15,-18.1));
#356 = VECTOR('',#357,1.);
#357 = DIRECTION('',(0.,-9.473903143468E-14,1.));
#358 = ORIENTED_EDGE('',*,*,#359,.T.);
#359 = EDGE_CURVE('',#352,#360,#362,.T.);
#360 = VERTEX_POINT('',#361);
#361 = CARTESIAN_POINT('',(7.,69.15,-17.8));
#362 = LINE('',#363,#364);
#363 = CARTESIAN_POINT('',(7.,70.15,-17.8));
#364 = VECTOR('',#365,1.);
#365 = DIRECTION('',(0.,-1.,0.));
#366 = ORIENTED_EDGE('',*,*,#367,.T.);
#367 = EDGE_CURVE('',#360,#368,#370,.T.);
#368 = VERTEX_POINT('',#369);
#369 = CARTESIAN_POINT('',(7.,69.15,-10.8));
#370 = LINE('',#371,#372);
#371 = CARTESIAN_POINT('',(7.,69.15,-17.8));
#372 = VECTOR('',#373,1.);
#373 = DIRECTION('',(0.,-2.030122102172E-15,1.));
#374 = ORIENTED_EDGE('',*,*,#375,.T.);
#375 = EDGE_CURVE('',#368,#376,#378,.T.);
#376 = VERTEX_POINT('',#377);
#377 = CARTESIAN_POINT('',(7.,69.95,-10.));
#378 = CIRCLE('',#379,0.8);
#379 = AXIS2_PLACEMENT_3D('',#380,#381,#382);
#380 = CARTESIAN_POINT('',(7.,69.95,-10.8));
#381 = DIRECTION('',(-1.,0.,0.));
#382 = DIRECTION('',(0.,-1.,0.));
#383 = ORIENTED_EDGE('',*,*,#384,.T.);
#384 = EDGE_CURVE('',#376,#385,#387,.T.);
#385 = VERTEX_POINT('',#386);
#386 = CARTESIAN_POINT('',(7.,70.05,-10.));
#387 = LINE('',#388,#389);
#388 = CARTESIAN_POINT('',(7.,69.95,-10.));
#389 = VECTOR('',#390,1.);
#390 = DIRECTION('',(-0.,1.,-1.7763568394E-14));
#391 = ORIENTED_EDGE('',*,*,#392,.T.);
#392 = EDGE_CURVE('',#385,#393,#395,.T.);
#393 = VERTEX_POINT('',#394);
#394 = CARTESIAN_POINT('',(7.,70.05,-16.));
#395 = LINE('',#396,#397);
#396 = CARTESIAN_POINT('',(7.,70.05,-10.));
#397 = VECTOR('',#398,1.);
#398 = DIRECTION('',(0.,0.,-1.));
#399 = ORIENTED_EDGE('',*,*,#400,.T.);
#400 = EDGE_CURVE('',#393,#401,#403,.T.);
#401 = VERTEX_POINT('',#402);
#402 = CARTESIAN_POINT('',(7.,72.65,-16.));
#403 = LINE('',#404,#405);
#404 = CARTESIAN_POINT('',(7.,70.05,-16.));
#405 = VECTOR('',#406,1.);
#406 = DIRECTION('',(0.,1.,0.));
#407 = ORIENTED_EDGE('',*,*,#408,.T.);
#408 = EDGE_CURVE('',#401,#409,#411,.T.);
#409 = VERTEX_POINT('',#410);
#410 = CARTESIAN_POINT('',(7.,72.65,-10.00587464726));
#411 = LINE('',#412,#413);
#412 = CARTESIAN_POINT('',(7.,72.65,-16.));
#413 = VECTOR('',#414,1.);
#414 = DIRECTION('',(0.,1.7763568394E-15,1.));
#415 = ORIENTED_EDGE('',*,*,#416,.F.);
#416 = EDGE_CURVE('',#163,#409,#417,.T.);
#417 = CIRCLE('',#418,5.);
#418 = AXIS2_PLACEMENT_3D('',#419,#420,#421);
#419 = CARTESIAN_POINT('',(7.,67.65,-10.00587464726));
#420 = DIRECTION('',(-1.,0.,0.));
#421 = DIRECTION('',(0.,0.,1.));
#422 = PLANE('',#423);
#423 = AXIS2_PLACEMENT_3D('',#424,#425,#426);
#424 = CARTESIAN_POINT('',(7.,65.288301634367,-10.77282205372));
#425 = DIRECTION('',(1.,0.,0.));
#426 = DIRECTION('',(0.,0.,1.));
#427 = ADVANCED_FACE('',(#428),#447,.F.);
#428 = FACE_BOUND('',#429,.T.);
#429 = EDGE_LOOP('',(#430,#431,#439,#446));
#430 = ORIENTED_EDGE('',*,*,#186,.T.);
#431 = ORIENTED_EDGE('',*,*,#432,.T.);
#432 = EDGE_CURVE('',#187,#433,#435,.T.);
#433 = VERTEX_POINT('',#434);
#434 = CARTESIAN_POINT('',(23.,55.499415348486,-1.803807938028));
#435 = LINE('',#436,#437);
#436 = CARTESIAN_POINT('',(7.,55.499415348486,-1.803807938028));
#437 = VECTOR('',#438,1.);
#438 = DIRECTION('',(1.,0.,0.));
#439 = ORIENTED_EDGE('',*,*,#440,.F.);
#440 = EDGE_CURVE('',#24,#433,#441,.T.);
#441 = CIRCLE('',#442,5.);
#442 = AXIS2_PLACEMENT_3D('',#443,#444,#445);
#443 = CARTESIAN_POINT('',(23.,51.654372266414,-5.));
#444 = DIRECTION('',(-1.,0.,0.));
#445 = DIRECTION('',(0.,0.,1.));
#446 = ORIENTED_EDGE('',*,*,#21,.F.);
#447 = CYLINDRICAL_SURFACE('',#448,5.);
#448 = AXIS2_PLACEMENT_3D('',#449,#450,#451);
#449 = CARTESIAN_POINT('',(7.,51.654372266414,-5.));
#450 = DIRECTION('',(1.,0.,0.));
#451 = DIRECTION('',(0.,0.,1.));
#452 = ADVANCED_FACE('',(#453),#710,.T.);
#453 = FACE_BOUND('',#454,.T.);
#454 = EDGE_LOOP('',(#455,#465,#474,#480,#481,#482,#490,#499,#507,#515,
    #523,#531,#540,#548,#556,#564,#572,#580,#588,#597,#605,#614,#622,
    #630,#638,#646,#654,#662,#671,#679,#687,#695,#703));
#455 = ORIENTED_EDGE('',*,*,#456,.F.);
#456 = EDGE_CURVE('',#457,#459,#461,.T.);
#457 = VERTEX_POINT('',#458);
#458 = CARTESIAN_POINT('',(23.,66.386300243527,-1.449725744865));
#459 = VERTEX_POINT('',#460);
#460 = CARTESIAN_POINT('',(23.,71.263699756473,-6.550274255135));
#461 = LINE('',#462,#463);
#462 = CARTESIAN_POINT('',(23.,65.,8.881784197001E-16));
#463 = VECTOR('',#464,1.);
#464 = DIRECTION('',(-0.,0.691120078425,-0.722739951295));
#465 = ORIENTED_EDGE('',*,*,#466,.F.);
#466 = EDGE_CURVE('',#467,#457,#469,.T.);
#467 = VERTEX_POINT('',#468);
#468 = CARTESIAN_POINT('',(23.,65.,2.005874647262));
#469 = CIRCLE('',#470,5.);
#470 = AXIS2_PLACEMENT_3D('',#471,#472,#473);
#471 = CARTESIAN_POINT('',(23.,70.,2.005874647262));
#472 = DIRECTION('',(1.,-0.,0.));
#473 = DIRECTION('',(0.,0.,-1.));
#474 = ORIENTED_EDGE('',*,*,#475,.F.);
#475 = EDGE_CURVE('',#139,#467,#476,.T.);
#476 = LINE('',#477,#478);
#477 = CARTESIAN_POINT('',(23.,65.,-5.386411026862));
#478 = VECTOR('',#479,1.);
#479 = DIRECTION('',(0.,0.,1.));
#480 = ORIENTED_EDGE('',*,*,#146,.T.);
#481 = ORIENTED_EDGE('',*,*,#440,.T.);
#482 = ORIENTED_EDGE('',*,*,#483,.F.);
#483 = EDGE_CURVE('',#484,#433,#486,.T.);
#484 = VERTEX_POINT('',#485);
#485 = CARTESIAN_POINT('',(23.,59.495043082072,-6.610578143846));
#486 = LINE('',#487,#488);
#487 = CARTESIAN_POINT('',(23.,60.65,-8.));
#488 = VECTOR('',#489,1.);
#489 = DIRECTION('',(0.,-0.639238412394,0.769008616414));
#490 = ORIENTED_EDGE('',*,*,#491,.T.);
#491 = EDGE_CURVE('',#484,#492,#494,.T.);
#492 = VERTEX_POINT('',#493);
#493 = CARTESIAN_POINT('',(23.,60.65,-9.806770205818));
#494 = CIRCLE('',#495,5.);
#495 = AXIS2_PLACEMENT_3D('',#496,#497,#498);
#496 = CARTESIAN_POINT('',(23.,55.65,-9.806770205818));
#497 = DIRECTION('',(-1.,0.,0.));
#498 = DIRECTION('',(0.,0.,1.));
#499 = ORIENTED_EDGE('',*,*,#500,.T.);
#500 = EDGE_CURVE('',#492,#501,#503,.T.);
#501 = VERTEX_POINT('',#502);
#502 = CARTESIAN_POINT('',(23.,60.65,-16.));
#503 = LINE('',#504,#505);
#504 = CARTESIAN_POINT('',(23.,60.65,-8.));
#505 = VECTOR('',#506,1.);
#506 = DIRECTION('',(0.,0.,-1.));
#507 = ORIENTED_EDGE('',*,*,#508,.T.);
#508 = EDGE_CURVE('',#501,#509,#511,.T.);
#509 = VERTEX_POINT('',#510);
#510 = CARTESIAN_POINT('',(23.,63.25,-16.));
#511 = LINE('',#512,#513);
#512 = CARTESIAN_POINT('',(23.,60.65,-16.));
#513 = VECTOR('',#514,1.);
#514 = DIRECTION('',(0.,1.,0.));
#515 = ORIENTED_EDGE('',*,*,#516,.T.);
#516 = EDGE_CURVE('',#509,#517,#519,.T.);
#517 = VERTEX_POINT('',#518);
#518 = CARTESIAN_POINT('',(23.,63.25,-10.));
#519 = LINE('',#520,#521);
#520 = CARTESIAN_POINT('',(23.,63.25,-16.));
#521 = VECTOR('',#522,1.);
#522 = DIRECTION('',(0.,0.,1.));
#523 = ORIENTED_EDGE('',*,*,#524,.T.);
#524 = EDGE_CURVE('',#517,#525,#527,.T.);
#525 = VERTEX_POINT('',#526);
#526 = CARTESIAN_POINT('',(23.,63.35,-10.));
#527 = LINE('',#528,#529);
#528 = CARTESIAN_POINT('',(23.,63.25,-10.));
#529 = VECTOR('',#530,1.);
#530 = DIRECTION('',(0.,1.,0.));
#531 = ORIENTED_EDGE('',*,*,#532,.T.);
#532 = EDGE_CURVE('',#525,#533,#535,.T.);
#533 = VERTEX_POINT('',#534);
#534 = CARTESIAN_POINT('',(23.,64.15,-10.8));
#535 = CIRCLE('',#536,0.8);
#536 = AXIS2_PLACEMENT_3D('',#537,#538,#539);
#537 = CARTESIAN_POINT('',(23.,63.35,-10.8));
#538 = DIRECTION('',(-1.,0.,0.));
#539 = DIRECTION('',(0.,-1.,0.));
#540 = ORIENTED_EDGE('',*,*,#541,.T.);
#541 = EDGE_CURVE('',#533,#542,#544,.T.);
#542 = VERTEX_POINT('',#543);
#543 = CARTESIAN_POINT('',(23.,64.15,-17.8));
#544 = LINE('',#545,#546);
#545 = CARTESIAN_POINT('',(23.,64.15,-10.8));
#546 = VECTOR('',#547,1.);
#547 = DIRECTION('',(0.,-2.030122102172E-15,-1.));
#548 = ORIENTED_EDGE('',*,*,#549,.T.);
#549 = EDGE_CURVE('',#542,#550,#552,.T.);
#550 = VERTEX_POINT('',#551);
#551 = CARTESIAN_POINT('',(23.,63.15,-17.8));
#552 = LINE('',#553,#554);
#553 = CARTESIAN_POINT('',(23.,64.15,-17.8));
#554 = VECTOR('',#555,1.);
#555 = DIRECTION('',(0.,-1.,0.));
#556 = ORIENTED_EDGE('',*,*,#557,.T.);
#557 = EDGE_CURVE('',#550,#558,#560,.T.);
#558 = VERTEX_POINT('',#559);
#559 = CARTESIAN_POINT('',(23.,63.15,-18.1));
#560 = LINE('',#561,#562);
#561 = CARTESIAN_POINT('',(23.,63.15,-17.8));
#562 = VECTOR('',#563,1.);
#563 = DIRECTION('',(0.,0.,-1.));
#564 = ORIENTED_EDGE('',*,*,#565,.T.);
#565 = EDGE_CURVE('',#558,#566,#568,.T.);
#566 = VERTEX_POINT('',#567);
#567 = CARTESIAN_POINT('',(23.,64.142854071302,-19.8196728048));
#568 = LINE('',#569,#570);
#569 = CARTESIAN_POINT('',(23.,63.15,-18.1));
#570 = VECTOR('',#571,1.);
#571 = DIRECTION('',(-0.,0.500000194338,-0.866025291584));
#572 = ORIENTED_EDGE('',*,*,#573,.T.);
#573 = EDGE_CURVE('',#566,#574,#576,.T.);
#574 = VERTEX_POINT('',#575);
#575 = CARTESIAN_POINT('',(23.,64.742854071302,-19.8196728048));
#576 = LINE('',#577,#578);
#577 = CARTESIAN_POINT('',(23.,64.142854071302,-19.8196728048));
#578 = VECTOR('',#579,1.);
#579 = DIRECTION('',(0.,1.,0.));
#580 = ORIENTED_EDGE('',*,*,#581,.T.);
#581 = EDGE_CURVE('',#574,#582,#584,.T.);
#582 = VERTEX_POINT('',#583);
#583 = CARTESIAN_POINT('',(23.,65.703950198231,-10.44898556725));
#584 = LINE('',#585,#586);
#585 = CARTESIAN_POINT('',(23.,64.742854071302,-19.8196728048));
#586 = VECTOR('',#587,1.);
#587 = DIRECTION('',(0.,0.102028865499,0.994781438611));
#588 = ORIENTED_EDGE('',*,*,#589,.T.);
#589 = EDGE_CURVE('',#582,#590,#592,.T.);
#590 = VERTEX_POINT('',#591);
#591 = CARTESIAN_POINT('',(23.,66.201340917536,-10.));
#592 = CIRCLE('',#593,0.5);
#593 = AXIS2_PLACEMENT_3D('',#594,#595,#596);
#594 = CARTESIAN_POINT('',(23.,66.201340917536,-10.5));
#595 = DIRECTION('',(-1.,0.,0.));
#596 = DIRECTION('',(0.,-1.,0.));
#597 = ORIENTED_EDGE('',*,*,#598,.T.);
#598 = EDGE_CURVE('',#590,#599,#601,.T.);
#599 = VERTEX_POINT('',#600);
#600 = CARTESIAN_POINT('',(23.,67.098659082464,-10.));
#601 = LINE('',#602,#603);
#602 = CARTESIAN_POINT('',(23.,66.201340917536,-10.));
#603 = VECTOR('',#604,1.);
#604 = DIRECTION('',(0.,1.,0.));
#605 = ORIENTED_EDGE('',*,*,#606,.T.);
#606 = EDGE_CURVE('',#599,#607,#609,.T.);
#607 = VERTEX_POINT('',#608);
#608 = CARTESIAN_POINT('',(23.,67.596049801769,-10.44898556725));
#609 = CIRCLE('',#610,0.5);
#610 = AXIS2_PLACEMENT_3D('',#611,#612,#613);
#611 = CARTESIAN_POINT('',(23.,67.098659082464,-10.5));
#612 = DIRECTION('',(-1.,0.,0.));
#613 = DIRECTION('',(0.,-1.,0.));
#614 = ORIENTED_EDGE('',*,*,#615,.T.);
#615 = EDGE_CURVE('',#607,#616,#618,.T.);
#616 = VERTEX_POINT('',#617);
#617 = CARTESIAN_POINT('',(23.,68.557145928698,-19.8196728048));
#618 = LINE('',#619,#620);
#619 = CARTESIAN_POINT('',(23.,67.596049801769,-10.44898556725));
#620 = VECTOR('',#621,1.);
#621 = DIRECTION('',(-0.,0.102028865499,-0.994781438611));
#622 = ORIENTED_EDGE('',*,*,#623,.T.);
#623 = EDGE_CURVE('',#616,#624,#626,.T.);
#624 = VERTEX_POINT('',#625);
#625 = CARTESIAN_POINT('',(23.,69.157145928698,-19.8196728048));
#626 = LINE('',#627,#628);
#627 = CARTESIAN_POINT('',(23.,68.557145928698,-19.8196728048));
#628 = VECTOR('',#629,1.);
#629 = DIRECTION('',(0.,1.,0.));
#630 = ORIENTED_EDGE('',*,*,#631,.T.);
#631 = EDGE_CURVE('',#624,#632,#634,.T.);
#632 = VERTEX_POINT('',#633);
#633 = CARTESIAN_POINT('',(23.,70.15,-18.1));
#634 = LINE('',#635,#636);
#635 = CARTESIAN_POINT('',(23.,69.157145928698,-19.8196728048));
#636 = VECTOR('',#637,1.);
#637 = DIRECTION('',(0.,0.500000194338,0.866025291584));
#638 = ORIENTED_EDGE('',*,*,#639,.T.);
#639 = EDGE_CURVE('',#632,#640,#642,.T.);
#640 = VERTEX_POINT('',#641);
#641 = CARTESIAN_POINT('',(23.,70.15,-17.8));
#642 = LINE('',#643,#644);
#643 = CARTESIAN_POINT('',(23.,70.15,-18.1));
#644 = VECTOR('',#645,1.);
#645 = DIRECTION('',(0.,-9.473903143468E-14,1.));
#646 = ORIENTED_EDGE('',*,*,#647,.T.);
#647 = EDGE_CURVE('',#640,#648,#650,.T.);
#648 = VERTEX_POINT('',#649);
#649 = CARTESIAN_POINT('',(23.,69.15,-17.8));
#650 = LINE('',#651,#652);
#651 = CARTESIAN_POINT('',(23.,70.15,-17.8));
#652 = VECTOR('',#653,1.);
#653 = DIRECTION('',(0.,-1.,0.));
#654 = ORIENTED_EDGE('',*,*,#655,.T.);
#655 = EDGE_CURVE('',#648,#656,#658,.T.);
#656 = VERTEX_POINT('',#657);
#657 = CARTESIAN_POINT('',(23.,69.15,-10.8));
#658 = LINE('',#659,#660);
#659 = CARTESIAN_POINT('',(23.,69.15,-17.8));
#660 = VECTOR('',#661,1.);
#661 = DIRECTION('',(0.,-2.030122102172E-15,1.));
#662 = ORIENTED_EDGE('',*,*,#663,.T.);
#663 = EDGE_CURVE('',#656,#664,#666,.T.);
#664 = VERTEX_POINT('',#665);
#665 = CARTESIAN_POINT('',(23.,69.95,-10.));
#666 = CIRCLE('',#667,0.8);
#667 = AXIS2_PLACEMENT_3D('',#668,#669,#670);
#668 = CARTESIAN_POINT('',(23.,69.95,-10.8));
#669 = DIRECTION('',(-1.,0.,0.));
#670 = DIRECTION('',(0.,-1.,0.));
#671 = ORIENTED_EDGE('',*,*,#672,.T.);
#672 = EDGE_CURVE('',#664,#673,#675,.T.);
#673 = VERTEX_POINT('',#674);
#674 = CARTESIAN_POINT('',(23.,70.05,-10.));
#675 = LINE('',#676,#677);
#676 = CARTESIAN_POINT('',(23.,69.95,-10.));
#677 = VECTOR('',#678,1.);
#678 = DIRECTION('',(-0.,1.,-1.7763568394E-14));
#679 = ORIENTED_EDGE('',*,*,#680,.T.);
#680 = EDGE_CURVE('',#673,#681,#683,.T.);
#681 = VERTEX_POINT('',#682);
#682 = CARTESIAN_POINT('',(23.,70.05,-16.));
#683 = LINE('',#684,#685);
#684 = CARTESIAN_POINT('',(23.,70.05,-10.));
#685 = VECTOR('',#686,1.);
#686 = DIRECTION('',(0.,0.,-1.));
#687 = ORIENTED_EDGE('',*,*,#688,.T.);
#688 = EDGE_CURVE('',#681,#689,#691,.T.);
#689 = VERTEX_POINT('',#690);
#690 = CARTESIAN_POINT('',(23.,72.65,-16.));
#691 = LINE('',#692,#693);
#692 = CARTESIAN_POINT('',(23.,70.05,-16.));
#693 = VECTOR('',#694,1.);
#694 = DIRECTION('',(0.,1.,0.));
#695 = ORIENTED_EDGE('',*,*,#696,.T.);
#696 = EDGE_CURVE('',#689,#697,#699,.T.);
#697 = VERTEX_POINT('',#698);
#698 = CARTESIAN_POINT('',(23.,72.65,-10.00587464726));
#699 = LINE('',#700,#701);
#700 = CARTESIAN_POINT('',(23.,72.65,-16.));
#701 = VECTOR('',#702,1.);
#702 = DIRECTION('',(0.,1.7763568394E-15,1.));
#703 = ORIENTED_EDGE('',*,*,#704,.F.);
#704 = EDGE_CURVE('',#459,#697,#705,.T.);
#705 = CIRCLE('',#706,5.);
#706 = AXIS2_PLACEMENT_3D('',#707,#708,#709);
#707 = CARTESIAN_POINT('',(23.,67.65,-10.00587464726));
#708 = DIRECTION('',(-1.,0.,0.));
#709 = DIRECTION('',(0.,0.,1.));
#710 = PLANE('',#711);
#711 = AXIS2_PLACEMENT_3D('',#712,#713,#714);
#712 = CARTESIAN_POINT('',(23.,65.288301634367,-10.77282205372));
#713 = DIRECTION('',(1.,0.,0.));
#714 = DIRECTION('',(0.,0.,1.));
#715 = ADVANCED_FACE('',(#716),#750,.F.);
#716 = FACE_BOUND('',#717,.F.);
#717 = EDGE_LOOP('',(#718,#719,#720,#728,#736,#742,#743,#744));
#718 = ORIENTED_EDGE('',*,*,#475,.F.);
#719 = ORIENTED_EDGE('',*,*,#138,.F.);
#720 = ORIENTED_EDGE('',*,*,#721,.T.);
#721 = EDGE_CURVE('',#130,#722,#724,.T.);
#722 = VERTEX_POINT('',#723);
#723 = CARTESIAN_POINT('',(29.,65.,8.));
#724 = LINE('',#725,#726);
#725 = CARTESIAN_POINT('',(29.,65.,8.));
#726 = VECTOR('',#727,1.);
#727 = DIRECTION('',(0.,0.,1.));
#728 = ORIENTED_EDGE('',*,*,#729,.T.);
#729 = EDGE_CURVE('',#722,#730,#732,.T.);
#730 = VERTEX_POINT('',#731);
#731 = CARTESIAN_POINT('',(0.,65.,8.));
#732 = LINE('',#733,#734);
#733 = CARTESIAN_POINT('',(34.,65.,8.));
#734 = VECTOR('',#735,1.);
#735 = DIRECTION('',(-1.,0.,0.));
#736 = ORIENTED_EDGE('',*,*,#737,.F.);
#737 = EDGE_CURVE('',#40,#730,#738,.T.);
#738 = LINE('',#739,#740);
#739 = CARTESIAN_POINT('',(0.,65.,0.));
#740 = VECTOR('',#741,1.);
#741 = DIRECTION('',(0.,0.,1.));
#742 = ORIENTED_EDGE('',*,*,#39,.F.);
#743 = ORIENTED_EDGE('',*,*,#179,.T.);
#744 = ORIENTED_EDGE('',*,*,#745,.F.);
#745 = EDGE_CURVE('',#467,#171,#746,.T.);
#746 = LINE('',#747,#748);
#747 = CARTESIAN_POINT('',(23.,65.,2.005874647262));
#748 = VECTOR('',#749,1.);
#749 = DIRECTION('',(-1.,0.,0.));
#750 = PLANE('',#751);
#751 = AXIS2_PLACEMENT_3D('',#752,#753,#754);
#752 = CARTESIAN_POINT('',(34.,65.,0.));
#753 = DIRECTION('',(0.,-1.,0.));
#754 = DIRECTION('',(-1.,0.,0.));
#755 = ADVANCED_FACE('',(#756),#919,.F.);
#756 = FACE_BOUND('',#757,.F.);
#757 = EDGE_LOOP('',(#758,#767,#768,#769,#777,#896,#913));
#758 = ORIENTED_EDGE('',*,*,#759,.F.);
#759 = EDGE_CURVE('',#722,#760,#762,.T.);
#760 = VERTEX_POINT('',#761);
#761 = CARTESIAN_POINT('',(34.,60.,8.));
#762 = CIRCLE('',#763,5.);
#763 = AXIS2_PLACEMENT_3D('',#764,#765,#766);
#764 = CARTESIAN_POINT('',(34.,65.,8.));
#765 = DIRECTION('',(0.,0.,1.));
#766 = DIRECTION('',(1.,0.,0.));
#767 = ORIENTED_EDGE('',*,*,#721,.F.);
#768 = ORIENTED_EDGE('',*,*,#129,.T.);
#769 = ORIENTED_EDGE('',*,*,#770,.T.);
#770 = EDGE_CURVE('',#122,#771,#773,.T.);
#771 = VERTEX_POINT('',#772);
#772 = CARTESIAN_POINT('',(34.,60.,1.397597264065));
#773 = LINE('',#774,#775);
#774 = CARTESIAN_POINT('',(34.,60.,8.));
#775 = VECTOR('',#776,1.);
#776 = DIRECTION('',(0.,0.,1.));
#777 = ORIENTED_EDGE('',*,*,#778,.F.);
#778 = EDGE_CURVE('',#779,#771,#781,.T.);
#779 = VERTEX_POINT('',#780);
#780 = CARTESIAN_POINT('',(31.82055052823,60.5,6.65));
#781 = B_SPLINE_CURVE_WITH_KNOTS('',8,(#782,#783,#784,#785,#786,#787,
    #788,#789,#790,#791,#792,#793,#794,#795,#796,#797,#798,#799,#800,
    #801,#802,#803,#804,#805,#806,#807,#808,#809,#810,#811,#812,#813,
    #814,#815,#816,#817,#818,#819,#820,#821,#822,#823,#824,#825,#826,
    #827,#828,#829,#830,#831,#832,#833,#834,#835,#836,#837,#838,#839,
    #840,#841,#842,#843,#844,#845,#846,#847,#848,#849,#850,#851,#852,
    #853,#854,#855,#856,#857,#858,#859,#860,#861,#862,#863,#864,#865,
    #866,#867,#868,#869,#870,#871,#872,#873,#874,#875,#876,#877,#878,
    #879,#880,#881,#882,#883,#884,#885,#886,#887,#888,#889,#890,#891,
    #892,#893,#894,#895),.UNSPECIFIED.,.F.,.F.,(9,7,7,7,7,7,7,7,7,7,7,7,
    7,7,7,7,9),(0.,0.102144265264,0.137998220354,0.202060107943,
    0.255176489584,0.286198536865,0.322215663709,0.406522124859,
    0.491025320841,0.526853189502,0.557602229872,0.611593537825,
    0.657651022427,0.679540037713,0.720599200302,0.931005007905,1.),
  .UNSPECIFIED.);
#782 = CARTESIAN_POINT('',(31.82055052823,60.5,6.65));
#783 = CARTESIAN_POINT('',(31.678079062686,60.569002080072,6.65));
#784 = CARTESIAN_POINT('',(31.536991276521,60.643698174929,6.64794651675
    ));
#785 = CARTESIAN_POINT('',(31.39764015306,60.724091935905,6.643246922698
    ));
#786 = CARTESIAN_POINT('',(31.260394760545,60.810149227855,
    6.635229500796));
#787 = CARTESIAN_POINT('',(31.125643354297,60.901791819873,
    6.623141994235));
#788 = CARTESIAN_POINT('',(30.993794541314,60.998883598355,6.60614478484
    ));
#789 = CARTESIAN_POINT('',(30.86527650731,61.101209302413,6.583298700133
    ));
#790 = CARTESIAN_POINT('',(30.696748184034,61.246087169514,
    6.543104376022));
#791 = CARTESIAN_POINT('',(30.65344849206,61.28431548067,6.531815619072)
  );
#792 = CARTESIAN_POINT('',(30.610674759299,61.323097328604,
    6.519641810673));
#793 = CARTESIAN_POINT('',(30.56846392488,61.362397613891,6.506544057525
    ));
#794 = CARTESIAN_POINT('',(30.526850338041,61.402179524165,
    6.492483940551));
#795 = CARTESIAN_POINT('',(30.485865758125,61.442404534123,
    6.477423514891));
#796 = CARTESIAN_POINT('',(30.445539354579,61.483032405523,
    6.461325309905));
#797 = CARTESIAN_POINT('',(30.335068177348,61.597257702276,
    6.413468585678));
#798 = CARTESIAN_POINT('',(30.266355426825,61.671718424029,
    6.379323809702));
#799 = CARTESIAN_POINT('',(30.20007259392,61.747010298506,6.341561924336
    ));
#800 = CARTESIAN_POINT('',(30.136464969501,61.822726044434,
    6.300065349423));
#801 = CARTESIAN_POINT('',(30.075716808082,61.898449688287,
    6.254760033628));
#802 = CARTESIAN_POINT('',(30.017958139137,61.973762099371,
    6.205620486505));
#803 = CARTESIAN_POINT('',(29.963271578411,62.048246524902,
    6.152674810565));
#804 = CARTESIAN_POINT('',(29.868938279935,62.182226763998,
    6.049026355542));
#805 = CARTESIAN_POINT('',(29.828377220484,62.242025353843,
    5.999550854997));
#806 = CARTESIAN_POINT('',(29.790025798038,62.300666727943,
    5.947640528634));
#807 = CARTESIAN_POINT('',(29.753876160808,62.357932228559,
    5.893380182481));
#808 = CARTESIAN_POINT('',(29.719904809929,62.413611472534,5.83688272947
    ));
#809 = CARTESIAN_POINT('',(29.688074641322,62.467506116931,5.77828978722
    ));
#810 = CARTESIAN_POINT('',(29.658336987568,62.519433624665,
    5.717772275835));
#811 = CARTESIAN_POINT('',(29.614453831283,62.598314665337,
    5.619179681979));
#812 = CARTESIAN_POINT('',(29.598962865269,62.626681020644,
    5.582228847942));
#813 = CARTESIAN_POINT('',(29.58414355261,62.654307970254,5.544703712306
    ));
#814 = CARTESIAN_POINT('',(29.569978839167,62.681174823765,
    5.506630934809));
#815 = CARTESIAN_POINT('',(29.556451825775,62.707262326174,
    5.468038636201));
#816 = CARTESIAN_POINT('',(29.543545768247,62.732552657877,
    5.428956398249));
#817 = CARTESIAN_POINT('',(29.531244077373,62.757029434668,
    5.389415263734));
#818 = CARTESIAN_POINT('',(29.50593044525,62.80813375676,5.303044754515)
  );
#819 = CARTESIAN_POINT('',(29.493122797476,62.834473878107,
    5.256065755714));
#820 = CARTESIAN_POINT('',(29.481077590184,62.859683529438,
    5.208546933638));
#821 = CARTESIAN_POINT('',(29.469766593248,62.883749804537,
    5.160524978744));
#822 = CARTESIAN_POINT('',(29.45916313183,62.906661433315,5.112037078361
    ));
#823 = CARTESIAN_POINT('',(29.449242086378,62.928408781809,
    5.063120916694));
#824 = CARTESIAN_POINT('',(29.439979892632,62.948983852185,
    5.013814674818));
#825 = CARTESIAN_POINT('',(29.411164901739,63.013782139067,
    4.847921766707));
#826 = CARTESIAN_POINT('',(29.394469490362,63.052715127436,
    4.729789536683));
#827 = CARTESIAN_POINT('',(29.380958397187,63.085159122349,
    4.610115898007));
#828 = CARTESIAN_POINT('',(29.370389464125,63.111107140162,
    4.489238288496));
#829 = CARTESIAN_POINT('',(29.362583495174,63.130559954904,
    4.367479503464));
#830 = CARTESIAN_POINT('',(29.357421108376,63.1435222063,4.245151264607)
  );
#831 = CARTESIAN_POINT('',(29.354841229839,63.15,4.122557880686));
#832 = CARTESIAN_POINT('',(29.354841229839,63.15,3.877156122205));
#833 = CARTESIAN_POINT('',(29.357433163067,63.143491938566,
    3.754276270912));
#834 = CARTESIAN_POINT('',(29.362619700165,63.130469047491,
    3.631663326399));
#835 = CARTESIAN_POINT('',(29.370462489012,63.110925160363,
    3.509623876147));
#836 = CARTESIAN_POINT('',(29.381082018315,63.08485563124,3.388472000362
    ));
#837 = CARTESIAN_POINT('',(29.394659143695,63.052259764783,
    3.268532964058));
#838 = CARTESIAN_POINT('',(29.411438276275,63.013144757847,3.15014681572
    ));
#839 = CARTESIAN_POINT('',(29.44033651476,62.948191786227,2.984288573906
    ));
#840 = CARTESIAN_POINT('',(29.449571703335,62.92768628375,2.935254087517
    ));
#841 = CARTESIAN_POINT('',(29.459459501818,62.906020962703,
    2.886606546588));
#842 = CARTESIAN_POINT('',(29.470023134174,62.883203744004,
    2.838383569661));
#843 = CARTESIAN_POINT('',(29.481287346002,62.859244151891,
    2.790622280589));
#844 = CARTESIAN_POINT('',(29.493278404538,62.834153313913,
    2.743359308531));
#845 = CARTESIAN_POINT('',(29.506024098653,62.807943960935,
    2.696630787954));
#846 = CARTESIAN_POINT('',(29.531165466484,62.757188760504,
    2.610857180293));
#847 = CARTESIAN_POINT('',(29.543354821054,62.732933192813,2.57166108296
    ));
#848 = CARTESIAN_POINT('',(29.556137813917,62.707878258016,
    2.532915664484));
#849 = CARTESIAN_POINT('',(29.569530609917,62.682039874212,
    2.494651118133));
#850 = CARTESIAN_POINT('',(29.583549527385,62.655435343645,
    2.456896232596));
#851 = CARTESIAN_POINT('',(29.598211038137,62.628083352706,
    2.419678391978));
#852 = CARTESIAN_POINT('',(29.613531767476,62.600003971932,
    2.383023575803));
#853 = CARTESIAN_POINT('',(29.657616661755,62.52067539229,2.283627026289
    ));
#854 = CARTESIAN_POINT('',(29.687805144412,62.467925922104,
    2.222072318224));
#855 = CARTESIAN_POINT('',(29.720155243235,62.413141040233,
    2.162504188333));
#856 = CARTESIAN_POINT('',(29.754718102594,62.356512549888,
    2.105102603568));
#857 = CARTESIAN_POINT('',(29.79153249154,62.298249169925,2.050016197352
    ));
#858 = CARTESIAN_POINT('',(29.830622585187,62.238572442082,
    1.997362922595));
#859 = CARTESIAN_POINT('',(29.871995746099,62.177712638194,
    1.947230704727));
#860 = CARTESIAN_POINT('',(29.952871458375,62.063179149742,
    1.859113165173));
#861 = CARTESIAN_POINT('',(29.991724870682,62.009807035224,
    1.820458752116));
#862 = CARTESIAN_POINT('',(30.0321826129,61.955945044878,1.783753010782)
  );
#863 = CARTESIAN_POINT('',(30.074213590473,61.901754166739,
    1.749017910897));
#864 = CARTESIAN_POINT('',(30.11777265551,61.847397696129,1.71625983806)
  );
#865 = CARTESIAN_POINT('',(30.162799718297,61.79303927593,1.685470195127
    ));
#866 = CARTESIAN_POINT('',(30.209218858812,61.738840936845,
    1.656626003592));
#867 = CARTESIAN_POINT('',(30.279615895902,61.659354534141,
    1.616889294789));
#868 = CARTESIAN_POINT('',(30.302592330771,61.633814887803,
    1.604516814347));
#869 = CARTESIAN_POINT('',(30.325858879272,61.608357068232,
    1.592568147036));
#870 = CARTESIAN_POINT('',(30.349407622809,61.58299517822,1.581037777051
    ));
#871 = CARTESIAN_POINT('',(30.373230587774,61.557742553781,
    1.569919589391));
#872 = CARTESIAN_POINT('',(30.397319745538,61.532611764141,
    1.559206869862));
#873 = CARTESIAN_POINT('',(30.421667012457,61.507614611747,
    1.548892305077));
#874 = CARTESIAN_POINT('',(30.492403464314,61.436144137683,
    1.520352052458));
#875 = CARTESIAN_POINT('',(30.539405054704,61.39005269117,1.503116511099
    ));
#876 = CARTESIAN_POINT('',(30.587230135741,61.344544410984,
    1.487202373765));
#877 = CARTESIAN_POINT('',(30.635836206416,61.29967313637,1.472550376267
    ));
#878 = CARTESIAN_POINT('',(30.685177104833,61.25548982721,1.459101053399
    ));
#879 = CARTESIAN_POINT('',(30.735202963016,61.212042463664,
    1.446794817494));
#880 = CARTESIAN_POINT('',(30.785860161733,61.169375945822,
    1.435572036979));
#881 = CARTESIAN_POINT('',(31.099622843441,60.913104565758,
    1.373109203664));
#882 = CARTESIAN_POINT('',(31.376255847748,60.721070114396,
    1.347924997396));
#883 = CARTESIAN_POINT('',(31.663431218631,60.553197367447,
    1.340597620764));
#884 = CARTESIAN_POINT('',(31.9583566191,60.409482328532,1.344387348432)
  );
#885 = CARTESIAN_POINT('',(32.259082285396,60.289464905407,
    1.354160773233));
#886 = CARTESIAN_POINT('',(32.564172787543,60.192656566084,
    1.366004225687));
#887 = CARTESIAN_POINT('',(32.872348845564,60.118689463022,
    1.377059670875));
#888 = CARTESIAN_POINT('',(33.284105682875,60.050442652315,1.38835492684
    ));
#889 = CARTESIAN_POINT('',(33.386028467033,60.036010554983,
    1.390871086424));
#890 = CARTESIAN_POINT('',(33.488152995041,60.023993226734,
    1.393051548157));
#891 = CARTESIAN_POINT('',(33.59043792275,60.014385805553,1.394846068591
    ));
#892 = CARTESIAN_POINT('',(33.692842715508,60.007184585576,
    1.396216854828));
#893 = CARTESIAN_POINT('',(33.795327639194,60.002387093193,
    1.397138641834));
#894 = CARTESIAN_POINT('',(33.897853751232,59.999992163151,1.39759876976
    ));
#895 = CARTESIAN_POINT('',(34.000382891619,60.000000014661,
    1.397597261249));
#896 = ORIENTED_EDGE('',*,*,#897,.T.);
#897 = EDGE_CURVE('',#779,#898,#900,.T.);
#898 = VERTEX_POINT('',#899);
#899 = CARTESIAN_POINT('',(34.,60.,6.602402735935));
#900 = B_SPLINE_CURVE_WITH_KNOTS('',6,(#901,#902,#903,#904,#905,#906,
    #907,#908,#909,#910,#911,#912),.UNSPECIFIED.,.F.,.F.,(7,5,7),(0.,
    0.632060808685,1.),.UNSPECIFIED.);
#901 = CARTESIAN_POINT('',(31.82055052823,60.5,6.65));
#902 = CARTESIAN_POINT('',(32.040442647507,60.393501385954,6.65));
#903 = CARTESIAN_POINT('',(32.264261228275,60.301019703868,
    6.644864446578));
#904 = CARTESIAN_POINT('',(32.491134239094,60.222347407478,
    6.637125197763));
#905 = CARTESIAN_POINT('',(32.720382532859,60.157237447698,
    6.628631281015));
#906 = CARTESIAN_POINT('',(32.951469623159,60.105502724032,
    6.620761609156));
#907 = CARTESIAN_POINT('',(33.319260666946,60.044658647512,
    6.610685574996));
#908 = CARTESIAN_POINT('',(33.455037895006,60.026773569899,
    6.607487373662));
#909 = CARTESIAN_POINT('',(33.591150319324,60.013373767813,
    6.604972362501));
#910 = CARTESIAN_POINT('',(33.727484485431,60.004447700176,
    6.603257253349));
#911 = CARTESIAN_POINT('',(33.86393068963,59.999989565378,6.602400731129
    ));
#912 = CARTESIAN_POINT('',(34.000382891659,60.000000014661,
    6.602402738751));
#913 = ORIENTED_EDGE('',*,*,#914,.T.);
#914 = EDGE_CURVE('',#898,#760,#915,.T.);
#915 = LINE('',#916,#917);
#916 = CARTESIAN_POINT('',(34.,60.,8.));
#917 = VECTOR('',#918,1.);
#918 = DIRECTION('',(0.,0.,1.));
#919 = CYLINDRICAL_SURFACE('',#920,5.);
#920 = AXIS2_PLACEMENT_3D('',#921,#922,#923);
#921 = CARTESIAN_POINT('',(34.,65.,8.));
#922 = DIRECTION('',(0.,0.,1.));
#923 = DIRECTION('',(1.,0.,0.));
#924 = ADVANCED_FACE('',(#925),#983,.F.);
#925 = FACE_BOUND('',#926,.F.);
#926 = EDGE_LOOP('',(#927,#928,#936,#944,#952,#960,#968,#974,#975,#982)
  );
#927 = ORIENTED_EDGE('',*,*,#121,.F.);
#928 = ORIENTED_EDGE('',*,*,#929,.F.);
#929 = EDGE_CURVE('',#930,#113,#932,.T.);
#930 = VERTEX_POINT('',#931);
#931 = CARTESIAN_POINT('',(34.,53.9,2.6));
#932 = LINE('',#933,#934);
#933 = CARTESIAN_POINT('',(34.,53.9,-165.2750301226));
#934 = VECTOR('',#935,1.);
#935 = DIRECTION('',(-0.,-0.,-1.));
#936 = ORIENTED_EDGE('',*,*,#937,.T.);
#937 = EDGE_CURVE('',#930,#938,#940,.T.);
#938 = VERTEX_POINT('',#939);
#939 = CARTESIAN_POINT('',(34.,55.000000000043,2.6));
#940 = LINE('',#941,#942);
#941 = CARTESIAN_POINT('',(34.,10.000000000043,2.6));
#942 = VECTOR('',#943,1.);
#943 = DIRECTION('',(0.,1.,0.));
#944 = ORIENTED_EDGE('',*,*,#945,.T.);
#945 = EDGE_CURVE('',#938,#946,#948,.T.);
#946 = VERTEX_POINT('',#947);
#947 = CARTESIAN_POINT('',(34.,55.000000000043,5.4));
#948 = LINE('',#949,#950);
#949 = CARTESIAN_POINT('',(34.,55.000000000043,2.6));
#950 = VECTOR('',#951,1.);
#951 = DIRECTION('',(0.,0.,1.));
#952 = ORIENTED_EDGE('',*,*,#953,.F.);
#953 = EDGE_CURVE('',#954,#946,#956,.T.);
#954 = VERTEX_POINT('',#955);
#955 = CARTESIAN_POINT('',(34.,53.9,5.4));
#956 = LINE('',#957,#958);
#957 = CARTESIAN_POINT('',(34.,10.000000000043,5.4));
#958 = VECTOR('',#959,1.);
#959 = DIRECTION('',(0.,1.,0.));
#960 = ORIENTED_EDGE('',*,*,#961,.F.);
#961 = EDGE_CURVE('',#962,#954,#964,.T.);
#962 = VERTEX_POINT('',#963);
#963 = CARTESIAN_POINT('',(34.,53.9,8.));
#964 = LINE('',#965,#966);
#965 = CARTESIAN_POINT('',(34.,53.9,-165.2750301226));
#966 = VECTOR('',#967,1.);
#967 = DIRECTION('',(-0.,-0.,-1.));
#968 = ORIENTED_EDGE('',*,*,#969,.T.);
#969 = EDGE_CURVE('',#962,#760,#970,.T.);
#970 = LINE('',#971,#972);
#971 = CARTESIAN_POINT('',(34.,0.,8.));
#972 = VECTOR('',#973,1.);
#973 = DIRECTION('',(0.,1.,0.));
#974 = ORIENTED_EDGE('',*,*,#914,.F.);
#975 = ORIENTED_EDGE('',*,*,#976,.T.);
#976 = EDGE_CURVE('',#898,#771,#977,.T.);
#977 = CIRCLE('',#978,2.65);
#978 = AXIS2_PLACEMENT_3D('',#979,#980,#981);
#979 = CARTESIAN_POINT('',(34.,60.5,4.));
#980 = DIRECTION('',(1.,0.,-0.));
#981 = DIRECTION('',(0.,0.,1.));
#982 = ORIENTED_EDGE('',*,*,#770,.F.);
#983 = PLANE('',#984);
#984 = AXIS2_PLACEMENT_3D('',#985,#986,#987);
#985 = CARTESIAN_POINT('',(34.,0.,0.));
#986 = DIRECTION('',(-1.,0.,0.));
#987 = DIRECTION('',(0.,1.,0.));
#988 = ADVANCED_FACE('',(#989),#1008,.F.);
#989 = FACE_BOUND('',#990,.T.);
#990 = EDGE_LOOP('',(#991,#1000,#1006,#1007));
#991 = ORIENTED_EDGE('',*,*,#992,.F.);
#992 = EDGE_CURVE('',#993,#930,#995,.T.);
#993 = VERTEX_POINT('',#994);
#994 = CARTESIAN_POINT('',(34.,11.1,2.6));
#995 = CIRCLE('',#996,21.4);
#996 = AXIS2_PLACEMENT_3D('',#997,#998,#999);
#997 = CARTESIAN_POINT('',(34.,32.5,2.6));
#998 = DIRECTION('',(0.,0.,-1.));
#999 = DIRECTION('',(1.,0.,0.));
#1000 = ORIENTED_EDGE('',*,*,#1001,.T.);
#1001 = EDGE_CURVE('',#993,#105,#1002,.T.);
#1002 = LINE('',#1003,#1004);
#1003 = CARTESIAN_POINT('',(34.,11.1,-165.2750301226));
#1004 = VECTOR('',#1005,1.);
#1005 = DIRECTION('',(-0.,-0.,-1.));
#1006 = ORIENTED_EDGE('',*,*,#112,.T.);
#1007 = ORIENTED_EDGE('',*,*,#929,.F.);
#1008 = CYLINDRICAL_SURFACE('',#1009,21.4);
#1009 = AXIS2_PLACEMENT_3D('',#1010,#1011,#1012);
#1010 = CARTESIAN_POINT('',(34.,32.5,-165.2750301226));
#1011 = DIRECTION('',(-0.,-0.,-1.));
#1012 = DIRECTION('',(1.,0.,0.));
#1013 = ADVANCED_FACE('',(#1014),#1081,.F.);
#1014 = FACE_BOUND('',#1015,.F.);
#1015 = EDGE_LOOP('',(#1016,#1017,#1025,#1034,#1042,#1050,#1058,#1066,
    #1074,#1080));
#1016 = ORIENTED_EDGE('',*,*,#104,.F.);
#1017 = ORIENTED_EDGE('',*,*,#1018,.T.);
#1018 = EDGE_CURVE('',#96,#1019,#1021,.T.);
#1019 = VERTEX_POINT('',#1020);
#1020 = CARTESIAN_POINT('',(34.,5.,1.397597264065));
#1021 = LINE('',#1022,#1023);
#1022 = CARTESIAN_POINT('',(34.,5.,8.));
#1023 = VECTOR('',#1024,1.);
#1024 = DIRECTION('',(0.,0.,1.));
#1025 = ORIENTED_EDGE('',*,*,#1026,.T.);
#1026 = EDGE_CURVE('',#1019,#1027,#1029,.T.);
#1027 = VERTEX_POINT('',#1028);
#1028 = CARTESIAN_POINT('',(34.,5.,6.602402735935));
#1029 = CIRCLE('',#1030,2.65);
#1030 = AXIS2_PLACEMENT_3D('',#1031,#1032,#1033);
#1031 = CARTESIAN_POINT('',(34.,4.5,4.));
#1032 = DIRECTION('',(1.,0.,-0.));
#1033 = DIRECTION('',(0.,0.,1.));
#1034 = ORIENTED_EDGE('',*,*,#1035,.T.);
#1035 = EDGE_CURVE('',#1027,#1036,#1038,.T.);
#1036 = VERTEX_POINT('',#1037);
#1037 = CARTESIAN_POINT('',(34.,5.,8.));
#1038 = LINE('',#1039,#1040);
#1039 = CARTESIAN_POINT('',(34.,5.,8.));
#1040 = VECTOR('',#1041,1.);
#1041 = DIRECTION('',(0.,0.,1.));
#1042 = ORIENTED_EDGE('',*,*,#1043,.T.);
#1043 = EDGE_CURVE('',#1036,#1044,#1046,.T.);
#1044 = VERTEX_POINT('',#1045);
#1045 = CARTESIAN_POINT('',(34.,11.1,8.));
#1046 = LINE('',#1047,#1048);
#1047 = CARTESIAN_POINT('',(34.,0.,8.));
#1048 = VECTOR('',#1049,1.);
#1049 = DIRECTION('',(0.,1.,0.));
#1050 = ORIENTED_EDGE('',*,*,#1051,.T.);
#1051 = EDGE_CURVE('',#1044,#1052,#1054,.T.);
#1052 = VERTEX_POINT('',#1053);
#1053 = CARTESIAN_POINT('',(34.,11.1,5.4));
#1054 = LINE('',#1055,#1056);
#1055 = CARTESIAN_POINT('',(34.,11.1,-165.2750301226));
#1056 = VECTOR('',#1057,1.);
#1057 = DIRECTION('',(-0.,-0.,-1.));
#1058 = ORIENTED_EDGE('',*,*,#1059,.F.);
#1059 = EDGE_CURVE('',#1060,#1052,#1062,.T.);
#1060 = VERTEX_POINT('',#1061);
#1061 = CARTESIAN_POINT('',(34.,10.000000000043,5.4));
#1062 = LINE('',#1063,#1064);
#1063 = CARTESIAN_POINT('',(34.,10.000000000043,5.4));
#1064 = VECTOR('',#1065,1.);
#1065 = DIRECTION('',(0.,1.,0.));
#1066 = ORIENTED_EDGE('',*,*,#1067,.F.);
#1067 = EDGE_CURVE('',#1068,#1060,#1070,.T.);
#1068 = VERTEX_POINT('',#1069);
#1069 = CARTESIAN_POINT('',(34.,10.000000000043,2.6));
#1070 = LINE('',#1071,#1072);
#1071 = CARTESIAN_POINT('',(34.,10.000000000043,2.6));
#1072 = VECTOR('',#1073,1.);
#1073 = DIRECTION('',(0.,0.,1.));
#1074 = ORIENTED_EDGE('',*,*,#1075,.T.);
#1075 = EDGE_CURVE('',#1068,#993,#1076,.T.);
#1076 = LINE('',#1077,#1078);
#1077 = CARTESIAN_POINT('',(34.,10.000000000043,2.6));
#1078 = VECTOR('',#1079,1.);
#1079 = DIRECTION('',(0.,1.,0.));
#1080 = ORIENTED_EDGE('',*,*,#1001,.T.);
#1081 = PLANE('',#1082);
#1082 = AXIS2_PLACEMENT_3D('',#1083,#1084,#1085);
#1083 = CARTESIAN_POINT('',(34.,0.,0.));
#1084 = DIRECTION('',(-1.,0.,0.));
#1085 = DIRECTION('',(0.,1.,0.));
#1086 = ADVANCED_FACE('',(#1087),#1241,.F.);
#1087 = FACE_BOUND('',#1088,.F.);
#1088 = EDGE_LOOP('',(#1089,#1098,#1099,#1116,#1233,#1234,#1235));
#1089 = ORIENTED_EDGE('',*,*,#1090,.F.);
#1090 = EDGE_CURVE('',#1036,#1091,#1093,.T.);
#1091 = VERTEX_POINT('',#1092);
#1092 = CARTESIAN_POINT('',(29.,-1.6E-13,8.));
#1093 = CIRCLE('',#1094,5.);
#1094 = AXIS2_PLACEMENT_3D('',#1095,#1096,#1097);
#1095 = CARTESIAN_POINT('',(34.,0.,8.));
#1096 = DIRECTION('',(0.,0.,1.));
#1097 = DIRECTION('',(1.,0.,0.));
#1098 = ORIENTED_EDGE('',*,*,#1035,.F.);
#1099 = ORIENTED_EDGE('',*,*,#1100,.T.);
#1100 = EDGE_CURVE('',#1027,#1101,#1103,.T.);
#1101 = VERTEX_POINT('',#1102);
#1102 = CARTESIAN_POINT('',(31.82055052823,4.5,6.65));
#1103 = B_SPLINE_CURVE_WITH_KNOTS('',6,(#1104,#1105,#1106,#1107,#1108,
    #1109,#1110,#1111,#1112,#1113,#1114,#1115),.UNSPECIFIED.,.F.,.F.,(7,
    5,7),(0.,0.367945239977,1.),.UNSPECIFIED.);
#1104 = CARTESIAN_POINT('',(34.000382891623,4.999999985339,
    6.602402738751));
#1105 = CARTESIAN_POINT('',(33.863928466187,5.00001043479,6.602400731097
    ));
#1106 = CARTESIAN_POINT('',(33.727480022544,4.995552154948,
    6.603257280951));
#1107 = CARTESIAN_POINT('',(33.591143619106,4.986625793871,
    6.604972446644));
#1108 = CARTESIAN_POINT('',(33.455028977397,4.973225551494,
    6.607487538675));
#1109 = CARTESIAN_POINT('',(33.319249564541,4.955339889281,
    6.610685836596));
#1110 = CARTESIAN_POINT('',(32.951458724831,4.894494831442,
    6.620761980846));
#1111 = CARTESIAN_POINT('',(32.720373959372,4.842760109855,
    6.628631602353));
#1112 = CARTESIAN_POINT('',(32.491127887852,4.777650392712,
    6.637125407296));
#1113 = CARTESIAN_POINT('',(32.264256944222,4.698978550033,
    6.644864553633));
#1114 = CARTESIAN_POINT('',(32.040440373049,4.606497512475,6.65));
#1115 = CARTESIAN_POINT('',(31.82055052823,4.5,6.65));
#1116 = ORIENTED_EDGE('',*,*,#1117,.T.);
#1117 = EDGE_CURVE('',#1101,#1019,#1118,.T.);
#1118 = B_SPLINE_CURVE_WITH_KNOTS('',8,(#1119,#1120,#1121,#1122,#1123,
    #1124,#1125,#1126,#1127,#1128,#1129,#1130,#1131,#1132,#1133,#1134,
    #1135,#1136,#1137,#1138,#1139,#1140,#1141,#1142,#1143,#1144,#1145,
    #1146,#1147,#1148,#1149,#1150,#1151,#1152,#1153,#1154,#1155,#1156,
    #1157,#1158,#1159,#1160,#1161,#1162,#1163,#1164,#1165,#1166,#1167,
    #1168,#1169,#1170,#1171,#1172,#1173,#1174,#1175,#1176,#1177,#1178,
    #1179,#1180,#1181,#1182,#1183,#1184,#1185,#1186,#1187,#1188,#1189,
    #1190,#1191,#1192,#1193,#1194,#1195,#1196,#1197,#1198,#1199,#1200,
    #1201,#1202,#1203,#1204,#1205,#1206,#1207,#1208,#1209,#1210,#1211,
    #1212,#1213,#1214,#1215,#1216,#1217,#1218,#1219,#1220,#1221,#1222,
    #1223,#1224,#1225,#1226,#1227,#1228,#1229,#1230,#1231,#1232),
  .UNSPECIFIED.,.F.,.F.,(9,7,7,7,7,7,7,7,7,7,7,7,7,7,7,7,9),(0.,
    0.102569478249,0.137697462004,0.201434759068,0.255424986878,
    0.286173408988,0.322000548157,0.406502010669,0.490955134879,
    0.526982021742,0.558019456473,0.611192959526,0.657861395054,
    0.679323607806,0.719760991042,0.93112597558,1.),.UNSPECIFIED.);
#1119 = CARTESIAN_POINT('',(31.82055052823,4.5,6.65));
#1120 = CARTESIAN_POINT('',(31.677478713552,4.430707157572,6.65));
#1121 = CARTESIAN_POINT('',(31.535796547012,4.355669449421,
    6.647929171154));
#1122 = CARTESIAN_POINT('',(31.395864691025,4.27488380742,6.64318708312)
  );
#1123 = CARTESIAN_POINT('',(31.258059439923,4.18838597604,6.635092899621
    ));
#1124 = CARTESIAN_POINT('',(31.122775988721,4.096256785029,6.62288403523
    ));
#1125 = CARTESIAN_POINT('',(30.990429701552,3.998636156537,
    6.605709299533));
#1126 = CARTESIAN_POINT('',(30.861455379776,3.895744846692,
    6.582616528689));
#1127 = CARTESIAN_POINT('',(30.693442880255,3.750983998115,
    6.542232284435));
#1128 = CARTESIAN_POINT('',(30.651050732838,3.713492731723,
    6.531115196521));
#1129 = CARTESIAN_POINT('',(30.609165176233,3.675471657381,
    6.519146428559));
#1130 = CARTESIAN_POINT('',(30.567820907661,3.636953888876,6.50628940934
    ));
#1131 = CARTESIAN_POINT('',(30.527050232839,3.597974118836,
    6.492508008506));
#1132 = CARTESIAN_POINT('',(30.486883065978,3.558568618729,
    6.477766536545));
#1133 = CARTESIAN_POINT('',(30.447346929784,3.518775238864,
    6.462029744798));
#1134 = CARTESIAN_POINT('',(30.337921930987,3.405798833206,
    6.414840409902));
#1135 = CARTESIAN_POINT('',(30.269467313268,3.33174469315,6.380996705075
    ));
#1136 = CARTESIAN_POINT('',(30.203411543164,3.256856796829,6.34357707076
    ));
#1137 = CARTESIAN_POINT('',(30.139996762482,3.181534955373,
    6.302464301961));
#1138 = CARTESIAN_POINT('',(30.079405428299,3.106187641069,
    6.257583519802));
#1139 = CARTESIAN_POINT('',(30.021766927304,3.031226645993,
    6.208907062437));
#1140 = CARTESIAN_POINT('',(29.967164190127,2.957061740645,
    6.156459375953));
#1141 = CARTESIAN_POINT('',(29.8719957461,2.822287361806,6.052769295273)
  );
#1142 = CARTESIAN_POINT('',(29.830622585187,2.761427557918,
    6.002637077405));
#1143 = CARTESIAN_POINT('',(29.79153249154,2.701750830075,5.949983802648
    ));
#1144 = CARTESIAN_POINT('',(29.754718102594,2.643487450112,
    5.894897396432));
#1145 = CARTESIAN_POINT('',(29.720155243235,2.586858959767,
    5.837495811667));
#1146 = CARTESIAN_POINT('',(29.687805144412,2.532074077897,
    5.777927681776));
#1147 = CARTESIAN_POINT('',(29.657616661755,2.47932460771,5.716372973711
    ));
#1148 = CARTESIAN_POINT('',(29.613531769088,2.399996030968,5.61697642783
    ));
#1149 = CARTESIAN_POINT('',(29.598211038937,2.371916648636,
    5.580321609318));
#1150 = CARTESIAN_POINT('',(29.583549526843,2.344564655221,
    5.543103765356));
#1151 = CARTESIAN_POINT('',(29.569530608669,2.317960123421,
    5.505348878434));
#1152 = CARTESIAN_POINT('',(29.556137813031,2.292121740407,
    5.467084333625));
#1153 = CARTESIAN_POINT('',(29.543354821302,2.26706680782,5.428338918588
    ));
#1154 = CARTESIAN_POINT('',(29.531165467614,2.242811241776,5.38914282356
    ));
#1155 = CARTESIAN_POINT('',(29.506024100779,2.192056043357,
    5.303369219299));
#1156 = CARTESIAN_POINT('',(29.493278405661,2.165846688234,
    5.256640694116));
#1157 = CARTESIAN_POINT('',(29.481287345398,2.140755846694,5.20937771542
    ));
#1158 = CARTESIAN_POINT('',(29.470023132609,2.116796252688,
    5.161616423559));
#1159 = CARTESIAN_POINT('',(29.459459500633,2.093979034925,
    5.113393449625));
#1160 = CARTESIAN_POINT('',(29.449571703529,2.072313716866,
    5.064745915455));
#1161 = CARTESIAN_POINT('',(29.440336516073,2.051808216725,
    5.015711433632));
#1162 = CARTESIAN_POINT('',(29.411438276275,1.986855242153,4.84985318428
    ));
#1163 = CARTESIAN_POINT('',(29.394659143695,1.947740235217,
    4.731467035942));
#1164 = CARTESIAN_POINT('',(29.381082018315,1.91514436876,4.611527999638
    ));
#1165 = CARTESIAN_POINT('',(29.370462489012,1.889074839637,
    4.490376123852));
#1166 = CARTESIAN_POINT('',(29.362619700165,1.869530952509,
    4.368336673601));
#1167 = CARTESIAN_POINT('',(29.357433163067,1.856508061434,
    4.245723729089));
#1168 = CARTESIAN_POINT('',(29.354841229839,1.85,4.122843877795));
#1169 = CARTESIAN_POINT('',(29.354841229839,1.85,3.877226393941));
#1170 = CARTESIAN_POINT('',(29.357430198528,1.856500617881,
    3.754416942123));
#1171 = CARTESIAN_POINT('',(29.362610795594,1.869508593937,
    3.631873970501));
#1172 = CARTESIAN_POINT('',(29.370444527182,1.889030078845,
    3.509903500991));
#1173 = CARTESIAN_POINT('',(29.381051609444,1.915069717519,
    3.388819029062));
#1174 = CARTESIAN_POINT('',(29.394612489604,1.947628226191,
    3.268945208322));
#1175 = CARTESIAN_POINT('',(29.41137102452,1.986698462736,3.150621442101
    ));
#1176 = CARTESIAN_POINT('',(29.440285574414,2.051696097658,2.98454341552
    ));
#1177 = CARTESIAN_POINT('',(29.449569623194,2.072311447825,2.93523383132
    ));
#1178 = CARTESIAN_POINT('',(29.459513518186,2.094099622003,
    2.886315409932));
#1179 = CARTESIAN_POINT('',(29.470140869028,2.117052560405,
    2.837826423639));
#1180 = CARTESIAN_POINT('',(29.481476839913,2.141160562174,
    2.789804636504));
#1181 = CARTESIAN_POINT('',(29.49354814959,2.166412285381,2.742287304361
    ));
#1182 = CARTESIAN_POINT('',(29.506383071363,2.192794747028,
    2.695311174821));
#1183 = CARTESIAN_POINT('',(29.531752369498,2.243983553667,2.60893966803
    ));
#1184 = CARTESIAN_POINT('',(29.544082399237,2.268502792278,
    2.569394507139));
#1185 = CARTESIAN_POINT('',(29.557017980598,2.293835999999,
    2.530309590804));
#1186 = CARTESIAN_POINT('',(29.570575721254,2.319966696163,
    2.491716035559));
#1187 = CARTESIAN_POINT('',(29.584772378254,2.346876958316,
    2.453643488263));
#1188 = CARTESIAN_POINT('',(29.59962485803,2.374547422215,2.416120126106
    ));
#1189 = CARTESIAN_POINT('',(29.61515021639,2.402957281831,2.379172656604
    ));
#1190 = CARTESIAN_POINT('',(29.659146042739,2.481984838035,2.2805575707)
  );
#1191 = CARTESIAN_POINT('',(29.688966705426,2.534017577325,2.22001939945
    ));
#1192 = CARTESIAN_POINT('',(29.72088582279,2.588018521979,2.161413212978
    ));
#1193 = CARTESIAN_POINT('',(29.754951938176,2.643804027775,
    2.104910323394));
#1194 = CARTESIAN_POINT('',(29.791201905113,2.701174587834,
    2.050652550921));
#1195 = CARTESIAN_POINT('',(29.829658830346,2.759918628959,1.99875282902
    ));
#1196 = CARTESIAN_POINT('',(29.870330016875,2.819816307955,
    1.949295809517));
#1197 = CARTESIAN_POINT('',(29.950834627246,2.934028937377,
    1.861125729204));
#1198 = CARTESIAN_POINT('',(29.990130867413,2.988086482596,
    1.821872339218));
#1199 = CARTESIAN_POINT('',(30.031075524541,3.042653071542,
    1.784618720819));
#1200 = CARTESIAN_POINT('',(30.073636654255,3.097561269062,1.74938821001
    ));
#1201 = CARTESIAN_POINT('',(30.117767520407,3.152641169632,
    1.716187698389));
#1202 = CARTESIAN_POINT('',(30.163405644718,3.20772249005,1.685008275789
    ));
#1203 = CARTESIAN_POINT('',(30.210471856427,3.26263666214,1.65582587292)
  );
#1204 = CARTESIAN_POINT('',(30.281126722523,3.342320605719,
    1.616081951151));
#1205 = CARTESIAN_POINT('',(30.303670079319,3.367357008997,
    1.603973850981));
#1206 = CARTESIAN_POINT('',(30.326491995203,3.392314156651,
    1.592272937385));
#1207 = CARTESIAN_POINT('',(30.349585002774,3.417178779215,
    1.580973990621));
#1208 = CARTESIAN_POINT('',(30.372941584355,3.441938316383,
    1.570071237318));
#1209 = CARTESIAN_POINT('',(30.396554171991,3.466580917011,
    1.559558350477));
#1210 = CARTESIAN_POINT('',(30.420415147453,3.491095439115,
    1.549428449472));
#1211 = CARTESIAN_POINT('',(30.489927326228,3.56139877806,1.521295735687
    ));
#1212 = CARTESIAN_POINT('',(30.536176012024,3.606817741173,1.50425748636
    ));
#1213 = CARTESIAN_POINT('',(30.583225640696,3.651673917378,
    1.488503192546));
#1214 = CARTESIAN_POINT('',(30.631035510397,3.695915494259,
    1.473976391338));
#1215 = CARTESIAN_POINT('',(30.679561432673,3.739493365584,
    1.460620391134));
#1216 = CARTESIAN_POINT('',(30.72875568878,3.782361228076,1.448378346325
    ));
#1217 = CARTESIAN_POINT('',(30.778566985993,3.824475678185,
    1.437193331986));
#1218 = CARTESIAN_POINT('',(31.092240804897,4.081778001139,
    1.373772182794));
#1219 = CARTESIAN_POINT('',(31.369875105145,4.275231198424,
    1.348067005116));
#1220 = CARTESIAN_POINT('',(31.658208406757,4.444306190827,
    1.340511029605));
#1221 = CARTESIAN_POINT('',(31.954386551097,4.588994737473,
    1.344244299393));
#1222 = CARTESIAN_POINT('',(32.256428945996,4.709767918696,
    1.354051623587));
#1223 = CARTESIAN_POINT('',(32.562888153698,4.807123125029,
    1.365961628954));
#1224 = CARTESIAN_POINT('',(32.872466586201,4.881427716752,
    1.377074017043));
#1225 = CARTESIAN_POINT('',(33.285429309328,4.949744593822,
    1.388387578305));
#1226 = CARTESIAN_POINT('',(33.38716523477,4.964123086579,1.390895337547
    ));
#1227 = CARTESIAN_POINT('',(33.48910178374,4.976095808188,1.393068179575
    ));
#1228 = CARTESIAN_POINT('',(33.59119784655,4.985667583938,1.394856231711
    ));
#1229 = CARTESIAN_POINT('',(33.693413114799,4.992842091436,1.39622198036
    ));
#1230 = CARTESIAN_POINT('',(33.79570807205,4.997621785369,1.397140347464
    ));
#1231 = CARTESIAN_POINT('',(33.898043984499,5.000007822282,
    1.397598766961));
#1232 = CARTESIAN_POINT('',(34.000382891645,4.999999985339,
    1.397597261249));
#1233 = ORIENTED_EDGE('',*,*,#1018,.F.);
#1234 = ORIENTED_EDGE('',*,*,#95,.T.);
#1235 = ORIENTED_EDGE('',*,*,#1236,.T.);
#1236 = EDGE_CURVE('',#88,#1091,#1237,.T.);
#1237 = LINE('',#1238,#1239);
#1238 = CARTESIAN_POINT('',(29.,0.,8.));
#1239 = VECTOR('',#1240,1.);
#1240 = DIRECTION('',(0.,0.,1.));
#1241 = CYLINDRICAL_SURFACE('',#1242,5.);
#1242 = AXIS2_PLACEMENT_3D('',#1243,#1244,#1245);
#1243 = CARTESIAN_POINT('',(34.,0.,8.));
#1244 = DIRECTION('',(0.,0.,1.));
#1245 = DIRECTION('',(1.,0.,0.));
#1246 = ADVANCED_FACE('',(#1247),#1288,.F.);
#1247 = FACE_BOUND('',#1248,.F.);
#1248 = EDGE_LOOP('',(#1249,#1250,#1258,#1264,#1265,#1266,#1274,#1282));
#1249 = ORIENTED_EDGE('',*,*,#55,.F.);
#1250 = ORIENTED_EDGE('',*,*,#1251,.T.);
#1251 = EDGE_CURVE('',#48,#1252,#1254,.T.);
#1252 = VERTEX_POINT('',#1253);
#1253 = CARTESIAN_POINT('',(0.,0.,8.));
#1254 = LINE('',#1255,#1256);
#1255 = CARTESIAN_POINT('',(0.,0.,0.));
#1256 = VECTOR('',#1257,1.);
#1257 = DIRECTION('',(0.,0.,1.));
#1258 = ORIENTED_EDGE('',*,*,#1259,.T.);
#1259 = EDGE_CURVE('',#1252,#1091,#1260,.T.);
#1260 = LINE('',#1261,#1262);
#1261 = CARTESIAN_POINT('',(0.,0.,8.));
#1262 = VECTOR('',#1263,1.);
#1263 = DIRECTION('',(1.,0.,0.));
#1264 = ORIENTED_EDGE('',*,*,#1236,.F.);
#1265 = ORIENTED_EDGE('',*,*,#87,.F.);
#1266 = ORIENTED_EDGE('',*,*,#1267,.T.);
#1267 = EDGE_CURVE('',#80,#1268,#1270,.T.);
#1268 = VERTEX_POINT('',#1269);
#1269 = CARTESIAN_POINT('',(23.,0.,2.005874647262));
#1270 = LINE('',#1271,#1272);
#1271 = CARTESIAN_POINT('',(23.,0.,-5.386411026862));
#1272 = VECTOR('',#1273,1.);
#1273 = DIRECTION('',(0.,0.,1.));
#1274 = ORIENTED_EDGE('',*,*,#1275,.T.);
#1275 = EDGE_CURVE('',#1268,#1276,#1278,.T.);
#1276 = VERTEX_POINT('',#1277);
#1277 = CARTESIAN_POINT('',(7.,0.,2.005874647262));
#1278 = LINE('',#1279,#1280);
#1279 = CARTESIAN_POINT('',(23.,0.,2.005874647262));
#1280 = VECTOR('',#1281,1.);
#1281 = DIRECTION('',(-1.,-0.,-0.));
#1282 = ORIENTED_EDGE('',*,*,#1283,.F.);
#1283 = EDGE_CURVE('',#56,#1276,#1284,.T.);
#1284 = LINE('',#1285,#1286);
#1285 = CARTESIAN_POINT('',(7.,0.,-5.386411026862));
#1286 = VECTOR('',#1287,1.);
#1287 = DIRECTION('',(0.,0.,1.));
#1288 = PLANE('',#1289);
#1289 = AXIS2_PLACEMENT_3D('',#1290,#1291,#1292);
#1290 = CARTESIAN_POINT('',(0.,0.,0.));
#1291 = DIRECTION('',(0.,1.,0.));
#1292 = DIRECTION('',(1.,0.,0.));
#1293 = ADVANCED_FACE('',(#1294),#1321,.F.);
#1294 = FACE_BOUND('',#1295,.F.);
#1295 = EDGE_LOOP('',(#1296,#1305,#1313,#1320));
#1296 = ORIENTED_EDGE('',*,*,#1297,.T.);
#1297 = EDGE_CURVE('',#64,#1298,#1300,.T.);
#1298 = VERTEX_POINT('',#1299);
#1299 = CARTESIAN_POINT('',(7.,9.500584651514,-1.803807938028));
#1300 = CIRCLE('',#1301,5.);
#1301 = AXIS2_PLACEMENT_3D('',#1302,#1303,#1304);
#1302 = CARTESIAN_POINT('',(7.,13.345627733586,-5.));
#1303 = DIRECTION('',(1.,0.,0.));
#1304 = DIRECTION('',(0.,0.,1.));
#1305 = ORIENTED_EDGE('',*,*,#1306,.T.);
#1306 = EDGE_CURVE('',#1298,#1307,#1309,.T.);
#1307 = VERTEX_POINT('',#1308);
#1308 = CARTESIAN_POINT('',(23.,9.500584651514,-1.803807938028));
#1309 = LINE('',#1310,#1311);
#1310 = CARTESIAN_POINT('',(7.,9.500584651514,-1.803807938028));
#1311 = VECTOR('',#1312,1.);
#1312 = DIRECTION('',(1.,0.,0.));
#1313 = ORIENTED_EDGE('',*,*,#1314,.F.);
#1314 = EDGE_CURVE('',#72,#1307,#1315,.T.);
#1315 = CIRCLE('',#1316,5.);
#1316 = AXIS2_PLACEMENT_3D('',#1317,#1318,#1319);
#1317 = CARTESIAN_POINT('',(23.,13.345627733586,-5.));
#1318 = DIRECTION('',(1.,0.,0.));
#1319 = DIRECTION('',(0.,0.,1.));
#1320 = ORIENTED_EDGE('',*,*,#71,.F.);
#1321 = CYLINDRICAL_SURFACE('',#1322,5.);
#1322 = AXIS2_PLACEMENT_3D('',#1323,#1324,#1325);
#1323 = CARTESIAN_POINT('',(7.,13.345627733586,-5.));
#1324 = DIRECTION('',(1.,0.,0.));
#1325 = DIRECTION('',(0.,0.,1.));
#1326 = ADVANCED_FACE('',(#1327,#1338,#1349),#1360,.F.);
#1327 = FACE_BOUND('',#1328,.F.);
#1328 = EDGE_LOOP('',(#1329,#1330,#1336,#1337));
#1329 = ORIENTED_EDGE('',*,*,#737,.T.);
#1330 = ORIENTED_EDGE('',*,*,#1331,.T.);
#1331 = EDGE_CURVE('',#730,#1252,#1332,.T.);
#1332 = LINE('',#1333,#1334);
#1333 = CARTESIAN_POINT('',(0.,65.,8.));
#1334 = VECTOR('',#1335,1.);
#1335 = DIRECTION('',(0.,-1.,0.));
#1336 = ORIENTED_EDGE('',*,*,#1251,.F.);
#1337 = ORIENTED_EDGE('',*,*,#47,.F.);
#1338 = FACE_BOUND('',#1339,.F.);
#1339 = EDGE_LOOP('',(#1340));
#1340 = ORIENTED_EDGE('',*,*,#1341,.T.);
#1341 = EDGE_CURVE('',#1342,#1342,#1344,.T.);
#1342 = VERTEX_POINT('',#1343);
#1343 = CARTESIAN_POINT('',(0.,60.5,6.65));
#1344 = CIRCLE('',#1345,2.65);
#1345 = AXIS2_PLACEMENT_3D('',#1346,#1347,#1348);
#1346 = CARTESIAN_POINT('',(0.,60.5,4.));
#1347 = DIRECTION('',(-1.,0.,0.));
#1348 = DIRECTION('',(0.,0.,1.));
#1349 = FACE_BOUND('',#1350,.F.);
#1350 = EDGE_LOOP('',(#1351));
#1351 = ORIENTED_EDGE('',*,*,#1352,.T.);
#1352 = EDGE_CURVE('',#1353,#1353,#1355,.T.);
#1353 = VERTEX_POINT('',#1354);
#1354 = CARTESIAN_POINT('',(0.,4.5,6.65));
#1355 = CIRCLE('',#1356,2.65);
#1356 = AXIS2_PLACEMENT_3D('',#1357,#1358,#1359);
#1357 = CARTESIAN_POINT('',(0.,4.5,4.));
#1358 = DIRECTION('',(-1.,0.,0.));
#1359 = DIRECTION('',(0.,0.,1.));
#1360 = PLANE('',#1361);
#1361 = AXIS2_PLACEMENT_3D('',#1362,#1363,#1364);
#1362 = CARTESIAN_POINT('',(0.,65.,0.));
#1363 = DIRECTION('',(1.,0.,0.));
#1364 = DIRECTION('',(0.,-1.,0.));
#1365 = ADVANCED_FACE('',(#1366),#1382,.T.);
#1366 = FACE_BOUND('',#1367,.T.);
#1367 = EDGE_LOOP('',(#1368,#1369,#1375,#1376));
#1368 = ORIENTED_EDGE('',*,*,#160,.F.);
#1369 = ORIENTED_EDGE('',*,*,#1370,.F.);
#1370 = EDGE_CURVE('',#457,#161,#1371,.T.);
#1371 = LINE('',#1372,#1373);
#1372 = CARTESIAN_POINT('',(23.,66.386300243527,-1.449725744865));
#1373 = VECTOR('',#1374,1.);
#1374 = DIRECTION('',(-1.,0.,0.));
#1375 = ORIENTED_EDGE('',*,*,#456,.T.);
#1376 = ORIENTED_EDGE('',*,*,#1377,.F.);
#1377 = EDGE_CURVE('',#163,#459,#1378,.T.);
#1378 = LINE('',#1379,#1380);
#1379 = CARTESIAN_POINT('',(7.,71.263699756473,-6.550274255135));
#1380 = VECTOR('',#1381,1.);
#1381 = DIRECTION('',(1.,0.,0.));
#1382 = PLANE('',#1383);
#1383 = AXIS2_PLACEMENT_3D('',#1384,#1385,#1386);
#1384 = CARTESIAN_POINT('',(7.,65.,8.881784197001E-16));
#1385 = DIRECTION('',(0.,0.722739951295,0.691120078425));
#1386 = DIRECTION('',(0.,0.691120078425,-0.722739951295));
#1387 = ADVANCED_FACE('',(#1388),#1394,.F.);
#1388 = FACE_BOUND('',#1389,.T.);
#1389 = EDGE_LOOP('',(#1390,#1391,#1392,#1393));
#1390 = ORIENTED_EDGE('',*,*,#466,.T.);
#1391 = ORIENTED_EDGE('',*,*,#1370,.T.);
#1392 = ORIENTED_EDGE('',*,*,#170,.F.);
#1393 = ORIENTED_EDGE('',*,*,#745,.F.);
#1394 = CYLINDRICAL_SURFACE('',#1395,5.);
#1395 = AXIS2_PLACEMENT_3D('',#1396,#1397,#1398);
#1396 = CARTESIAN_POINT('',(23.,70.,2.005874647262));
#1397 = DIRECTION('',(-1.,0.,0.));
#1398 = DIRECTION('',(0.,-1.,0.));
#1399 = ADVANCED_FACE('',(#1400),#1411,.T.);
#1400 = FACE_BOUND('',#1401,.F.);
#1401 = EDGE_LOOP('',(#1402,#1403,#1409,#1410));
#1402 = ORIENTED_EDGE('',*,*,#416,.T.);
#1403 = ORIENTED_EDGE('',*,*,#1404,.T.);
#1404 = EDGE_CURVE('',#409,#697,#1405,.T.);
#1405 = LINE('',#1406,#1407);
#1406 = CARTESIAN_POINT('',(7.,72.65,-10.00587464726));
#1407 = VECTOR('',#1408,1.);
#1408 = DIRECTION('',(1.,0.,0.));
#1409 = ORIENTED_EDGE('',*,*,#704,.F.);
#1410 = ORIENTED_EDGE('',*,*,#1377,.F.);
#1411 = CYLINDRICAL_SURFACE('',#1412,5.);
#1412 = AXIS2_PLACEMENT_3D('',#1413,#1414,#1415);
#1413 = CARTESIAN_POINT('',(7.,67.65,-10.00587464726));
#1414 = DIRECTION('',(1.,0.,0.));
#1415 = DIRECTION('',(0.,0.722739951295,0.691120078425));
#1416 = ADVANCED_FACE('',(#1417),#1428,.F.);
#1417 = FACE_BOUND('',#1418,.F.);
#1418 = EDGE_LOOP('',(#1419,#1420,#1426,#1427));
#1419 = ORIENTED_EDGE('',*,*,#408,.F.);
#1420 = ORIENTED_EDGE('',*,*,#1421,.T.);
#1421 = EDGE_CURVE('',#401,#689,#1422,.T.);
#1422 = LINE('',#1423,#1424);
#1423 = CARTESIAN_POINT('',(7.,72.65,-16.));
#1424 = VECTOR('',#1425,1.);
#1425 = DIRECTION('',(1.,0.,0.));
#1426 = ORIENTED_EDGE('',*,*,#696,.T.);
#1427 = ORIENTED_EDGE('',*,*,#1404,.F.);
#1428 = PLANE('',#1429);
#1429 = AXIS2_PLACEMENT_3D('',#1430,#1431,#1432);
#1430 = CARTESIAN_POINT('',(7.,72.65,-16.));
#1431 = DIRECTION('',(0.,-1.,1.7763568394E-15));
#1432 = DIRECTION('',(0.,1.7763568394E-15,1.));
#1433 = ADVANCED_FACE('',(#1434),#1445,.F.);
#1434 = FACE_BOUND('',#1435,.F.);
#1435 = EDGE_LOOP('',(#1436,#1442,#1443,#1444));
#1436 = ORIENTED_EDGE('',*,*,#1437,.T.);
#1437 = EDGE_CURVE('',#393,#681,#1438,.T.);
#1438 = LINE('',#1439,#1440);
#1439 = CARTESIAN_POINT('',(7.,70.05,-16.));
#1440 = VECTOR('',#1441,1.);
#1441 = DIRECTION('',(1.,0.,0.));
#1442 = ORIENTED_EDGE('',*,*,#688,.T.);
#1443 = ORIENTED_EDGE('',*,*,#1421,.F.);
#1444 = ORIENTED_EDGE('',*,*,#400,.F.);
#1445 = PLANE('',#1446);
#1446 = AXIS2_PLACEMENT_3D('',#1447,#1448,#1449);
#1447 = CARTESIAN_POINT('',(7.,70.05,-16.));
#1448 = DIRECTION('',(0.,0.,1.));
#1449 = DIRECTION('',(0.,1.,0.));
#1450 = ADVANCED_FACE('',(#1451),#1462,.F.);
#1451 = FACE_BOUND('',#1452,.F.);
#1452 = EDGE_LOOP('',(#1453,#1459,#1460,#1461));
#1453 = ORIENTED_EDGE('',*,*,#1454,.T.);
#1454 = EDGE_CURVE('',#385,#673,#1455,.T.);
#1455 = LINE('',#1456,#1457);
#1456 = CARTESIAN_POINT('',(7.,70.05,-10.));
#1457 = VECTOR('',#1458,1.);
#1458 = DIRECTION('',(1.,0.,0.));
#1459 = ORIENTED_EDGE('',*,*,#680,.T.);
#1460 = ORIENTED_EDGE('',*,*,#1437,.F.);
#1461 = ORIENTED_EDGE('',*,*,#392,.F.);
#1462 = PLANE('',#1463);
#1463 = AXIS2_PLACEMENT_3D('',#1464,#1465,#1466);
#1464 = CARTESIAN_POINT('',(7.,70.05,-10.));
#1465 = DIRECTION('',(0.,1.,0.));
#1466 = DIRECTION('',(0.,0.,-1.));
#1467 = ADVANCED_FACE('',(#1468),#1479,.F.);
#1468 = FACE_BOUND('',#1469,.F.);
#1469 = EDGE_LOOP('',(#1470,#1476,#1477,#1478));
#1470 = ORIENTED_EDGE('',*,*,#1471,.T.);
#1471 = EDGE_CURVE('',#376,#664,#1472,.T.);
#1472 = LINE('',#1473,#1474);
#1473 = CARTESIAN_POINT('',(7.,69.95,-10.));
#1474 = VECTOR('',#1475,1.);
#1475 = DIRECTION('',(1.,0.,0.));
#1476 = ORIENTED_EDGE('',*,*,#672,.T.);
#1477 = ORIENTED_EDGE('',*,*,#1454,.F.);
#1478 = ORIENTED_EDGE('',*,*,#384,.F.);
#1479 = PLANE('',#1480);
#1480 = AXIS2_PLACEMENT_3D('',#1481,#1482,#1483);
#1481 = CARTESIAN_POINT('',(7.,69.95,-10.));
#1482 = DIRECTION('',(0.,1.7763568394E-14,1.));
#1483 = DIRECTION('',(0.,1.,-1.7763568394E-14));
#1484 = ADVANCED_FACE('',(#1485),#1496,.T.);
#1485 = FACE_BOUND('',#1486,.T.);
#1486 = EDGE_LOOP('',(#1487,#1488,#1494,#1495));
#1487 = ORIENTED_EDGE('',*,*,#195,.F.);
#1488 = ORIENTED_EDGE('',*,*,#1489,.T.);
#1489 = EDGE_CURVE('',#196,#484,#1490,.T.);
#1490 = LINE('',#1491,#1492);
#1491 = CARTESIAN_POINT('',(7.,59.495043082072,-6.610578143846));
#1492 = VECTOR('',#1493,1.);
#1493 = DIRECTION('',(1.,0.,0.));
#1494 = ORIENTED_EDGE('',*,*,#483,.T.);
#1495 = ORIENTED_EDGE('',*,*,#432,.F.);
#1496 = PLANE('',#1497);
#1497 = AXIS2_PLACEMENT_3D('',#1498,#1499,#1500);
#1498 = CARTESIAN_POINT('',(7.,60.65,-8.));
#1499 = DIRECTION('',(-0.,-0.769008616414,-0.639238412394));
#1500 = DIRECTION('',(0.,-0.639238412394,0.769008616414));
#1501 = ADVANCED_FACE('',(#1502),#1513,.F.);
#1502 = FACE_BOUND('',#1503,.F.);
#1503 = EDGE_LOOP('',(#1504,#1510,#1511,#1512));
#1504 = ORIENTED_EDGE('',*,*,#1505,.T.);
#1505 = EDGE_CURVE('',#368,#656,#1506,.T.);
#1506 = LINE('',#1507,#1508);
#1507 = CARTESIAN_POINT('',(7.,69.15,-10.8));
#1508 = VECTOR('',#1509,1.);
#1509 = DIRECTION('',(1.,0.,0.));
#1510 = ORIENTED_EDGE('',*,*,#663,.T.);
#1511 = ORIENTED_EDGE('',*,*,#1471,.F.);
#1512 = ORIENTED_EDGE('',*,*,#375,.F.);
#1513 = CYLINDRICAL_SURFACE('',#1514,0.8);
#1514 = AXIS2_PLACEMENT_3D('',#1515,#1516,#1517);
#1515 = CARTESIAN_POINT('',(7.,69.95,-10.8));
#1516 = DIRECTION('',(-1.,0.,0.));
#1517 = DIRECTION('',(0.,-1.,0.));
#1518 = ADVANCED_FACE('',(#1519),#1530,.F.);
#1519 = FACE_BOUND('',#1520,.T.);
#1520 = EDGE_LOOP('',(#1521,#1522,#1528,#1529));
#1521 = ORIENTED_EDGE('',*,*,#203,.T.);
#1522 = ORIENTED_EDGE('',*,*,#1523,.T.);
#1523 = EDGE_CURVE('',#204,#492,#1524,.T.);
#1524 = LINE('',#1525,#1526);
#1525 = CARTESIAN_POINT('',(7.,60.65,-9.806770205818));
#1526 = VECTOR('',#1527,1.);
#1527 = DIRECTION('',(1.,0.,0.));
#1528 = ORIENTED_EDGE('',*,*,#491,.F.);
#1529 = ORIENTED_EDGE('',*,*,#1489,.F.);
#1530 = CYLINDRICAL_SURFACE('',#1531,5.);
#1531 = AXIS2_PLACEMENT_3D('',#1532,#1533,#1534);
#1532 = CARTESIAN_POINT('',(7.,55.65,-9.806770205818));
#1533 = DIRECTION('',(1.,0.,0.));
#1534 = DIRECTION('',(0.,0.769008616414,0.639238412394));
#1535 = ADVANCED_FACE('',(#1536),#1547,.F.);
#1536 = FACE_BOUND('',#1537,.F.);
#1537 = EDGE_LOOP('',(#1538,#1544,#1545,#1546));
#1538 = ORIENTED_EDGE('',*,*,#1539,.T.);
#1539 = EDGE_CURVE('',#360,#648,#1540,.T.);
#1540 = LINE('',#1541,#1542);
#1541 = CARTESIAN_POINT('',(7.,69.15,-17.8));
#1542 = VECTOR('',#1543,1.);
#1543 = DIRECTION('',(1.,0.,0.));
#1544 = ORIENTED_EDGE('',*,*,#655,.T.);
#1545 = ORIENTED_EDGE('',*,*,#1505,.F.);
#1546 = ORIENTED_EDGE('',*,*,#367,.F.);
#1547 = PLANE('',#1548);
#1548 = AXIS2_PLACEMENT_3D('',#1549,#1550,#1551);
#1549 = CARTESIAN_POINT('',(7.,69.15,-17.8));
#1550 = DIRECTION('',(-0.,-1.,-2.030122102172E-15));
#1551 = DIRECTION('',(0.,-2.030122102172E-15,1.));
#1552 = ADVANCED_FACE('',(#1553),#1564,.F.);
#1553 = FACE_BOUND('',#1554,.F.);
#1554 = EDGE_LOOP('',(#1555,#1556,#1557,#1558));
#1555 = ORIENTED_EDGE('',*,*,#212,.F.);
#1556 = ORIENTED_EDGE('',*,*,#1523,.T.);
#1557 = ORIENTED_EDGE('',*,*,#500,.T.);
#1558 = ORIENTED_EDGE('',*,*,#1559,.F.);
#1559 = EDGE_CURVE('',#213,#501,#1560,.T.);
#1560 = LINE('',#1561,#1562);
#1561 = CARTESIAN_POINT('',(7.,60.65,-16.));
#1562 = VECTOR('',#1563,1.);
#1563 = DIRECTION('',(1.,0.,0.));
#1564 = PLANE('',#1565);
#1565 = AXIS2_PLACEMENT_3D('',#1566,#1567,#1568);
#1566 = CARTESIAN_POINT('',(7.,60.65,-8.));
#1567 = DIRECTION('',(0.,1.,0.));
#1568 = DIRECTION('',(0.,0.,-1.));
#1569 = ADVANCED_FACE('',(#1570),#1581,.F.);
#1570 = FACE_BOUND('',#1571,.F.);
#1571 = EDGE_LOOP('',(#1572,#1578,#1579,#1580));
#1572 = ORIENTED_EDGE('',*,*,#1573,.T.);
#1573 = EDGE_CURVE('',#352,#640,#1574,.T.);
#1574 = LINE('',#1575,#1576);
#1575 = CARTESIAN_POINT('',(7.,70.15,-17.8));
#1576 = VECTOR('',#1577,1.);
#1577 = DIRECTION('',(1.,0.,0.));
#1578 = ORIENTED_EDGE('',*,*,#647,.T.);
#1579 = ORIENTED_EDGE('',*,*,#1539,.F.);
#1580 = ORIENTED_EDGE('',*,*,#359,.F.);
#1581 = PLANE('',#1582);
#1582 = AXIS2_PLACEMENT_3D('',#1583,#1584,#1585);
#1583 = CARTESIAN_POINT('',(7.,70.15,-17.8));
#1584 = DIRECTION('',(-0.,-0.,-1.));
#1585 = DIRECTION('',(0.,-1.,0.));
#1586 = ADVANCED_FACE('',(#1587),#1598,.F.);
#1587 = FACE_BOUND('',#1588,.F.);
#1588 = EDGE_LOOP('',(#1589,#1590,#1591,#1597));
#1589 = ORIENTED_EDGE('',*,*,#1559,.T.);
#1590 = ORIENTED_EDGE('',*,*,#508,.T.);
#1591 = ORIENTED_EDGE('',*,*,#1592,.F.);
#1592 = EDGE_CURVE('',#221,#509,#1593,.T.);
#1593 = LINE('',#1594,#1595);
#1594 = CARTESIAN_POINT('',(7.,63.25,-16.));
#1595 = VECTOR('',#1596,1.);
#1596 = DIRECTION('',(1.,0.,0.));
#1597 = ORIENTED_EDGE('',*,*,#220,.F.);
#1598 = PLANE('',#1599);
#1599 = AXIS2_PLACEMENT_3D('',#1600,#1601,#1602);
#1600 = CARTESIAN_POINT('',(7.,60.65,-16.));
#1601 = DIRECTION('',(0.,0.,1.));
#1602 = DIRECTION('',(0.,1.,0.));
#1603 = ADVANCED_FACE('',(#1604),#1615,.F.);
#1604 = FACE_BOUND('',#1605,.F.);
#1605 = EDGE_LOOP('',(#1606,#1612,#1613,#1614));
#1606 = ORIENTED_EDGE('',*,*,#1607,.T.);
#1607 = EDGE_CURVE('',#344,#632,#1608,.T.);
#1608 = LINE('',#1609,#1610);
#1609 = CARTESIAN_POINT('',(7.,70.15,-18.1));
#1610 = VECTOR('',#1611,1.);
#1611 = DIRECTION('',(1.,0.,0.));
#1612 = ORIENTED_EDGE('',*,*,#639,.T.);
#1613 = ORIENTED_EDGE('',*,*,#1573,.F.);
#1614 = ORIENTED_EDGE('',*,*,#351,.F.);
#1615 = PLANE('',#1616);
#1616 = AXIS2_PLACEMENT_3D('',#1617,#1618,#1619);
#1617 = CARTESIAN_POINT('',(7.,70.15,-18.1));
#1618 = DIRECTION('',(-0.,-1.,-9.473903143468E-14));
#1619 = DIRECTION('',(0.,-9.473903143468E-14,1.));
#1620 = ADVANCED_FACE('',(#1621),#1632,.F.);
#1621 = FACE_BOUND('',#1622,.F.);
#1622 = EDGE_LOOP('',(#1623,#1624,#1625,#1631));
#1623 = ORIENTED_EDGE('',*,*,#1592,.T.);
#1624 = ORIENTED_EDGE('',*,*,#516,.T.);
#1625 = ORIENTED_EDGE('',*,*,#1626,.F.);
#1626 = EDGE_CURVE('',#229,#517,#1627,.T.);
#1627 = LINE('',#1628,#1629);
#1628 = CARTESIAN_POINT('',(7.,63.25,-10.));
#1629 = VECTOR('',#1630,1.);
#1630 = DIRECTION('',(1.,0.,0.));
#1631 = ORIENTED_EDGE('',*,*,#228,.F.);
#1632 = PLANE('',#1633);
#1633 = AXIS2_PLACEMENT_3D('',#1634,#1635,#1636);
#1634 = CARTESIAN_POINT('',(7.,63.25,-16.));
#1635 = DIRECTION('',(0.,-1.,0.));
#1636 = DIRECTION('',(0.,0.,1.));
#1637 = ADVANCED_FACE('',(#1638),#1649,.F.);
#1638 = FACE_BOUND('',#1639,.F.);
#1639 = EDGE_LOOP('',(#1640,#1646,#1647,#1648));
#1640 = ORIENTED_EDGE('',*,*,#1641,.T.);
#1641 = EDGE_CURVE('',#336,#624,#1642,.T.);
#1642 = LINE('',#1643,#1644);
#1643 = CARTESIAN_POINT('',(7.,69.157145928698,-19.8196728048));
#1644 = VECTOR('',#1645,1.);
#1645 = DIRECTION('',(1.,0.,0.));
#1646 = ORIENTED_EDGE('',*,*,#631,.T.);
#1647 = ORIENTED_EDGE('',*,*,#1607,.F.);
#1648 = ORIENTED_EDGE('',*,*,#343,.F.);
#1649 = PLANE('',#1650);
#1650 = AXIS2_PLACEMENT_3D('',#1651,#1652,#1653);
#1651 = CARTESIAN_POINT('',(7.,69.157145928698,-19.8196728048));
#1652 = DIRECTION('',(0.,-0.866025291584,0.500000194338));
#1653 = DIRECTION('',(0.,0.500000194338,0.866025291584));
#1654 = ADVANCED_FACE('',(#1655),#1666,.F.);
#1655 = FACE_BOUND('',#1656,.F.);
#1656 = EDGE_LOOP('',(#1657,#1658,#1659,#1665));
#1657 = ORIENTED_EDGE('',*,*,#1626,.T.);
#1658 = ORIENTED_EDGE('',*,*,#524,.T.);
#1659 = ORIENTED_EDGE('',*,*,#1660,.F.);
#1660 = EDGE_CURVE('',#237,#525,#1661,.T.);
#1661 = LINE('',#1662,#1663);
#1662 = CARTESIAN_POINT('',(7.,63.35,-10.));
#1663 = VECTOR('',#1664,1.);
#1664 = DIRECTION('',(1.,0.,0.));
#1665 = ORIENTED_EDGE('',*,*,#236,.F.);
#1666 = PLANE('',#1667);
#1667 = AXIS2_PLACEMENT_3D('',#1668,#1669,#1670);
#1668 = CARTESIAN_POINT('',(7.,63.25,-10.));
#1669 = DIRECTION('',(0.,0.,1.));
#1670 = DIRECTION('',(0.,1.,0.));
#1671 = ADVANCED_FACE('',(#1672),#1683,.F.);
#1672 = FACE_BOUND('',#1673,.F.);
#1673 = EDGE_LOOP('',(#1674,#1680,#1681,#1682));
#1674 = ORIENTED_EDGE('',*,*,#1675,.T.);
#1675 = EDGE_CURVE('',#328,#616,#1676,.T.);
#1676 = LINE('',#1677,#1678);
#1677 = CARTESIAN_POINT('',(7.,68.557145928698,-19.8196728048));
#1678 = VECTOR('',#1679,1.);
#1679 = DIRECTION('',(1.,0.,0.));
#1680 = ORIENTED_EDGE('',*,*,#623,.T.);
#1681 = ORIENTED_EDGE('',*,*,#1641,.F.);
#1682 = ORIENTED_EDGE('',*,*,#335,.F.);
#1683 = PLANE('',#1684);
#1684 = AXIS2_PLACEMENT_3D('',#1685,#1686,#1687);
#1685 = CARTESIAN_POINT('',(7.,68.557145928698,-19.8196728048));
#1686 = DIRECTION('',(0.,0.,1.));
#1687 = DIRECTION('',(0.,1.,0.));
#1688 = ADVANCED_FACE('',(#1689),#1700,.F.);
#1689 = FACE_BOUND('',#1690,.F.);
#1690 = EDGE_LOOP('',(#1691,#1692,#1693,#1699));
#1691 = ORIENTED_EDGE('',*,*,#1660,.T.);
#1692 = ORIENTED_EDGE('',*,*,#532,.T.);
#1693 = ORIENTED_EDGE('',*,*,#1694,.F.);
#1694 = EDGE_CURVE('',#245,#533,#1695,.T.);
#1695 = LINE('',#1696,#1697);
#1696 = CARTESIAN_POINT('',(7.,64.15,-10.8));
#1697 = VECTOR('',#1698,1.);
#1698 = DIRECTION('',(1.,0.,0.));
#1699 = ORIENTED_EDGE('',*,*,#244,.F.);
#1700 = CYLINDRICAL_SURFACE('',#1701,0.8);
#1701 = AXIS2_PLACEMENT_3D('',#1702,#1703,#1704);
#1702 = CARTESIAN_POINT('',(7.,63.35,-10.8));
#1703 = DIRECTION('',(-1.,0.,0.));
#1704 = DIRECTION('',(0.,-1.,0.));
#1705 = ADVANCED_FACE('',(#1706),#1717,.F.);
#1706 = FACE_BOUND('',#1707,.F.);
#1707 = EDGE_LOOP('',(#1708,#1714,#1715,#1716));
#1708 = ORIENTED_EDGE('',*,*,#1709,.T.);
#1709 = EDGE_CURVE('',#319,#607,#1710,.T.);
#1710 = LINE('',#1711,#1712);
#1711 = CARTESIAN_POINT('',(7.,67.596049801769,-10.44898556725));
#1712 = VECTOR('',#1713,1.);
#1713 = DIRECTION('',(1.,0.,0.));
#1714 = ORIENTED_EDGE('',*,*,#615,.T.);
#1715 = ORIENTED_EDGE('',*,*,#1675,.F.);
#1716 = ORIENTED_EDGE('',*,*,#327,.F.);
#1717 = PLANE('',#1718);
#1718 = AXIS2_PLACEMENT_3D('',#1719,#1720,#1721);
#1719 = CARTESIAN_POINT('',(7.,67.596049801769,-10.44898556725));
#1720 = DIRECTION('',(0.,0.994781438611,0.102028865499));
#1721 = DIRECTION('',(0.,0.102028865499,-0.994781438611));
#1722 = ADVANCED_FACE('',(#1723),#1734,.F.);
#1723 = FACE_BOUND('',#1724,.F.);
#1724 = EDGE_LOOP('',(#1725,#1726,#1727,#1733));
#1725 = ORIENTED_EDGE('',*,*,#1694,.T.);
#1726 = ORIENTED_EDGE('',*,*,#541,.T.);
#1727 = ORIENTED_EDGE('',*,*,#1728,.F.);
#1728 = EDGE_CURVE('',#254,#542,#1729,.T.);
#1729 = LINE('',#1730,#1731);
#1730 = CARTESIAN_POINT('',(7.,64.15,-17.8));
#1731 = VECTOR('',#1732,1.);
#1732 = DIRECTION('',(1.,0.,0.));
#1733 = ORIENTED_EDGE('',*,*,#253,.F.);
#1734 = PLANE('',#1735);
#1735 = AXIS2_PLACEMENT_3D('',#1736,#1737,#1738);
#1736 = CARTESIAN_POINT('',(7.,64.15,-10.8));
#1737 = DIRECTION('',(0.,1.,-2.030122102172E-15));
#1738 = DIRECTION('',(0.,-2.030122102172E-15,-1.));
#1739 = ADVANCED_FACE('',(#1740),#1751,.F.);
#1740 = FACE_BOUND('',#1741,.F.);
#1741 = EDGE_LOOP('',(#1742,#1748,#1749,#1750));
#1742 = ORIENTED_EDGE('',*,*,#1743,.T.);
#1743 = EDGE_CURVE('',#311,#599,#1744,.T.);
#1744 = LINE('',#1745,#1746);
#1745 = CARTESIAN_POINT('',(7.,67.098659082464,-10.));
#1746 = VECTOR('',#1747,1.);
#1747 = DIRECTION('',(1.,0.,0.));
#1748 = ORIENTED_EDGE('',*,*,#606,.T.);
#1749 = ORIENTED_EDGE('',*,*,#1709,.F.);
#1750 = ORIENTED_EDGE('',*,*,#318,.F.);
#1751 = CYLINDRICAL_SURFACE('',#1752,0.5);
#1752 = AXIS2_PLACEMENT_3D('',#1753,#1754,#1755);
#1753 = CARTESIAN_POINT('',(7.,67.098659082464,-10.5));
#1754 = DIRECTION('',(-1.,0.,0.));
#1755 = DIRECTION('',(0.,-1.,0.));
#1756 = ADVANCED_FACE('',(#1757),#1768,.F.);
#1757 = FACE_BOUND('',#1758,.F.);
#1758 = EDGE_LOOP('',(#1759,#1760,#1761,#1767));
#1759 = ORIENTED_EDGE('',*,*,#1728,.T.);
#1760 = ORIENTED_EDGE('',*,*,#549,.T.);
#1761 = ORIENTED_EDGE('',*,*,#1762,.F.);
#1762 = EDGE_CURVE('',#262,#550,#1763,.T.);
#1763 = LINE('',#1764,#1765);
#1764 = CARTESIAN_POINT('',(7.,63.15,-17.8));
#1765 = VECTOR('',#1766,1.);
#1766 = DIRECTION('',(1.,0.,0.));
#1767 = ORIENTED_EDGE('',*,*,#261,.F.);
#1768 = PLANE('',#1769);
#1769 = AXIS2_PLACEMENT_3D('',#1770,#1771,#1772);
#1770 = CARTESIAN_POINT('',(7.,64.15,-17.8));
#1771 = DIRECTION('',(-0.,-0.,-1.));
#1772 = DIRECTION('',(0.,-1.,0.));
#1773 = ADVANCED_FACE('',(#1774),#1785,.F.);
#1774 = FACE_BOUND('',#1775,.F.);
#1775 = EDGE_LOOP('',(#1776,#1782,#1783,#1784));
#1776 = ORIENTED_EDGE('',*,*,#1777,.T.);
#1777 = EDGE_CURVE('',#302,#590,#1778,.T.);
#1778 = LINE('',#1779,#1780);
#1779 = CARTESIAN_POINT('',(7.,66.201340917536,-10.));
#1780 = VECTOR('',#1781,1.);
#1781 = DIRECTION('',(1.,0.,0.));
#1782 = ORIENTED_EDGE('',*,*,#598,.T.);
#1783 = ORIENTED_EDGE('',*,*,#1743,.F.);
#1784 = ORIENTED_EDGE('',*,*,#310,.F.);
#1785 = PLANE('',#1786);
#1786 = AXIS2_PLACEMENT_3D('',#1787,#1788,#1789);
#1787 = CARTESIAN_POINT('',(7.,66.201340917536,-10.));
#1788 = DIRECTION('',(0.,0.,1.));
#1789 = DIRECTION('',(0.,1.,0.));
#1790 = ADVANCED_FACE('',(#1791),#1802,.F.);
#1791 = FACE_BOUND('',#1792,.F.);
#1792 = EDGE_LOOP('',(#1793,#1794,#1795,#1801));
#1793 = ORIENTED_EDGE('',*,*,#1762,.T.);
#1794 = ORIENTED_EDGE('',*,*,#557,.T.);
#1795 = ORIENTED_EDGE('',*,*,#1796,.F.);
#1796 = EDGE_CURVE('',#270,#558,#1797,.T.);
#1797 = LINE('',#1798,#1799);
#1798 = CARTESIAN_POINT('',(7.,63.15,-18.1));
#1799 = VECTOR('',#1800,1.);
#1800 = DIRECTION('',(1.,0.,0.));
#1801 = ORIENTED_EDGE('',*,*,#269,.F.);
#1802 = PLANE('',#1803);
#1803 = AXIS2_PLACEMENT_3D('',#1804,#1805,#1806);
#1804 = CARTESIAN_POINT('',(7.,63.15,-17.8));
#1805 = DIRECTION('',(0.,1.,0.));
#1806 = DIRECTION('',(0.,0.,-1.));
#1807 = ADVANCED_FACE('',(#1808),#1819,.F.);
#1808 = FACE_BOUND('',#1809,.F.);
#1809 = EDGE_LOOP('',(#1810,#1816,#1817,#1818));
#1810 = ORIENTED_EDGE('',*,*,#1811,.T.);
#1811 = EDGE_CURVE('',#294,#582,#1812,.T.);
#1812 = LINE('',#1813,#1814);
#1813 = CARTESIAN_POINT('',(7.,65.703950198231,-10.44898556725));
#1814 = VECTOR('',#1815,1.);
#1815 = DIRECTION('',(1.,0.,0.));
#1816 = ORIENTED_EDGE('',*,*,#589,.T.);
#1817 = ORIENTED_EDGE('',*,*,#1777,.F.);
#1818 = ORIENTED_EDGE('',*,*,#301,.F.);
#1819 = CYLINDRICAL_SURFACE('',#1820,0.5);
#1820 = AXIS2_PLACEMENT_3D('',#1821,#1822,#1823);
#1821 = CARTESIAN_POINT('',(7.,66.201340917536,-10.5));
#1822 = DIRECTION('',(-1.,0.,0.));
#1823 = DIRECTION('',(0.,-1.,0.));
#1824 = ADVANCED_FACE('',(#1825),#1836,.F.);
#1825 = FACE_BOUND('',#1826,.F.);
#1826 = EDGE_LOOP('',(#1827,#1828,#1829,#1835));
#1827 = ORIENTED_EDGE('',*,*,#1796,.T.);
#1828 = ORIENTED_EDGE('',*,*,#565,.T.);
#1829 = ORIENTED_EDGE('',*,*,#1830,.F.);
#1830 = EDGE_CURVE('',#278,#566,#1831,.T.);
#1831 = LINE('',#1832,#1833);
#1832 = CARTESIAN_POINT('',(7.,64.142854071302,-19.8196728048));
#1833 = VECTOR('',#1834,1.);
#1834 = DIRECTION('',(1.,0.,0.));
#1835 = ORIENTED_EDGE('',*,*,#277,.F.);
#1836 = PLANE('',#1837);
#1837 = AXIS2_PLACEMENT_3D('',#1838,#1839,#1840);
#1838 = CARTESIAN_POINT('',(7.,63.15,-18.1));
#1839 = DIRECTION('',(0.,0.866025291584,0.500000194338));
#1840 = DIRECTION('',(0.,0.500000194338,-0.866025291584));
#1841 = ADVANCED_FACE('',(#1842),#1853,.F.);
#1842 = FACE_BOUND('',#1843,.F.);
#1843 = EDGE_LOOP('',(#1844,#1850,#1851,#1852));
#1844 = ORIENTED_EDGE('',*,*,#1845,.T.);
#1845 = EDGE_CURVE('',#286,#574,#1846,.T.);
#1846 = LINE('',#1847,#1848);
#1847 = CARTESIAN_POINT('',(7.,64.742854071302,-19.8196728048));
#1848 = VECTOR('',#1849,1.);
#1849 = DIRECTION('',(1.,0.,0.));
#1850 = ORIENTED_EDGE('',*,*,#581,.T.);
#1851 = ORIENTED_EDGE('',*,*,#1811,.F.);
#1852 = ORIENTED_EDGE('',*,*,#293,.F.);
#1853 = PLANE('',#1854);
#1854 = AXIS2_PLACEMENT_3D('',#1855,#1856,#1857);
#1855 = CARTESIAN_POINT('',(7.,64.742854071302,-19.8196728048));
#1856 = DIRECTION('',(0.,-0.994781438611,0.102028865499));
#1857 = DIRECTION('',(0.,0.102028865499,0.994781438611));
#1858 = ADVANCED_FACE('',(#1859),#1865,.F.);
#1859 = FACE_BOUND('',#1860,.F.);
#1860 = EDGE_LOOP('',(#1861,#1862,#1863,#1864));
#1861 = ORIENTED_EDGE('',*,*,#1830,.T.);
#1862 = ORIENTED_EDGE('',*,*,#573,.T.);
#1863 = ORIENTED_EDGE('',*,*,#1845,.F.);
#1864 = ORIENTED_EDGE('',*,*,#285,.F.);
#1865 = PLANE('',#1866);
#1866 = AXIS2_PLACEMENT_3D('',#1867,#1868,#1869);
#1867 = CARTESIAN_POINT('',(7.,64.142854071302,-19.8196728048));
#1868 = DIRECTION('',(0.,0.,1.));
#1869 = DIRECTION('',(0.,1.,0.));
#1870 = ADVANCED_FACE('',(#1871),#1887,.T.);
#1871 = FACE_BOUND('',#1872,.T.);
#1872 = EDGE_LOOP('',(#1873,#1874,#1875,#1876,#1877,#1878,#1885,#1886));
#1873 = ORIENTED_EDGE('',*,*,#729,.T.);
#1874 = ORIENTED_EDGE('',*,*,#1331,.T.);
#1875 = ORIENTED_EDGE('',*,*,#1259,.T.);
#1876 = ORIENTED_EDGE('',*,*,#1090,.F.);
#1877 = ORIENTED_EDGE('',*,*,#1043,.T.);
#1878 = ORIENTED_EDGE('',*,*,#1879,.T.);
#1879 = EDGE_CURVE('',#1044,#962,#1880,.T.);
#1880 = CIRCLE('',#1881,21.4);
#1881 = AXIS2_PLACEMENT_3D('',#1882,#1883,#1884);
#1882 = CARTESIAN_POINT('',(34.,32.5,8.));
#1883 = DIRECTION('',(0.,0.,-1.));
#1884 = DIRECTION('',(1.,0.,0.));
#1885 = ORIENTED_EDGE('',*,*,#969,.T.);
#1886 = ORIENTED_EDGE('',*,*,#759,.F.);
#1887 = PLANE('',#1888);
#1888 = AXIS2_PLACEMENT_3D('',#1889,#1890,#1891);
#1889 = CARTESIAN_POINT('',(17.,32.5,8.));
#1890 = DIRECTION('',(0.,0.,1.));
#1891 = DIRECTION('',(1.,0.,0.));
#1892 = ADVANCED_FACE('',(#1893),#1906,.F.);
#1893 = FACE_BOUND('',#1894,.T.);
#1894 = EDGE_LOOP('',(#1895,#1896,#1902,#1903,#1904,#1905));
#1895 = ORIENTED_EDGE('',*,*,#1341,.T.);
#1896 = ORIENTED_EDGE('',*,*,#1897,.T.);
#1897 = EDGE_CURVE('',#1342,#779,#1898,.T.);
#1898 = LINE('',#1899,#1900);
#1899 = CARTESIAN_POINT('',(0.,60.5,6.65));
#1900 = VECTOR('',#1901,1.);
#1901 = DIRECTION('',(1.,0.,-6.E-17));
#1902 = ORIENTED_EDGE('',*,*,#897,.T.);
#1903 = ORIENTED_EDGE('',*,*,#976,.T.);
#1904 = ORIENTED_EDGE('',*,*,#778,.F.);
#1905 = ORIENTED_EDGE('',*,*,#1897,.F.);
#1906 = CYLINDRICAL_SURFACE('',#1907,2.65);
#1907 = AXIS2_PLACEMENT_3D('',#1908,#1909,#1910);
#1908 = CARTESIAN_POINT('',(0.,60.5,4.));
#1909 = DIRECTION('',(1.,0.,0.));
#1910 = DIRECTION('',(0.,0.,1.));
#1911 = ADVANCED_FACE('',(#1912),#1924,.F.);
#1912 = FACE_BOUND('',#1913,.T.);
#1913 = EDGE_LOOP('',(#1914,#1915,#1916,#1923));
#1914 = ORIENTED_EDGE('',*,*,#1879,.F.);
#1915 = ORIENTED_EDGE('',*,*,#1051,.T.);
#1916 = ORIENTED_EDGE('',*,*,#1917,.T.);
#1917 = EDGE_CURVE('',#1052,#954,#1918,.T.);
#1918 = CIRCLE('',#1919,21.4);
#1919 = AXIS2_PLACEMENT_3D('',#1920,#1921,#1922);
#1920 = CARTESIAN_POINT('',(34.,32.5,5.4));
#1921 = DIRECTION('',(0.,0.,-1.));
#1922 = DIRECTION('',(1.,0.,0.));
#1923 = ORIENTED_EDGE('',*,*,#961,.F.);
#1924 = CYLINDRICAL_SURFACE('',#1925,21.4);
#1925 = AXIS2_PLACEMENT_3D('',#1926,#1927,#1928);
#1926 = CARTESIAN_POINT('',(34.,32.5,-165.2750301226));
#1927 = DIRECTION('',(-0.,-0.,-1.));
#1928 = DIRECTION('',(1.,0.,0.));
#1929 = ADVANCED_FACE('',(#1930),#1975,.F.);
#1930 = FACE_BOUND('',#1931,.F.);
#1931 = EDGE_LOOP('',(#1932,#1940,#1941,#1942,#1943,#1951,#1960,#1968));
#1932 = ORIENTED_EDGE('',*,*,#1933,.T.);
#1933 = EDGE_CURVE('',#1934,#1060,#1936,.T.);
#1934 = VERTEX_POINT('',#1935);
#1935 = CARTESIAN_POINT('',(8.,10.000000000043,5.4));
#1936 = LINE('',#1937,#1938);
#1937 = CARTESIAN_POINT('',(4.,10.000000000043,5.4));
#1938 = VECTOR('',#1939,1.);
#1939 = DIRECTION('',(1.,0.,0.));
#1940 = ORIENTED_EDGE('',*,*,#1059,.T.);
#1941 = ORIENTED_EDGE('',*,*,#1917,.T.);
#1942 = ORIENTED_EDGE('',*,*,#953,.T.);
#1943 = ORIENTED_EDGE('',*,*,#1944,.T.);
#1944 = EDGE_CURVE('',#946,#1945,#1947,.T.);
#1945 = VERTEX_POINT('',#1946);
#1946 = CARTESIAN_POINT('',(8.,55.000000000043,5.4));
#1947 = LINE('',#1948,#1949);
#1948 = CARTESIAN_POINT('',(34.,55.000000000043,5.4));
#1949 = VECTOR('',#1950,1.);
#1950 = DIRECTION('',(-1.,0.,0.));
#1951 = ORIENTED_EDGE('',*,*,#1952,.T.);
#1952 = EDGE_CURVE('',#1945,#1953,#1955,.T.);
#1953 = VERTEX_POINT('',#1954);
#1954 = CARTESIAN_POINT('',(4.,51.000000000043,5.4));
#1955 = CIRCLE('',#1956,4.);
#1956 = AXIS2_PLACEMENT_3D('',#1957,#1958,#1959);
#1957 = CARTESIAN_POINT('',(8.,51.000000000043,5.4));
#1958 = DIRECTION('',(-0.,0.,1.));
#1959 = DIRECTION('',(0.,-1.,0.));
#1960 = ORIENTED_EDGE('',*,*,#1961,.T.);
#1961 = EDGE_CURVE('',#1953,#1962,#1964,.T.);
#1962 = VERTEX_POINT('',#1963);
#1963 = CARTESIAN_POINT('',(4.,14.000000000043,5.4));
#1964 = LINE('',#1965,#1966);
#1965 = CARTESIAN_POINT('',(4.,55.000000000043,5.4));
#1966 = VECTOR('',#1967,1.);
#1967 = DIRECTION('',(0.,-1.,0.));
#1968 = ORIENTED_EDGE('',*,*,#1969,.F.);
#1969 = EDGE_CURVE('',#1934,#1962,#1970,.T.);
#1970 = CIRCLE('',#1971,4.);
#1971 = AXIS2_PLACEMENT_3D('',#1972,#1973,#1974);
#1972 = CARTESIAN_POINT('',(8.,14.000000000043,5.4));
#1973 = DIRECTION('',(-0.,-0.,-1.));
#1974 = DIRECTION('',(0.,-1.,0.));
#1975 = PLANE('',#1976);
#1976 = AXIS2_PLACEMENT_3D('',#1977,#1978,#1979);
#1977 = CARTESIAN_POINT('',(19.,32.500000000043,5.4));
#1978 = DIRECTION('',(0.,0.,1.));
#1979 = DIRECTION('',(1.,0.,0.));
#1980 = ADVANCED_FACE('',(#1981),#1999,.T.);
#1981 = FACE_BOUND('',#1982,.T.);
#1982 = EDGE_LOOP('',(#1983,#1991,#1992,#1993));
#1983 = ORIENTED_EDGE('',*,*,#1984,.F.);
#1984 = EDGE_CURVE('',#938,#1985,#1987,.T.);
#1985 = VERTEX_POINT('',#1986);
#1986 = CARTESIAN_POINT('',(8.,55.000000000043,2.6));
#1987 = LINE('',#1988,#1989);
#1988 = CARTESIAN_POINT('',(34.,55.000000000043,2.6));
#1989 = VECTOR('',#1990,1.);
#1990 = DIRECTION('',(-1.,0.,0.));
#1991 = ORIENTED_EDGE('',*,*,#945,.T.);
#1992 = ORIENTED_EDGE('',*,*,#1944,.T.);
#1993 = ORIENTED_EDGE('',*,*,#1994,.F.);
#1994 = EDGE_CURVE('',#1985,#1945,#1995,.T.);
#1995 = LINE('',#1996,#1997);
#1996 = CARTESIAN_POINT('',(8.,55.000000000043,2.6));
#1997 = VECTOR('',#1998,1.);
#1998 = DIRECTION('',(0.,0.,1.));
#1999 = PLANE('',#2000);
#2000 = AXIS2_PLACEMENT_3D('',#2001,#2002,#2003);
#2001 = CARTESIAN_POINT('',(34.,55.000000000043,2.6));
#2002 = DIRECTION('',(0.,-1.,0.));
#2003 = DIRECTION('',(-1.,0.,0.));
#2004 = ADVANCED_FACE('',(#2005),#2043,.T.);
#2005 = FACE_BOUND('',#2006,.T.);
#2006 = EDGE_LOOP('',(#2007,#2015,#2016,#2017,#2018,#2019,#2028,#2036));
#2007 = ORIENTED_EDGE('',*,*,#2008,.T.);
#2008 = EDGE_CURVE('',#2009,#1068,#2011,.T.);
#2009 = VERTEX_POINT('',#2010);
#2010 = CARTESIAN_POINT('',(8.,10.000000000043,2.6));
#2011 = LINE('',#2012,#2013);
#2012 = CARTESIAN_POINT('',(4.,10.000000000043,2.6));
#2013 = VECTOR('',#2014,1.);
#2014 = DIRECTION('',(1.,0.,0.));
#2015 = ORIENTED_EDGE('',*,*,#1075,.T.);
#2016 = ORIENTED_EDGE('',*,*,#992,.T.);
#2017 = ORIENTED_EDGE('',*,*,#937,.T.);
#2018 = ORIENTED_EDGE('',*,*,#1984,.T.);
#2019 = ORIENTED_EDGE('',*,*,#2020,.T.);
#2020 = EDGE_CURVE('',#1985,#2021,#2023,.T.);
#2021 = VERTEX_POINT('',#2022);
#2022 = CARTESIAN_POINT('',(4.,51.000000000043,2.6));
#2023 = CIRCLE('',#2024,4.);
#2024 = AXIS2_PLACEMENT_3D('',#2025,#2026,#2027);
#2025 = CARTESIAN_POINT('',(8.,51.000000000043,2.6));
#2026 = DIRECTION('',(-0.,0.,1.));
#2027 = DIRECTION('',(0.,-1.,0.));
#2028 = ORIENTED_EDGE('',*,*,#2029,.T.);
#2029 = EDGE_CURVE('',#2021,#2030,#2032,.T.);
#2030 = VERTEX_POINT('',#2031);
#2031 = CARTESIAN_POINT('',(4.,14.000000000043,2.6));
#2032 = LINE('',#2033,#2034);
#2033 = CARTESIAN_POINT('',(4.,55.000000000043,2.6));
#2034 = VECTOR('',#2035,1.);
#2035 = DIRECTION('',(0.,-1.,0.));
#2036 = ORIENTED_EDGE('',*,*,#2037,.F.);
#2037 = EDGE_CURVE('',#2009,#2030,#2038,.T.);
#2038 = CIRCLE('',#2039,4.);
#2039 = AXIS2_PLACEMENT_3D('',#2040,#2041,#2042);
#2040 = CARTESIAN_POINT('',(8.,14.000000000043,2.6));
#2041 = DIRECTION('',(-0.,-0.,-1.));
#2042 = DIRECTION('',(0.,-1.,0.));
#2043 = PLANE('',#2044);
#2044 = AXIS2_PLACEMENT_3D('',#2045,#2046,#2047);
#2045 = CARTESIAN_POINT('',(19.,32.500000000043,2.6));
#2046 = DIRECTION('',(0.,0.,1.));
#2047 = DIRECTION('',(1.,0.,0.));
#2048 = ADVANCED_FACE('',(#2049),#2060,.T.);
#2049 = FACE_BOUND('',#2050,.T.);
#2050 = EDGE_LOOP('',(#2051,#2052,#2058,#2059));
#2051 = ORIENTED_EDGE('',*,*,#2008,.F.);
#2052 = ORIENTED_EDGE('',*,*,#2053,.T.);
#2053 = EDGE_CURVE('',#2009,#1934,#2054,.T.);
#2054 = LINE('',#2055,#2056);
#2055 = CARTESIAN_POINT('',(8.,10.000000000043,2.6));
#2056 = VECTOR('',#2057,1.);
#2057 = DIRECTION('',(0.,0.,1.));
#2058 = ORIENTED_EDGE('',*,*,#1933,.T.);
#2059 = ORIENTED_EDGE('',*,*,#1067,.F.);
#2060 = PLANE('',#2061);
#2061 = AXIS2_PLACEMENT_3D('',#2062,#2063,#2064);
#2062 = CARTESIAN_POINT('',(4.,10.000000000043,2.6));
#2063 = DIRECTION('',(0.,1.,0.));
#2064 = DIRECTION('',(1.,0.,0.));
#2065 = ADVANCED_FACE('',(#2066),#2079,.F.);
#2066 = FACE_BOUND('',#2067,.T.);
#2067 = EDGE_LOOP('',(#2068,#2069,#2075,#2076,#2077,#2078));
#2068 = ORIENTED_EDGE('',*,*,#1352,.T.);
#2069 = ORIENTED_EDGE('',*,*,#2070,.T.);
#2070 = EDGE_CURVE('',#1353,#1101,#2071,.T.);
#2071 = LINE('',#2072,#2073);
#2072 = CARTESIAN_POINT('',(0.,4.5,6.65));
#2073 = VECTOR('',#2074,1.);
#2074 = DIRECTION('',(1.,0.,-6.E-17));
#2075 = ORIENTED_EDGE('',*,*,#1117,.T.);
#2076 = ORIENTED_EDGE('',*,*,#1026,.T.);
#2077 = ORIENTED_EDGE('',*,*,#1100,.T.);
#2078 = ORIENTED_EDGE('',*,*,#2070,.F.);
#2079 = CYLINDRICAL_SURFACE('',#2080,2.65);
#2080 = AXIS2_PLACEMENT_3D('',#2081,#2082,#2083);
#2081 = CARTESIAN_POINT('',(0.,4.5,4.));
#2082 = DIRECTION('',(1.,0.,0.));
#2083 = DIRECTION('',(0.,0.,1.));
#2084 = ADVANCED_FACE('',(#2085),#2112,.F.);
#2085 = FACE_BOUND('',#2086,.F.);
#2086 = EDGE_LOOP('',(#2087,#2096,#2104,#2111));
#2087 = ORIENTED_EDGE('',*,*,#2088,.T.);
#2088 = EDGE_CURVE('',#1268,#2089,#2091,.T.);
#2089 = VERTEX_POINT('',#2090);
#2090 = CARTESIAN_POINT('',(23.,-1.386300243527,-1.449725744865));
#2091 = CIRCLE('',#2092,5.);
#2092 = AXIS2_PLACEMENT_3D('',#2093,#2094,#2095);
#2093 = CARTESIAN_POINT('',(23.,-5.,2.005874647262));
#2094 = DIRECTION('',(-1.,0.,0.));
#2095 = DIRECTION('',(-0.,-0.,-1.));
#2096 = ORIENTED_EDGE('',*,*,#2097,.T.);
#2097 = EDGE_CURVE('',#2089,#2098,#2100,.T.);
#2098 = VERTEX_POINT('',#2099);
#2099 = CARTESIAN_POINT('',(7.,-1.386300243527,-1.449725744865));
#2100 = LINE('',#2101,#2102);
#2101 = CARTESIAN_POINT('',(23.,-1.386300243527,-1.449725744865));
#2102 = VECTOR('',#2103,1.);
#2103 = DIRECTION('',(-1.,-0.,-0.));
#2104 = ORIENTED_EDGE('',*,*,#2105,.F.);
#2105 = EDGE_CURVE('',#1276,#2098,#2106,.T.);
#2106 = CIRCLE('',#2107,5.);
#2107 = AXIS2_PLACEMENT_3D('',#2108,#2109,#2110);
#2108 = CARTESIAN_POINT('',(7.,-5.,2.005874647262));
#2109 = DIRECTION('',(-1.,0.,0.));
#2110 = DIRECTION('',(-0.,-0.,-1.));
#2111 = ORIENTED_EDGE('',*,*,#1275,.F.);
#2112 = CYLINDRICAL_SURFACE('',#2113,5.);
#2113 = AXIS2_PLACEMENT_3D('',#2114,#2115,#2116);
#2114 = CARTESIAN_POINT('',(23.,-5.,2.005874647262));
#2115 = DIRECTION('',(-1.,-0.,-0.));
#2116 = DIRECTION('',(0.,1.,0.));
#2117 = ADVANCED_FACE('',(#2118),#2143,.T.);
#2118 = FACE_BOUND('',#2119,.F.);
#2119 = EDGE_LOOP('',(#2120,#2128,#2129,#2137));
#2120 = ORIENTED_EDGE('',*,*,#2121,.F.);
#2121 = EDGE_CURVE('',#2098,#2122,#2124,.T.);
#2122 = VERTEX_POINT('',#2123);
#2123 = CARTESIAN_POINT('',(7.,-7.65,-8.));
#2124 = LINE('',#2125,#2126);
#2125 = CARTESIAN_POINT('',(7.,0.,8.881784197001E-16));
#2126 = VECTOR('',#2127,1.);
#2127 = DIRECTION('',(0.,-0.691120078425,-0.722739951295));
#2128 = ORIENTED_EDGE('',*,*,#2097,.F.);
#2129 = ORIENTED_EDGE('',*,*,#2130,.T.);
#2130 = EDGE_CURVE('',#2089,#2131,#2133,.T.);
#2131 = VERTEX_POINT('',#2132);
#2132 = CARTESIAN_POINT('',(23.,-7.65,-8.));
#2133 = LINE('',#2134,#2135);
#2134 = CARTESIAN_POINT('',(23.,0.,8.881784197001E-16));
#2135 = VECTOR('',#2136,1.);
#2136 = DIRECTION('',(0.,-0.691120078425,-0.722739951295));
#2137 = ORIENTED_EDGE('',*,*,#2138,.F.);
#2138 = EDGE_CURVE('',#2122,#2131,#2139,.T.);
#2139 = LINE('',#2140,#2141);
#2140 = CARTESIAN_POINT('',(7.,-7.65,-8.));
#2141 = VECTOR('',#2142,1.);
#2142 = DIRECTION('',(1.,0.,0.));
#2143 = PLANE('',#2144);
#2144 = AXIS2_PLACEMENT_3D('',#2145,#2146,#2147);
#2145 = CARTESIAN_POINT('',(7.,0.,8.881784197001E-16));
#2146 = DIRECTION('',(0.,-0.722739951295,0.691120078425));
#2147 = DIRECTION('',(0.,0.691120078425,0.722739951295));
#2148 = ADVANCED_FACE('',(#2149),#2174,.F.);
#2149 = FACE_BOUND('',#2150,.T.);
#2150 = EDGE_LOOP('',(#2151,#2161,#2167,#2168));
#2151 = ORIENTED_EDGE('',*,*,#2152,.T.);
#2152 = EDGE_CURVE('',#2153,#2155,#2157,.T.);
#2153 = VERTEX_POINT('',#2154);
#2154 = CARTESIAN_POINT('',(7.,-7.65,-16.));
#2155 = VERTEX_POINT('',#2156);
#2156 = CARTESIAN_POINT('',(23.,-7.65,-16.));
#2157 = LINE('',#2158,#2159);
#2158 = CARTESIAN_POINT('',(7.,-7.65,-16.));
#2159 = VECTOR('',#2160,1.);
#2160 = DIRECTION('',(1.,0.,0.));
#2161 = ORIENTED_EDGE('',*,*,#2162,.T.);
#2162 = EDGE_CURVE('',#2155,#2131,#2163,.T.);
#2163 = LINE('',#2164,#2165);
#2164 = CARTESIAN_POINT('',(23.,-7.65,-16.));
#2165 = VECTOR('',#2166,1.);
#2166 = DIRECTION('',(0.,-1.7763568394E-15,1.));
#2167 = ORIENTED_EDGE('',*,*,#2138,.F.);
#2168 = ORIENTED_EDGE('',*,*,#2169,.F.);
#2169 = EDGE_CURVE('',#2153,#2122,#2170,.T.);
#2170 = LINE('',#2171,#2172);
#2171 = CARTESIAN_POINT('',(7.,-7.65,-16.));
#2172 = VECTOR('',#2173,1.);
#2173 = DIRECTION('',(0.,-1.7763568394E-15,1.));
#2174 = PLANE('',#2175);
#2175 = AXIS2_PLACEMENT_3D('',#2176,#2177,#2178);
#2176 = CARTESIAN_POINT('',(7.,-7.65,-16.));
#2177 = DIRECTION('',(0.,1.,1.7763568394E-15));
#2178 = DIRECTION('',(0.,1.7763568394E-15,-1.));
#2179 = ADVANCED_FACE('',(#2180),#2205,.F.);
#2180 = FACE_BOUND('',#2181,.T.);
#2181 = EDGE_LOOP('',(#2182,#2192,#2198,#2199));
#2182 = ORIENTED_EDGE('',*,*,#2183,.T.);
#2183 = EDGE_CURVE('',#2184,#2186,#2188,.T.);
#2184 = VERTEX_POINT('',#2185);
#2185 = CARTESIAN_POINT('',(7.,-5.05,-16.));
#2186 = VERTEX_POINT('',#2187);
#2187 = CARTESIAN_POINT('',(23.,-5.05,-16.));
#2188 = LINE('',#2189,#2190);
#2189 = CARTESIAN_POINT('',(7.,-5.05,-16.));
#2190 = VECTOR('',#2191,1.);
#2191 = DIRECTION('',(1.,0.,0.));
#2192 = ORIENTED_EDGE('',*,*,#2193,.T.);
#2193 = EDGE_CURVE('',#2186,#2155,#2194,.T.);
#2194 = LINE('',#2195,#2196);
#2195 = CARTESIAN_POINT('',(23.,-5.05,-16.));
#2196 = VECTOR('',#2197,1.);
#2197 = DIRECTION('',(0.,-1.,0.));
#2198 = ORIENTED_EDGE('',*,*,#2152,.F.);
#2199 = ORIENTED_EDGE('',*,*,#2200,.F.);
#2200 = EDGE_CURVE('',#2184,#2153,#2201,.T.);
#2201 = LINE('',#2202,#2203);
#2202 = CARTESIAN_POINT('',(7.,-5.05,-16.));
#2203 = VECTOR('',#2204,1.);
#2204 = DIRECTION('',(0.,-1.,0.));
#2205 = PLANE('',#2206);
#2206 = AXIS2_PLACEMENT_3D('',#2207,#2208,#2209);
#2207 = CARTESIAN_POINT('',(7.,-5.05,-16.));
#2208 = DIRECTION('',(0.,0.,1.));
#2209 = DIRECTION('',(0.,1.,0.));
#2210 = ADVANCED_FACE('',(#2211),#2236,.F.);
#2211 = FACE_BOUND('',#2212,.T.);
#2212 = EDGE_LOOP('',(#2213,#2223,#2229,#2230));
#2213 = ORIENTED_EDGE('',*,*,#2214,.T.);
#2214 = EDGE_CURVE('',#2215,#2217,#2219,.T.);
#2215 = VERTEX_POINT('',#2216);
#2216 = CARTESIAN_POINT('',(7.,-5.05,-10.));
#2217 = VERTEX_POINT('',#2218);
#2218 = CARTESIAN_POINT('',(23.,-5.05,-10.));
#2219 = LINE('',#2220,#2221);
#2220 = CARTESIAN_POINT('',(7.,-5.05,-10.));
#2221 = VECTOR('',#2222,1.);
#2222 = DIRECTION('',(1.,0.,0.));
#2223 = ORIENTED_EDGE('',*,*,#2224,.T.);
#2224 = EDGE_CURVE('',#2217,#2186,#2225,.T.);
#2225 = LINE('',#2226,#2227);
#2226 = CARTESIAN_POINT('',(23.,-5.05,-10.));
#2227 = VECTOR('',#2228,1.);
#2228 = DIRECTION('',(0.,0.,-1.));
#2229 = ORIENTED_EDGE('',*,*,#2183,.F.);
#2230 = ORIENTED_EDGE('',*,*,#2231,.F.);
#2231 = EDGE_CURVE('',#2215,#2184,#2232,.T.);
#2232 = LINE('',#2233,#2234);
#2233 = CARTESIAN_POINT('',(7.,-5.05,-10.));
#2234 = VECTOR('',#2235,1.);
#2235 = DIRECTION('',(0.,0.,-1.));
#2236 = PLANE('',#2237);
#2237 = AXIS2_PLACEMENT_3D('',#2238,#2239,#2240);
#2238 = CARTESIAN_POINT('',(7.,-5.05,-10.));
#2239 = DIRECTION('',(-0.,-1.,-0.));
#2240 = DIRECTION('',(0.,0.,1.));
#2241 = ADVANCED_FACE('',(#2242),#2267,.F.);
#2242 = FACE_BOUND('',#2243,.T.);
#2243 = EDGE_LOOP('',(#2244,#2254,#2260,#2261));
#2244 = ORIENTED_EDGE('',*,*,#2245,.T.);
#2245 = EDGE_CURVE('',#2246,#2248,#2250,.T.);
#2246 = VERTEX_POINT('',#2247);
#2247 = CARTESIAN_POINT('',(7.,-4.95,-10.));
#2248 = VERTEX_POINT('',#2249);
#2249 = CARTESIAN_POINT('',(23.,-4.95,-10.));
#2250 = LINE('',#2251,#2252);
#2251 = CARTESIAN_POINT('',(7.,-4.95,-10.));
#2252 = VECTOR('',#2253,1.);
#2253 = DIRECTION('',(1.,0.,0.));
#2254 = ORIENTED_EDGE('',*,*,#2255,.T.);
#2255 = EDGE_CURVE('',#2248,#2217,#2256,.T.);
#2256 = LINE('',#2257,#2258);
#2257 = CARTESIAN_POINT('',(23.,-4.95,-10.));
#2258 = VECTOR('',#2259,1.);
#2259 = DIRECTION('',(0.,-1.,-1.7763568394E-14));
#2260 = ORIENTED_EDGE('',*,*,#2214,.F.);
#2261 = ORIENTED_EDGE('',*,*,#2262,.F.);
#2262 = EDGE_CURVE('',#2246,#2215,#2263,.T.);
#2263 = LINE('',#2264,#2265);
#2264 = CARTESIAN_POINT('',(7.,-4.95,-10.));
#2265 = VECTOR('',#2266,1.);
#2266 = DIRECTION('',(0.,-1.,-1.7763568394E-14));
#2267 = PLANE('',#2268);
#2268 = AXIS2_PLACEMENT_3D('',#2269,#2270,#2271);
#2269 = CARTESIAN_POINT('',(7.,-4.95,-10.));
#2270 = DIRECTION('',(0.,-1.7763568394E-14,1.));
#2271 = DIRECTION('',(0.,1.,1.7763568394E-14));
#2272 = ADVANCED_FACE('',(#2273),#2300,.F.);
#2273 = FACE_BOUND('',#2274,.T.);
#2274 = EDGE_LOOP('',(#2275,#2285,#2292,#2293));
#2275 = ORIENTED_EDGE('',*,*,#2276,.T.);
#2276 = EDGE_CURVE('',#2277,#2279,#2281,.T.);
#2277 = VERTEX_POINT('',#2278);
#2278 = CARTESIAN_POINT('',(7.,-4.15,-10.8));
#2279 = VERTEX_POINT('',#2280);
#2280 = CARTESIAN_POINT('',(23.,-4.15,-10.8));
#2281 = LINE('',#2282,#2283);
#2282 = CARTESIAN_POINT('',(7.,-4.15,-10.8));
#2283 = VECTOR('',#2284,1.);
#2284 = DIRECTION('',(1.,0.,0.));
#2285 = ORIENTED_EDGE('',*,*,#2286,.T.);
#2286 = EDGE_CURVE('',#2279,#2248,#2287,.T.);
#2287 = CIRCLE('',#2288,0.8);
#2288 = AXIS2_PLACEMENT_3D('',#2289,#2290,#2291);
#2289 = CARTESIAN_POINT('',(23.,-4.95,-10.8));
#2290 = DIRECTION('',(1.,-0.,0.));
#2291 = DIRECTION('',(0.,1.,-0.));
#2292 = ORIENTED_EDGE('',*,*,#2245,.F.);
#2293 = ORIENTED_EDGE('',*,*,#2294,.F.);
#2294 = EDGE_CURVE('',#2277,#2246,#2295,.T.);
#2295 = CIRCLE('',#2296,0.8);
#2296 = AXIS2_PLACEMENT_3D('',#2297,#2298,#2299);
#2297 = CARTESIAN_POINT('',(7.,-4.95,-10.8));
#2298 = DIRECTION('',(1.,-0.,0.));
#2299 = DIRECTION('',(0.,1.,-0.));
#2300 = CYLINDRICAL_SURFACE('',#2301,0.8);
#2301 = AXIS2_PLACEMENT_3D('',#2302,#2303,#2304);
#2302 = CARTESIAN_POINT('',(7.,-4.95,-10.8));
#2303 = DIRECTION('',(-1.,-0.,-0.));
#2304 = DIRECTION('',(0.,1.,0.));
#2305 = ADVANCED_FACE('',(#2306),#2331,.F.);
#2306 = FACE_BOUND('',#2307,.T.);
#2307 = EDGE_LOOP('',(#2308,#2318,#2324,#2325));
#2308 = ORIENTED_EDGE('',*,*,#2309,.T.);
#2309 = EDGE_CURVE('',#2310,#2312,#2314,.T.);
#2310 = VERTEX_POINT('',#2311);
#2311 = CARTESIAN_POINT('',(7.,-4.15,-17.8));
#2312 = VERTEX_POINT('',#2313);
#2313 = CARTESIAN_POINT('',(23.,-4.15,-17.8));
#2314 = LINE('',#2315,#2316);
#2315 = CARTESIAN_POINT('',(7.,-4.15,-17.8));
#2316 = VECTOR('',#2317,1.);
#2317 = DIRECTION('',(1.,0.,0.));
#2318 = ORIENTED_EDGE('',*,*,#2319,.T.);
#2319 = EDGE_CURVE('',#2312,#2279,#2320,.T.);
#2320 = LINE('',#2321,#2322);
#2321 = CARTESIAN_POINT('',(23.,-4.15,-17.8));
#2322 = VECTOR('',#2323,1.);
#2323 = DIRECTION('',(0.,2.030122102172E-15,1.));
#2324 = ORIENTED_EDGE('',*,*,#2276,.F.);
#2325 = ORIENTED_EDGE('',*,*,#2326,.F.);
#2326 = EDGE_CURVE('',#2310,#2277,#2327,.T.);
#2327 = LINE('',#2328,#2329);
#2328 = CARTESIAN_POINT('',(7.,-4.15,-17.8));
#2329 = VECTOR('',#2330,1.);
#2330 = DIRECTION('',(0.,2.030122102172E-15,1.));
#2331 = PLANE('',#2332);
#2332 = AXIS2_PLACEMENT_3D('',#2333,#2334,#2335);
#2333 = CARTESIAN_POINT('',(7.,-4.15,-17.8));
#2334 = DIRECTION('',(0.,1.,-2.030122102172E-15));
#2335 = DIRECTION('',(-0.,-2.030122102172E-15,-1.));
#2336 = ADVANCED_FACE('',(#2337),#2362,.F.);
#2337 = FACE_BOUND('',#2338,.T.);
#2338 = EDGE_LOOP('',(#2339,#2349,#2355,#2356));
#2339 = ORIENTED_EDGE('',*,*,#2340,.T.);
#2340 = EDGE_CURVE('',#2341,#2343,#2345,.T.);
#2341 = VERTEX_POINT('',#2342);
#2342 = CARTESIAN_POINT('',(7.,-5.15,-17.8));
#2343 = VERTEX_POINT('',#2344);
#2344 = CARTESIAN_POINT('',(23.,-5.15,-17.8));
#2345 = LINE('',#2346,#2347);
#2346 = CARTESIAN_POINT('',(7.,-5.15,-17.8));
#2347 = VECTOR('',#2348,1.);
#2348 = DIRECTION('',(1.,0.,0.));
#2349 = ORIENTED_EDGE('',*,*,#2350,.T.);
#2350 = EDGE_CURVE('',#2343,#2312,#2351,.T.);
#2351 = LINE('',#2352,#2353);
#2352 = CARTESIAN_POINT('',(23.,-5.15,-17.8));
#2353 = VECTOR('',#2354,1.);
#2354 = DIRECTION('',(0.,1.,-0.));
#2355 = ORIENTED_EDGE('',*,*,#2309,.F.);
#2356 = ORIENTED_EDGE('',*,*,#2357,.F.);
#2357 = EDGE_CURVE('',#2341,#2310,#2358,.T.);
#2358 = LINE('',#2359,#2360);
#2359 = CARTESIAN_POINT('',(7.,-5.15,-17.8));
#2360 = VECTOR('',#2361,1.);
#2361 = DIRECTION('',(0.,1.,-0.));
#2362 = PLANE('',#2363);
#2363 = AXIS2_PLACEMENT_3D('',#2364,#2365,#2366);
#2364 = CARTESIAN_POINT('',(7.,-5.15,-17.8));
#2365 = DIRECTION('',(0.,0.,-1.));
#2366 = DIRECTION('',(-0.,-1.,-0.));
#2367 = ADVANCED_FACE('',(#2368),#2393,.F.);
#2368 = FACE_BOUND('',#2369,.T.);
#2369 = EDGE_LOOP('',(#2370,#2380,#2386,#2387));
#2370 = ORIENTED_EDGE('',*,*,#2371,.T.);
#2371 = EDGE_CURVE('',#2372,#2374,#2376,.T.);
#2372 = VERTEX_POINT('',#2373);
#2373 = CARTESIAN_POINT('',(7.,-5.15,-18.1));
#2374 = VERTEX_POINT('',#2375);
#2375 = CARTESIAN_POINT('',(23.,-5.15,-18.1));
#2376 = LINE('',#2377,#2378);
#2377 = CARTESIAN_POINT('',(7.,-5.15,-18.1));
#2378 = VECTOR('',#2379,1.);
#2379 = DIRECTION('',(1.,0.,0.));
#2380 = ORIENTED_EDGE('',*,*,#2381,.T.);
#2381 = EDGE_CURVE('',#2374,#2343,#2382,.T.);
#2382 = LINE('',#2383,#2384);
#2383 = CARTESIAN_POINT('',(23.,-5.15,-18.1));
#2384 = VECTOR('',#2385,1.);
#2385 = DIRECTION('',(0.,9.473903143468E-14,1.));
#2386 = ORIENTED_EDGE('',*,*,#2340,.F.);
#2387 = ORIENTED_EDGE('',*,*,#2388,.F.);
#2388 = EDGE_CURVE('',#2372,#2341,#2389,.T.);
#2389 = LINE('',#2390,#2391);
#2390 = CARTESIAN_POINT('',(7.,-5.15,-18.1));
#2391 = VECTOR('',#2392,1.);
#2392 = DIRECTION('',(0.,9.473903143468E-14,1.));
#2393 = PLANE('',#2394);
#2394 = AXIS2_PLACEMENT_3D('',#2395,#2396,#2397);
#2395 = CARTESIAN_POINT('',(7.,-5.15,-18.1));
#2396 = DIRECTION('',(0.,1.,-9.473903143468E-14));
#2397 = DIRECTION('',(-0.,-9.473903143468E-14,-1.));
#2398 = ADVANCED_FACE('',(#2399),#2424,.F.);
#2399 = FACE_BOUND('',#2400,.T.);
#2400 = EDGE_LOOP('',(#2401,#2411,#2417,#2418));
#2401 = ORIENTED_EDGE('',*,*,#2402,.T.);
#2402 = EDGE_CURVE('',#2403,#2405,#2407,.T.);
#2403 = VERTEX_POINT('',#2404);
#2404 = CARTESIAN_POINT('',(7.,-4.157145928698,-19.8196728048));
#2405 = VERTEX_POINT('',#2406);
#2406 = CARTESIAN_POINT('',(23.,-4.157145928698,-19.8196728048));
#2407 = LINE('',#2408,#2409);
#2408 = CARTESIAN_POINT('',(7.,-4.157145928698,-19.8196728048));
#2409 = VECTOR('',#2410,1.);
#2410 = DIRECTION('',(1.,0.,0.));
#2411 = ORIENTED_EDGE('',*,*,#2412,.T.);
#2412 = EDGE_CURVE('',#2405,#2374,#2413,.T.);
#2413 = LINE('',#2414,#2415);
#2414 = CARTESIAN_POINT('',(23.,-4.157145928698,-19.8196728048));
#2415 = VECTOR('',#2416,1.);
#2416 = DIRECTION('',(0.,-0.500000194338,0.866025291584));
#2417 = ORIENTED_EDGE('',*,*,#2371,.F.);
#2418 = ORIENTED_EDGE('',*,*,#2419,.F.);
#2419 = EDGE_CURVE('',#2403,#2372,#2420,.T.);
#2420 = LINE('',#2421,#2422);
#2421 = CARTESIAN_POINT('',(7.,-4.157145928698,-19.8196728048));
#2422 = VECTOR('',#2423,1.);
#2423 = DIRECTION('',(0.,-0.500000194338,0.866025291584));
#2424 = PLANE('',#2425);
#2425 = AXIS2_PLACEMENT_3D('',#2426,#2427,#2428);
#2426 = CARTESIAN_POINT('',(7.,-4.157145928698,-19.8196728048));
#2427 = DIRECTION('',(0.,0.866025291584,0.500000194338));
#2428 = DIRECTION('',(0.,0.500000194338,-0.866025291584));
#2429 = ADVANCED_FACE('',(#2430),#2455,.F.);
#2430 = FACE_BOUND('',#2431,.T.);
#2431 = EDGE_LOOP('',(#2432,#2442,#2448,#2449));
#2432 = ORIENTED_EDGE('',*,*,#2433,.T.);
#2433 = EDGE_CURVE('',#2434,#2436,#2438,.T.);
#2434 = VERTEX_POINT('',#2435);
#2435 = CARTESIAN_POINT('',(7.,-3.557145928698,-19.8196728048));
#2436 = VERTEX_POINT('',#2437);
#2437 = CARTESIAN_POINT('',(23.,-3.557145928698,-19.8196728048));
#2438 = LINE('',#2439,#2440);
#2439 = CARTESIAN_POINT('',(7.,-3.557145928698,-19.8196728048));
#2440 = VECTOR('',#2441,1.);
#2441 = DIRECTION('',(1.,0.,0.));
#2442 = ORIENTED_EDGE('',*,*,#2443,.T.);
#2443 = EDGE_CURVE('',#2436,#2405,#2444,.T.);
#2444 = LINE('',#2445,#2446);
#2445 = CARTESIAN_POINT('',(23.,-3.557145928698,-19.8196728048));
#2446 = VECTOR('',#2447,1.);
#2447 = DIRECTION('',(0.,-1.,0.));
#2448 = ORIENTED_EDGE('',*,*,#2402,.F.);
#2449 = ORIENTED_EDGE('',*,*,#2450,.F.);
#2450 = EDGE_CURVE('',#2434,#2403,#2451,.T.);
#2451 = LINE('',#2452,#2453);
#2452 = CARTESIAN_POINT('',(7.,-3.557145928698,-19.8196728048));
#2453 = VECTOR('',#2454,1.);
#2454 = DIRECTION('',(0.,-1.,0.));
#2455 = PLANE('',#2456);
#2456 = AXIS2_PLACEMENT_3D('',#2457,#2458,#2459);
#2457 = CARTESIAN_POINT('',(7.,-3.557145928698,-19.8196728048));
#2458 = DIRECTION('',(0.,0.,1.));
#2459 = DIRECTION('',(0.,1.,0.));
#2460 = ADVANCED_FACE('',(#2461),#2486,.F.);
#2461 = FACE_BOUND('',#2462,.T.);
#2462 = EDGE_LOOP('',(#2463,#2473,#2479,#2480));
#2463 = ORIENTED_EDGE('',*,*,#2464,.T.);
#2464 = EDGE_CURVE('',#2465,#2467,#2469,.T.);
#2465 = VERTEX_POINT('',#2466);
#2466 = CARTESIAN_POINT('',(7.,-2.596049801769,-10.44898556725));
#2467 = VERTEX_POINT('',#2468);
#2468 = CARTESIAN_POINT('',(23.,-2.596049801769,-10.44898556725));
#2469 = LINE('',#2470,#2471);
#2470 = CARTESIAN_POINT('',(7.,-2.596049801769,-10.44898556725));
#2471 = VECTOR('',#2472,1.);
#2472 = DIRECTION('',(1.,0.,0.));
#2473 = ORIENTED_EDGE('',*,*,#2474,.T.);
#2474 = EDGE_CURVE('',#2467,#2436,#2475,.T.);
#2475 = LINE('',#2476,#2477);
#2476 = CARTESIAN_POINT('',(23.,-2.596049801769,-10.44898556725));
#2477 = VECTOR('',#2478,1.);
#2478 = DIRECTION('',(0.,-0.102028865499,-0.994781438611));
#2479 = ORIENTED_EDGE('',*,*,#2433,.F.);
#2480 = ORIENTED_EDGE('',*,*,#2481,.F.);
#2481 = EDGE_CURVE('',#2465,#2434,#2482,.T.);
#2482 = LINE('',#2483,#2484);
#2483 = CARTESIAN_POINT('',(7.,-2.596049801769,-10.44898556725));
#2484 = VECTOR('',#2485,1.);
#2485 = DIRECTION('',(0.,-0.102028865499,-0.994781438611));
#2486 = PLANE('',#2487);
#2487 = AXIS2_PLACEMENT_3D('',#2488,#2489,#2490);
#2488 = CARTESIAN_POINT('',(7.,-2.596049801769,-10.44898556725));
#2489 = DIRECTION('',(0.,-0.994781438611,0.102028865499));
#2490 = DIRECTION('',(0.,0.102028865499,0.994781438611));
#2491 = ADVANCED_FACE('',(#2492),#2519,.F.);
#2492 = FACE_BOUND('',#2493,.T.);
#2493 = EDGE_LOOP('',(#2494,#2504,#2511,#2512));
#2494 = ORIENTED_EDGE('',*,*,#2495,.T.);
#2495 = EDGE_CURVE('',#2496,#2498,#2500,.T.);
#2496 = VERTEX_POINT('',#2497);
#2497 = CARTESIAN_POINT('',(7.,-2.098659082464,-10.));
#2498 = VERTEX_POINT('',#2499);
#2499 = CARTESIAN_POINT('',(23.,-2.098659082464,-10.));
#2500 = LINE('',#2501,#2502);
#2501 = CARTESIAN_POINT('',(7.,-2.098659082464,-10.));
#2502 = VECTOR('',#2503,1.);
#2503 = DIRECTION('',(1.,0.,0.));
#2504 = ORIENTED_EDGE('',*,*,#2505,.T.);
#2505 = EDGE_CURVE('',#2498,#2467,#2506,.T.);
#2506 = CIRCLE('',#2507,0.5);
#2507 = AXIS2_PLACEMENT_3D('',#2508,#2509,#2510);
#2508 = CARTESIAN_POINT('',(23.,-2.098659082464,-10.5));
#2509 = DIRECTION('',(1.,-0.,0.));
#2510 = DIRECTION('',(0.,1.,-0.));
#2511 = ORIENTED_EDGE('',*,*,#2464,.F.);
#2512 = ORIENTED_EDGE('',*,*,#2513,.F.);
#2513 = EDGE_CURVE('',#2496,#2465,#2514,.T.);
#2514 = CIRCLE('',#2515,0.5);
#2515 = AXIS2_PLACEMENT_3D('',#2516,#2517,#2518);
#2516 = CARTESIAN_POINT('',(7.,-2.098659082464,-10.5));
#2517 = DIRECTION('',(1.,-0.,0.));
#2518 = DIRECTION('',(0.,1.,-0.));
#2519 = CYLINDRICAL_SURFACE('',#2520,0.5);
#2520 = AXIS2_PLACEMENT_3D('',#2521,#2522,#2523);
#2521 = CARTESIAN_POINT('',(7.,-2.098659082464,-10.5));
#2522 = DIRECTION('',(-1.,-0.,-0.));
#2523 = DIRECTION('',(0.,1.,0.));
#2524 = ADVANCED_FACE('',(#2525),#2550,.F.);
#2525 = FACE_BOUND('',#2526,.T.);
#2526 = EDGE_LOOP('',(#2527,#2537,#2543,#2544));
#2527 = ORIENTED_EDGE('',*,*,#2528,.T.);
#2528 = EDGE_CURVE('',#2529,#2531,#2533,.T.);
#2529 = VERTEX_POINT('',#2530);
#2530 = CARTESIAN_POINT('',(7.,-1.201340917536,-10.));
#2531 = VERTEX_POINT('',#2532);
#2532 = CARTESIAN_POINT('',(23.,-1.201340917536,-10.));
#2533 = LINE('',#2534,#2535);
#2534 = CARTESIAN_POINT('',(7.,-1.201340917536,-10.));
#2535 = VECTOR('',#2536,1.);
#2536 = DIRECTION('',(1.,0.,0.));
#2537 = ORIENTED_EDGE('',*,*,#2538,.T.);
#2538 = EDGE_CURVE('',#2531,#2498,#2539,.T.);
#2539 = LINE('',#2540,#2541);
#2540 = CARTESIAN_POINT('',(23.,-1.201340917536,-10.));
#2541 = VECTOR('',#2542,1.);
#2542 = DIRECTION('',(0.,-1.,0.));
#2543 = ORIENTED_EDGE('',*,*,#2495,.F.);
#2544 = ORIENTED_EDGE('',*,*,#2545,.F.);
#2545 = EDGE_CURVE('',#2529,#2496,#2546,.T.);
#2546 = LINE('',#2547,#2548);
#2547 = CARTESIAN_POINT('',(7.,-1.201340917536,-10.));
#2548 = VECTOR('',#2549,1.);
#2549 = DIRECTION('',(0.,-1.,0.));
#2550 = PLANE('',#2551);
#2551 = AXIS2_PLACEMENT_3D('',#2552,#2553,#2554);
#2552 = CARTESIAN_POINT('',(7.,-1.201340917536,-10.));
#2553 = DIRECTION('',(0.,0.,1.));
#2554 = DIRECTION('',(0.,1.,0.));
#2555 = ADVANCED_FACE('',(#2556),#2583,.F.);
#2556 = FACE_BOUND('',#2557,.T.);
#2557 = EDGE_LOOP('',(#2558,#2568,#2575,#2576));
#2558 = ORIENTED_EDGE('',*,*,#2559,.T.);
#2559 = EDGE_CURVE('',#2560,#2562,#2564,.T.);
#2560 = VERTEX_POINT('',#2561);
#2561 = CARTESIAN_POINT('',(7.,-0.703950198231,-10.44898556725));
#2562 = VERTEX_POINT('',#2563);
#2563 = CARTESIAN_POINT('',(23.,-0.703950198231,-10.44898556725));
#2564 = LINE('',#2565,#2566);
#2565 = CARTESIAN_POINT('',(7.,-0.703950198231,-10.44898556725));
#2566 = VECTOR('',#2567,1.);
#2567 = DIRECTION('',(1.,0.,0.));
#2568 = ORIENTED_EDGE('',*,*,#2569,.T.);
#2569 = EDGE_CURVE('',#2562,#2531,#2570,.T.);
#2570 = CIRCLE('',#2571,0.5);
#2571 = AXIS2_PLACEMENT_3D('',#2572,#2573,#2574);
#2572 = CARTESIAN_POINT('',(23.,-1.201340917536,-10.5));
#2573 = DIRECTION('',(1.,-0.,0.));
#2574 = DIRECTION('',(0.,1.,-0.));
#2575 = ORIENTED_EDGE('',*,*,#2528,.F.);
#2576 = ORIENTED_EDGE('',*,*,#2577,.F.);
#2577 = EDGE_CURVE('',#2560,#2529,#2578,.T.);
#2578 = CIRCLE('',#2579,0.5);
#2579 = AXIS2_PLACEMENT_3D('',#2580,#2581,#2582);
#2580 = CARTESIAN_POINT('',(7.,-1.201340917536,-10.5));
#2581 = DIRECTION('',(1.,-0.,0.));
#2582 = DIRECTION('',(0.,1.,-0.));
#2583 = CYLINDRICAL_SURFACE('',#2584,0.5);
#2584 = AXIS2_PLACEMENT_3D('',#2585,#2586,#2587);
#2585 = CARTESIAN_POINT('',(7.,-1.201340917536,-10.5));
#2586 = DIRECTION('',(-1.,-0.,-0.));
#2587 = DIRECTION('',(0.,1.,0.));
#2588 = ADVANCED_FACE('',(#2589),#2614,.F.);
#2589 = FACE_BOUND('',#2590,.T.);
#2590 = EDGE_LOOP('',(#2591,#2601,#2607,#2608));
#2591 = ORIENTED_EDGE('',*,*,#2592,.T.);
#2592 = EDGE_CURVE('',#2593,#2595,#2597,.T.);
#2593 = VERTEX_POINT('',#2594);
#2594 = CARTESIAN_POINT('',(7.,0.257145928698,-19.8196728048));
#2595 = VERTEX_POINT('',#2596);
#2596 = CARTESIAN_POINT('',(23.,0.257145928698,-19.8196728048));
#2597 = LINE('',#2598,#2599);
#2598 = CARTESIAN_POINT('',(7.,0.257145928698,-19.8196728048));
#2599 = VECTOR('',#2600,1.);
#2600 = DIRECTION('',(1.,0.,0.));
#2601 = ORIENTED_EDGE('',*,*,#2602,.T.);
#2602 = EDGE_CURVE('',#2595,#2562,#2603,.T.);
#2603 = LINE('',#2604,#2605);
#2604 = CARTESIAN_POINT('',(23.,0.257145928698,-19.8196728048));
#2605 = VECTOR('',#2606,1.);
#2606 = DIRECTION('',(0.,-0.102028865499,0.994781438611));
#2607 = ORIENTED_EDGE('',*,*,#2559,.F.);
#2608 = ORIENTED_EDGE('',*,*,#2609,.F.);
#2609 = EDGE_CURVE('',#2593,#2560,#2610,.T.);
#2610 = LINE('',#2611,#2612);
#2611 = CARTESIAN_POINT('',(7.,0.257145928698,-19.8196728048));
#2612 = VECTOR('',#2613,1.);
#2613 = DIRECTION('',(0.,-0.102028865499,0.994781438611));
#2614 = PLANE('',#2615);
#2615 = AXIS2_PLACEMENT_3D('',#2616,#2617,#2618);
#2616 = CARTESIAN_POINT('',(7.,0.257145928698,-19.8196728048));
#2617 = DIRECTION('',(0.,0.994781438611,0.102028865499));
#2618 = DIRECTION('',(0.,0.102028865499,-0.994781438611));
#2619 = ADVANCED_FACE('',(#2620),#2645,.F.);
#2620 = FACE_BOUND('',#2621,.T.);
#2621 = EDGE_LOOP('',(#2622,#2632,#2638,#2639));
#2622 = ORIENTED_EDGE('',*,*,#2623,.T.);
#2623 = EDGE_CURVE('',#2624,#2626,#2628,.T.);
#2624 = VERTEX_POINT('',#2625);
#2625 = CARTESIAN_POINT('',(7.,0.857145928698,-19.8196728048));
#2626 = VERTEX_POINT('',#2627);
#2627 = CARTESIAN_POINT('',(23.,0.857145928698,-19.8196728048));
#2628 = LINE('',#2629,#2630);
#2629 = CARTESIAN_POINT('',(7.,0.857145928698,-19.8196728048));
#2630 = VECTOR('',#2631,1.);
#2631 = DIRECTION('',(1.,0.,0.));
#2632 = ORIENTED_EDGE('',*,*,#2633,.T.);
#2633 = EDGE_CURVE('',#2626,#2595,#2634,.T.);
#2634 = LINE('',#2635,#2636);
#2635 = CARTESIAN_POINT('',(23.,0.857145928698,-19.8196728048));
#2636 = VECTOR('',#2637,1.);
#2637 = DIRECTION('',(0.,-1.,0.));
#2638 = ORIENTED_EDGE('',*,*,#2592,.F.);
#2639 = ORIENTED_EDGE('',*,*,#2640,.F.);
#2640 = EDGE_CURVE('',#2624,#2593,#2641,.T.);
#2641 = LINE('',#2642,#2643);
#2642 = CARTESIAN_POINT('',(7.,0.857145928698,-19.8196728048));
#2643 = VECTOR('',#2644,1.);
#2644 = DIRECTION('',(0.,-1.,0.));
#2645 = PLANE('',#2646);
#2646 = AXIS2_PLACEMENT_3D('',#2647,#2648,#2649);
#2647 = CARTESIAN_POINT('',(7.,0.857145928698,-19.8196728048));
#2648 = DIRECTION('',(0.,0.,1.));
#2649 = DIRECTION('',(0.,1.,0.));
#2650 = ADVANCED_FACE('',(#2651),#2676,.F.);
#2651 = FACE_BOUND('',#2652,.T.);
#2652 = EDGE_LOOP('',(#2653,#2663,#2669,#2670));
#2653 = ORIENTED_EDGE('',*,*,#2654,.T.);
#2654 = EDGE_CURVE('',#2655,#2657,#2659,.T.);
#2655 = VERTEX_POINT('',#2656);
#2656 = CARTESIAN_POINT('',(7.,1.85,-18.1));
#2657 = VERTEX_POINT('',#2658);
#2658 = CARTESIAN_POINT('',(23.,1.85,-18.1));
#2659 = LINE('',#2660,#2661);
#2660 = CARTESIAN_POINT('',(7.,1.85,-18.1));
#2661 = VECTOR('',#2662,1.);
#2662 = DIRECTION('',(1.,0.,0.));
#2663 = ORIENTED_EDGE('',*,*,#2664,.T.);
#2664 = EDGE_CURVE('',#2657,#2626,#2665,.T.);
#2665 = LINE('',#2666,#2667);
#2666 = CARTESIAN_POINT('',(23.,1.85,-18.1));
#2667 = VECTOR('',#2668,1.);
#2668 = DIRECTION('',(0.,-0.500000194338,-0.866025291584));
#2669 = ORIENTED_EDGE('',*,*,#2623,.F.);
#2670 = ORIENTED_EDGE('',*,*,#2671,.F.);
#2671 = EDGE_CURVE('',#2655,#2624,#2672,.T.);
#2672 = LINE('',#2673,#2674);
#2673 = CARTESIAN_POINT('',(7.,1.85,-18.1));
#2674 = VECTOR('',#2675,1.);
#2675 = DIRECTION('',(0.,-0.500000194338,-0.866025291584));
#2676 = PLANE('',#2677);
#2677 = AXIS2_PLACEMENT_3D('',#2678,#2679,#2680);
#2678 = CARTESIAN_POINT('',(7.,1.85,-18.1));
#2679 = DIRECTION('',(0.,-0.866025291584,0.500000194338));
#2680 = DIRECTION('',(0.,0.500000194338,0.866025291584));
#2681 = ADVANCED_FACE('',(#2682),#2707,.F.);
#2682 = FACE_BOUND('',#2683,.T.);
#2683 = EDGE_LOOP('',(#2684,#2694,#2700,#2701));
#2684 = ORIENTED_EDGE('',*,*,#2685,.T.);
#2685 = EDGE_CURVE('',#2686,#2688,#2690,.T.);
#2686 = VERTEX_POINT('',#2687);
#2687 = CARTESIAN_POINT('',(7.,1.85,-17.8));
#2688 = VERTEX_POINT('',#2689);
#2689 = CARTESIAN_POINT('',(23.,1.85,-17.8));
#2690 = LINE('',#2691,#2692);
#2691 = CARTESIAN_POINT('',(7.,1.85,-17.8));
#2692 = VECTOR('',#2693,1.);
#2693 = DIRECTION('',(1.,0.,0.));
#2694 = ORIENTED_EDGE('',*,*,#2695,.T.);
#2695 = EDGE_CURVE('',#2688,#2657,#2696,.T.);
#2696 = LINE('',#2697,#2698);
#2697 = CARTESIAN_POINT('',(23.,1.85,-17.8));
#2698 = VECTOR('',#2699,1.);
#2699 = DIRECTION('',(0.,0.,-1.));
#2700 = ORIENTED_EDGE('',*,*,#2654,.F.);
#2701 = ORIENTED_EDGE('',*,*,#2702,.F.);
#2702 = EDGE_CURVE('',#2686,#2655,#2703,.T.);
#2703 = LINE('',#2704,#2705);
#2704 = CARTESIAN_POINT('',(7.,1.85,-17.8));
#2705 = VECTOR('',#2706,1.);
#2706 = DIRECTION('',(0.,0.,-1.));
#2707 = PLANE('',#2708);
#2708 = AXIS2_PLACEMENT_3D('',#2709,#2710,#2711);
#2709 = CARTESIAN_POINT('',(7.,1.85,-17.8));
#2710 = DIRECTION('',(-0.,-1.,-0.));
#2711 = DIRECTION('',(0.,0.,1.));
#2712 = ADVANCED_FACE('',(#2713),#2738,.F.);
#2713 = FACE_BOUND('',#2714,.T.);
#2714 = EDGE_LOOP('',(#2715,#2725,#2731,#2732));
#2715 = ORIENTED_EDGE('',*,*,#2716,.T.);
#2716 = EDGE_CURVE('',#2717,#2719,#2721,.T.);
#2717 = VERTEX_POINT('',#2718);
#2718 = CARTESIAN_POINT('',(7.,0.85,-17.8));
#2719 = VERTEX_POINT('',#2720);
#2720 = CARTESIAN_POINT('',(23.,0.85,-17.8));
#2721 = LINE('',#2722,#2723);
#2722 = CARTESIAN_POINT('',(7.,0.85,-17.8));
#2723 = VECTOR('',#2724,1.);
#2724 = DIRECTION('',(1.,0.,0.));
#2725 = ORIENTED_EDGE('',*,*,#2726,.T.);
#2726 = EDGE_CURVE('',#2719,#2688,#2727,.T.);
#2727 = LINE('',#2728,#2729);
#2728 = CARTESIAN_POINT('',(23.,0.85,-17.8));
#2729 = VECTOR('',#2730,1.);
#2730 = DIRECTION('',(0.,1.,-0.));
#2731 = ORIENTED_EDGE('',*,*,#2685,.F.);
#2732 = ORIENTED_EDGE('',*,*,#2733,.F.);
#2733 = EDGE_CURVE('',#2717,#2686,#2734,.T.);
#2734 = LINE('',#2735,#2736);
#2735 = CARTESIAN_POINT('',(7.,0.85,-17.8));
#2736 = VECTOR('',#2737,1.);
#2737 = DIRECTION('',(0.,1.,-0.));
#2738 = PLANE('',#2739);
#2739 = AXIS2_PLACEMENT_3D('',#2740,#2741,#2742);
#2740 = CARTESIAN_POINT('',(7.,0.85,-17.8));
#2741 = DIRECTION('',(0.,0.,-1.));
#2742 = DIRECTION('',(-0.,-1.,-0.));
#2743 = ADVANCED_FACE('',(#2744),#2769,.F.);
#2744 = FACE_BOUND('',#2745,.T.);
#2745 = EDGE_LOOP('',(#2746,#2756,#2762,#2763));
#2746 = ORIENTED_EDGE('',*,*,#2747,.T.);
#2747 = EDGE_CURVE('',#2748,#2750,#2752,.T.);
#2748 = VERTEX_POINT('',#2749);
#2749 = CARTESIAN_POINT('',(7.,0.85,-10.8));
#2750 = VERTEX_POINT('',#2751);
#2751 = CARTESIAN_POINT('',(23.,0.85,-10.8));
#2752 = LINE('',#2753,#2754);
#2753 = CARTESIAN_POINT('',(7.,0.85,-10.8));
#2754 = VECTOR('',#2755,1.);
#2755 = DIRECTION('',(1.,0.,0.));
#2756 = ORIENTED_EDGE('',*,*,#2757,.T.);
#2757 = EDGE_CURVE('',#2750,#2719,#2758,.T.);
#2758 = LINE('',#2759,#2760);
#2759 = CARTESIAN_POINT('',(23.,0.85,-10.8));
#2760 = VECTOR('',#2761,1.);
#2761 = DIRECTION('',(0.,2.030122102172E-15,-1.));
#2762 = ORIENTED_EDGE('',*,*,#2716,.F.);
#2763 = ORIENTED_EDGE('',*,*,#2764,.F.);
#2764 = EDGE_CURVE('',#2748,#2717,#2765,.T.);
#2765 = LINE('',#2766,#2767);
#2766 = CARTESIAN_POINT('',(7.,0.85,-10.8));
#2767 = VECTOR('',#2768,1.);
#2768 = DIRECTION('',(0.,2.030122102172E-15,-1.));
#2769 = PLANE('',#2770);
#2770 = AXIS2_PLACEMENT_3D('',#2771,#2772,#2773);
#2771 = CARTESIAN_POINT('',(7.,0.85,-10.8));
#2772 = DIRECTION('',(-0.,-1.,-2.030122102172E-15));
#2773 = DIRECTION('',(0.,-2.030122102172E-15,1.));
#2774 = ADVANCED_FACE('',(#2775),#2802,.F.);
#2775 = FACE_BOUND('',#2776,.T.);
#2776 = EDGE_LOOP('',(#2777,#2787,#2794,#2795));
#2777 = ORIENTED_EDGE('',*,*,#2778,.T.);
#2778 = EDGE_CURVE('',#2779,#2781,#2783,.T.);
#2779 = VERTEX_POINT('',#2780);
#2780 = CARTESIAN_POINT('',(7.,1.65,-10.));
#2781 = VERTEX_POINT('',#2782);
#2782 = CARTESIAN_POINT('',(23.,1.65,-10.));
#2783 = LINE('',#2784,#2785);
#2784 = CARTESIAN_POINT('',(7.,1.65,-10.));
#2785 = VECTOR('',#2786,1.);
#2786 = DIRECTION('',(1.,0.,0.));
#2787 = ORIENTED_EDGE('',*,*,#2788,.T.);
#2788 = EDGE_CURVE('',#2781,#2750,#2789,.T.);
#2789 = CIRCLE('',#2790,0.8);
#2790 = AXIS2_PLACEMENT_3D('',#2791,#2792,#2793);
#2791 = CARTESIAN_POINT('',(23.,1.65,-10.8));
#2792 = DIRECTION('',(1.,-0.,0.));
#2793 = DIRECTION('',(0.,1.,-0.));
#2794 = ORIENTED_EDGE('',*,*,#2747,.F.);
#2795 = ORIENTED_EDGE('',*,*,#2796,.F.);
#2796 = EDGE_CURVE('',#2779,#2748,#2797,.T.);
#2797 = CIRCLE('',#2798,0.8);
#2798 = AXIS2_PLACEMENT_3D('',#2799,#2800,#2801);
#2799 = CARTESIAN_POINT('',(7.,1.65,-10.8));
#2800 = DIRECTION('',(1.,-0.,0.));
#2801 = DIRECTION('',(0.,1.,-0.));
#2802 = CYLINDRICAL_SURFACE('',#2803,0.8);
#2803 = AXIS2_PLACEMENT_3D('',#2804,#2805,#2806);
#2804 = CARTESIAN_POINT('',(7.,1.65,-10.8));
#2805 = DIRECTION('',(-1.,-0.,-0.));
#2806 = DIRECTION('',(0.,1.,0.));
#2807 = ADVANCED_FACE('',(#2808),#2833,.F.);
#2808 = FACE_BOUND('',#2809,.T.);
#2809 = EDGE_LOOP('',(#2810,#2820,#2826,#2827));
#2810 = ORIENTED_EDGE('',*,*,#2811,.T.);
#2811 = EDGE_CURVE('',#2812,#2814,#2816,.T.);
#2812 = VERTEX_POINT('',#2813);
#2813 = CARTESIAN_POINT('',(7.,1.75,-10.));
#2814 = VERTEX_POINT('',#2815);
#2815 = CARTESIAN_POINT('',(23.,1.75,-10.));
#2816 = LINE('',#2817,#2818);
#2817 = CARTESIAN_POINT('',(7.,1.75,-10.));
#2818 = VECTOR('',#2819,1.);
#2819 = DIRECTION('',(1.,0.,0.));
#2820 = ORIENTED_EDGE('',*,*,#2821,.T.);
#2821 = EDGE_CURVE('',#2814,#2781,#2822,.T.);
#2822 = LINE('',#2823,#2824);
#2823 = CARTESIAN_POINT('',(23.,1.75,-10.));
#2824 = VECTOR('',#2825,1.);
#2825 = DIRECTION('',(0.,-1.,0.));
#2826 = ORIENTED_EDGE('',*,*,#2778,.F.);
#2827 = ORIENTED_EDGE('',*,*,#2828,.F.);
#2828 = EDGE_CURVE('',#2812,#2779,#2829,.T.);
#2829 = LINE('',#2830,#2831);
#2830 = CARTESIAN_POINT('',(7.,1.75,-10.));
#2831 = VECTOR('',#2832,1.);
#2832 = DIRECTION('',(0.,-1.,0.));
#2833 = PLANE('',#2834);
#2834 = AXIS2_PLACEMENT_3D('',#2835,#2836,#2837);
#2835 = CARTESIAN_POINT('',(7.,1.75,-10.));
#2836 = DIRECTION('',(0.,0.,1.));
#2837 = DIRECTION('',(0.,1.,0.));
#2838 = ADVANCED_FACE('',(#2839),#2864,.F.);
#2839 = FACE_BOUND('',#2840,.T.);
#2840 = EDGE_LOOP('',(#2841,#2851,#2857,#2858));
#2841 = ORIENTED_EDGE('',*,*,#2842,.T.);
#2842 = EDGE_CURVE('',#2843,#2845,#2847,.T.);
#2843 = VERTEX_POINT('',#2844);
#2844 = CARTESIAN_POINT('',(7.,1.75,-16.));
#2845 = VERTEX_POINT('',#2846);
#2846 = CARTESIAN_POINT('',(23.,1.75,-16.));
#2847 = LINE('',#2848,#2849);
#2848 = CARTESIAN_POINT('',(7.,1.75,-16.));
#2849 = VECTOR('',#2850,1.);
#2850 = DIRECTION('',(1.,0.,0.));
#2851 = ORIENTED_EDGE('',*,*,#2852,.T.);
#2852 = EDGE_CURVE('',#2845,#2814,#2853,.T.);
#2853 = LINE('',#2854,#2855);
#2854 = CARTESIAN_POINT('',(23.,1.75,-16.));
#2855 = VECTOR('',#2856,1.);
#2856 = DIRECTION('',(0.,0.,1.));
#2857 = ORIENTED_EDGE('',*,*,#2811,.F.);
#2858 = ORIENTED_EDGE('',*,*,#2859,.F.);
#2859 = EDGE_CURVE('',#2843,#2812,#2860,.T.);
#2860 = LINE('',#2861,#2862);
#2861 = CARTESIAN_POINT('',(7.,1.75,-16.));
#2862 = VECTOR('',#2863,1.);
#2863 = DIRECTION('',(0.,0.,1.));
#2864 = PLANE('',#2865);
#2865 = AXIS2_PLACEMENT_3D('',#2866,#2867,#2868);
#2866 = CARTESIAN_POINT('',(7.,1.75,-16.));
#2867 = DIRECTION('',(0.,1.,0.));
#2868 = DIRECTION('',(-0.,-0.,-1.));
#2869 = ADVANCED_FACE('',(#2870),#2895,.F.);
#2870 = FACE_BOUND('',#2871,.T.);
#2871 = EDGE_LOOP('',(#2872,#2882,#2888,#2889));
#2872 = ORIENTED_EDGE('',*,*,#2873,.T.);
#2873 = EDGE_CURVE('',#2874,#2876,#2878,.T.);
#2874 = VERTEX_POINT('',#2875);
#2875 = CARTESIAN_POINT('',(7.,4.35,-16.));
#2876 = VERTEX_POINT('',#2877);
#2877 = CARTESIAN_POINT('',(23.,4.35,-16.));
#2878 = LINE('',#2879,#2880);
#2879 = CARTESIAN_POINT('',(7.,4.35,-16.));
#2880 = VECTOR('',#2881,1.);
#2881 = DIRECTION('',(1.,0.,0.));
#2882 = ORIENTED_EDGE('',*,*,#2883,.T.);
#2883 = EDGE_CURVE('',#2876,#2845,#2884,.T.);
#2884 = LINE('',#2885,#2886);
#2885 = CARTESIAN_POINT('',(23.,4.35,-16.));
#2886 = VECTOR('',#2887,1.);
#2887 = DIRECTION('',(0.,-1.,0.));
#2888 = ORIENTED_EDGE('',*,*,#2842,.F.);
#2889 = ORIENTED_EDGE('',*,*,#2890,.F.);
#2890 = EDGE_CURVE('',#2874,#2843,#2891,.T.);
#2891 = LINE('',#2892,#2893);
#2892 = CARTESIAN_POINT('',(7.,4.35,-16.));
#2893 = VECTOR('',#2894,1.);
#2894 = DIRECTION('',(0.,-1.,0.));
#2895 = PLANE('',#2896);
#2896 = AXIS2_PLACEMENT_3D('',#2897,#2898,#2899);
#2897 = CARTESIAN_POINT('',(7.,4.35,-16.));
#2898 = DIRECTION('',(0.,0.,1.));
#2899 = DIRECTION('',(0.,1.,0.));
#2900 = ADVANCED_FACE('',(#2901),#2926,.F.);
#2901 = FACE_BOUND('',#2902,.T.);
#2902 = EDGE_LOOP('',(#2903,#2911,#2919,#2925));
#2903 = ORIENTED_EDGE('',*,*,#2904,.F.);
#2904 = EDGE_CURVE('',#2905,#2874,#2907,.T.);
#2905 = VERTEX_POINT('',#2906);
#2906 = CARTESIAN_POINT('',(7.,4.35,-9.806770205818));
#2907 = LINE('',#2908,#2909);
#2908 = CARTESIAN_POINT('',(7.,4.35,-8.));
#2909 = VECTOR('',#2910,1.);
#2910 = DIRECTION('',(0.,0.,-1.));
#2911 = ORIENTED_EDGE('',*,*,#2912,.T.);
#2912 = EDGE_CURVE('',#2905,#2913,#2915,.T.);
#2913 = VERTEX_POINT('',#2914);
#2914 = CARTESIAN_POINT('',(23.,4.35,-9.806770205818));
#2915 = LINE('',#2916,#2917);
#2916 = CARTESIAN_POINT('',(7.,4.35,-9.806770205818));
#2917 = VECTOR('',#2918,1.);
#2918 = DIRECTION('',(1.,0.,0.));
#2919 = ORIENTED_EDGE('',*,*,#2920,.T.);
#2920 = EDGE_CURVE('',#2913,#2876,#2921,.T.);
#2921 = LINE('',#2922,#2923);
#2922 = CARTESIAN_POINT('',(23.,4.35,-8.));
#2923 = VECTOR('',#2924,1.);
#2924 = DIRECTION('',(0.,0.,-1.));
#2925 = ORIENTED_EDGE('',*,*,#2873,.F.);
#2926 = PLANE('',#2927);
#2927 = AXIS2_PLACEMENT_3D('',#2928,#2929,#2930);
#2928 = CARTESIAN_POINT('',(7.,4.35,-8.));
#2929 = DIRECTION('',(-0.,-1.,-0.));
#2930 = DIRECTION('',(0.,0.,1.));
#2931 = ADVANCED_FACE('',(#2932),#2957,.T.);
#2932 = FACE_BOUND('',#2933,.F.);
#2933 = EDGE_LOOP('',(#2934,#2942,#2950,#2956));
#2934 = ORIENTED_EDGE('',*,*,#2935,.F.);
#2935 = EDGE_CURVE('',#2936,#1298,#2938,.T.);
#2936 = VERTEX_POINT('',#2937);
#2937 = CARTESIAN_POINT('',(7.,5.504956917928,-6.610578143846));
#2938 = LINE('',#2939,#2940);
#2939 = CARTESIAN_POINT('',(7.,4.35,-8.));
#2940 = VECTOR('',#2941,1.);
#2941 = DIRECTION('',(0.,0.639238412394,0.769008616414));
#2942 = ORIENTED_EDGE('',*,*,#2943,.T.);
#2943 = EDGE_CURVE('',#2936,#2944,#2946,.T.);
#2944 = VERTEX_POINT('',#2945);
#2945 = CARTESIAN_POINT('',(23.,5.504956917928,-6.610578143846));
#2946 = LINE('',#2947,#2948);
#2947 = CARTESIAN_POINT('',(7.,5.504956917928,-6.610578143846));
#2948 = VECTOR('',#2949,1.);
#2949 = DIRECTION('',(1.,0.,0.));
#2950 = ORIENTED_EDGE('',*,*,#2951,.T.);
#2951 = EDGE_CURVE('',#2944,#1307,#2952,.T.);
#2952 = LINE('',#2953,#2954);
#2953 = CARTESIAN_POINT('',(23.,4.35,-8.));
#2954 = VECTOR('',#2955,1.);
#2955 = DIRECTION('',(0.,0.639238412394,0.769008616414));
#2956 = ORIENTED_EDGE('',*,*,#1306,.F.);
#2957 = PLANE('',#2958);
#2958 = AXIS2_PLACEMENT_3D('',#2959,#2960,#2961);
#2959 = CARTESIAN_POINT('',(7.,4.35,-8.));
#2960 = DIRECTION('',(0.,0.769008616414,-0.639238412394));
#2961 = DIRECTION('',(-0.,-0.639238412394,-0.769008616414));
#2962 = ADVANCED_FACE('',(#2963),#2974,.F.);
#2963 = FACE_BOUND('',#2964,.T.);
#2964 = EDGE_LOOP('',(#2965,#2966,#2972,#2973));
#2965 = ORIENTED_EDGE('',*,*,#2037,.T.);
#2966 = ORIENTED_EDGE('',*,*,#2967,.T.);
#2967 = EDGE_CURVE('',#2030,#1962,#2968,.T.);
#2968 = LINE('',#2969,#2970);
#2969 = CARTESIAN_POINT('',(4.,14.000000000043,2.6));
#2970 = VECTOR('',#2971,1.);
#2971 = DIRECTION('',(0.,0.,1.));
#2972 = ORIENTED_EDGE('',*,*,#1969,.F.);
#2973 = ORIENTED_EDGE('',*,*,#2053,.F.);
#2974 = CYLINDRICAL_SURFACE('',#2975,4.);
#2975 = AXIS2_PLACEMENT_3D('',#2976,#2977,#2978);
#2976 = CARTESIAN_POINT('',(8.,14.000000000043,2.6));
#2977 = DIRECTION('',(0.,0.,1.));
#2978 = DIRECTION('',(0.,-1.,0.));
#2979 = ADVANCED_FACE('',(#2980),#2991,.T.);
#2980 = FACE_BOUND('',#2981,.T.);
#2981 = EDGE_LOOP('',(#2982,#2983,#2989,#2990));
#2982 = ORIENTED_EDGE('',*,*,#2029,.F.);
#2983 = ORIENTED_EDGE('',*,*,#2984,.T.);
#2984 = EDGE_CURVE('',#2021,#1953,#2985,.T.);
#2985 = LINE('',#2986,#2987);
#2986 = CARTESIAN_POINT('',(4.,51.000000000043,2.6));
#2987 = VECTOR('',#2988,1.);
#2988 = DIRECTION('',(0.,0.,1.));
#2989 = ORIENTED_EDGE('',*,*,#1961,.T.);
#2990 = ORIENTED_EDGE('',*,*,#2967,.F.);
#2991 = PLANE('',#2992);
#2992 = AXIS2_PLACEMENT_3D('',#2993,#2994,#2995);
#2993 = CARTESIAN_POINT('',(4.,55.000000000043,2.6));
#2994 = DIRECTION('',(1.,0.,0.));
#2995 = DIRECTION('',(0.,-1.,0.));
#2996 = ADVANCED_FACE('',(#2997),#3003,.F.);
#2997 = FACE_BOUND('',#2998,.F.);
#2998 = EDGE_LOOP('',(#2999,#3000,#3001,#3002));
#2999 = ORIENTED_EDGE('',*,*,#2020,.T.);
#3000 = ORIENTED_EDGE('',*,*,#2984,.T.);
#3001 = ORIENTED_EDGE('',*,*,#1952,.F.);
#3002 = ORIENTED_EDGE('',*,*,#1994,.F.);
#3003 = CYLINDRICAL_SURFACE('',#3004,4.);
#3004 = AXIS2_PLACEMENT_3D('',#3005,#3006,#3007);
#3005 = CARTESIAN_POINT('',(8.,51.000000000043,2.6));
#3006 = DIRECTION('',(0.,0.,1.));
#3007 = DIRECTION('',(0.,1.,0.));
#3008 = ADVANCED_FACE('',(#3009),#3027,.F.);
#3009 = FACE_BOUND('',#3010,.F.);
#3010 = EDGE_LOOP('',(#3011,#3018,#3019,#3026));
#3011 = ORIENTED_EDGE('',*,*,#3012,.T.);
#3012 = EDGE_CURVE('',#2936,#2905,#3013,.T.);
#3013 = CIRCLE('',#3014,5.);
#3014 = AXIS2_PLACEMENT_3D('',#3015,#3016,#3017);
#3015 = CARTESIAN_POINT('',(7.,9.35,-9.806770205818));
#3016 = DIRECTION('',(1.,0.,0.));
#3017 = DIRECTION('',(0.,0.,1.));
#3018 = ORIENTED_EDGE('',*,*,#2912,.T.);
#3019 = ORIENTED_EDGE('',*,*,#3020,.F.);
#3020 = EDGE_CURVE('',#2944,#2913,#3021,.T.);
#3021 = CIRCLE('',#3022,5.);
#3022 = AXIS2_PLACEMENT_3D('',#3023,#3024,#3025);
#3023 = CARTESIAN_POINT('',(23.,9.35,-9.806770205818));
#3024 = DIRECTION('',(1.,0.,0.));
#3025 = DIRECTION('',(0.,0.,1.));
#3026 = ORIENTED_EDGE('',*,*,#2943,.F.);
#3027 = CYLINDRICAL_SURFACE('',#3028,5.);
#3028 = AXIS2_PLACEMENT_3D('',#3029,#3030,#3031);
#3029 = CARTESIAN_POINT('',(7.,9.35,-9.806770205818));
#3030 = DIRECTION('',(1.,0.,0.));
#3031 = DIRECTION('',(0.,-0.769008616414,0.639238412394));
#3032 = ADVANCED_FACE('',(#3033),#3067,.T.);
#3033 = FACE_BOUND('',#3034,.T.);
#3034 = EDGE_LOOP('',(#3035,#3036,#3037,#3038,#3039,#3040,#3041,#3042,
    #3043,#3044,#3045,#3046,#3047,#3048,#3049,#3050,#3051,#3052,#3053,
    #3054,#3055,#3056,#3057,#3058,#3059,#3060,#3061,#3062,#3063,#3064,
    #3065,#3066));
#3035 = ORIENTED_EDGE('',*,*,#1297,.T.);
#3036 = ORIENTED_EDGE('',*,*,#2935,.F.);
#3037 = ORIENTED_EDGE('',*,*,#3012,.T.);
#3038 = ORIENTED_EDGE('',*,*,#2904,.T.);
#3039 = ORIENTED_EDGE('',*,*,#2890,.T.);
#3040 = ORIENTED_EDGE('',*,*,#2859,.T.);
#3041 = ORIENTED_EDGE('',*,*,#2828,.T.);
#3042 = ORIENTED_EDGE('',*,*,#2796,.T.);
#3043 = ORIENTED_EDGE('',*,*,#2764,.T.);
#3044 = ORIENTED_EDGE('',*,*,#2733,.T.);
#3045 = ORIENTED_EDGE('',*,*,#2702,.T.);
#3046 = ORIENTED_EDGE('',*,*,#2671,.T.);
#3047 = ORIENTED_EDGE('',*,*,#2640,.T.);
#3048 = ORIENTED_EDGE('',*,*,#2609,.T.);
#3049 = ORIENTED_EDGE('',*,*,#2577,.T.);
#3050 = ORIENTED_EDGE('',*,*,#2545,.T.);
#3051 = ORIENTED_EDGE('',*,*,#2513,.T.);
#3052 = ORIENTED_EDGE('',*,*,#2481,.T.);
#3053 = ORIENTED_EDGE('',*,*,#2450,.T.);
#3054 = ORIENTED_EDGE('',*,*,#2419,.T.);
#3055 = ORIENTED_EDGE('',*,*,#2388,.T.);
#3056 = ORIENTED_EDGE('',*,*,#2357,.T.);
#3057 = ORIENTED_EDGE('',*,*,#2326,.T.);
#3058 = ORIENTED_EDGE('',*,*,#2294,.T.);
#3059 = ORIENTED_EDGE('',*,*,#2262,.T.);
#3060 = ORIENTED_EDGE('',*,*,#2231,.T.);
#3061 = ORIENTED_EDGE('',*,*,#2200,.T.);
#3062 = ORIENTED_EDGE('',*,*,#2169,.T.);
#3063 = ORIENTED_EDGE('',*,*,#2121,.F.);
#3064 = ORIENTED_EDGE('',*,*,#2105,.F.);
#3065 = ORIENTED_EDGE('',*,*,#1283,.F.);
#3066 = ORIENTED_EDGE('',*,*,#63,.T.);
#3067 = PLANE('',#3068);
#3068 = AXIS2_PLACEMENT_3D('',#3069,#3070,#3071);
#3069 = CARTESIAN_POINT('',(7.,0.176316114619,-10.01017069454));
#3070 = DIRECTION('',(-1.,-0.,-0.));
#3071 = DIRECTION('',(0.,0.,-1.));
#3072 = ADVANCED_FACE('',(#3073),#3107,.T.);
#3073 = FACE_BOUND('',#3074,.T.);
#3074 = EDGE_LOOP('',(#3075,#3076,#3077,#3078,#3079,#3080,#3081,#3082,
    #3083,#3084,#3085,#3086,#3087,#3088,#3089,#3090,#3091,#3092,#3093,
    #3094,#3095,#3096,#3097,#3098,#3099,#3100,#3101,#3102,#3103,#3104,
    #3105,#3106));
#3075 = ORIENTED_EDGE('',*,*,#2130,.T.);
#3076 = ORIENTED_EDGE('',*,*,#2162,.F.);
#3077 = ORIENTED_EDGE('',*,*,#2193,.F.);
#3078 = ORIENTED_EDGE('',*,*,#2224,.F.);
#3079 = ORIENTED_EDGE('',*,*,#2255,.F.);
#3080 = ORIENTED_EDGE('',*,*,#2286,.F.);
#3081 = ORIENTED_EDGE('',*,*,#2319,.F.);
#3082 = ORIENTED_EDGE('',*,*,#2350,.F.);
#3083 = ORIENTED_EDGE('',*,*,#2381,.F.);
#3084 = ORIENTED_EDGE('',*,*,#2412,.F.);
#3085 = ORIENTED_EDGE('',*,*,#2443,.F.);
#3086 = ORIENTED_EDGE('',*,*,#2474,.F.);
#3087 = ORIENTED_EDGE('',*,*,#2505,.F.);
#3088 = ORIENTED_EDGE('',*,*,#2538,.F.);
#3089 = ORIENTED_EDGE('',*,*,#2569,.F.);
#3090 = ORIENTED_EDGE('',*,*,#2602,.F.);
#3091 = ORIENTED_EDGE('',*,*,#2633,.F.);
#3092 = ORIENTED_EDGE('',*,*,#2664,.F.);
#3093 = ORIENTED_EDGE('',*,*,#2695,.F.);
#3094 = ORIENTED_EDGE('',*,*,#2726,.F.);
#3095 = ORIENTED_EDGE('',*,*,#2757,.F.);
#3096 = ORIENTED_EDGE('',*,*,#2788,.F.);
#3097 = ORIENTED_EDGE('',*,*,#2821,.F.);
#3098 = ORIENTED_EDGE('',*,*,#2852,.F.);
#3099 = ORIENTED_EDGE('',*,*,#2883,.F.);
#3100 = ORIENTED_EDGE('',*,*,#2920,.F.);
#3101 = ORIENTED_EDGE('',*,*,#3020,.F.);
#3102 = ORIENTED_EDGE('',*,*,#2951,.T.);
#3103 = ORIENTED_EDGE('',*,*,#1314,.F.);
#3104 = ORIENTED_EDGE('',*,*,#79,.F.);
#3105 = ORIENTED_EDGE('',*,*,#1267,.T.);
#3106 = ORIENTED_EDGE('',*,*,#2088,.T.);
#3107 = PLANE('',#3108);
#3108 = AXIS2_PLACEMENT_3D('',#3109,#3110,#3111);
#3109 = CARTESIAN_POINT('',(23.,0.176316114619,-10.01017069454));
#3110 = DIRECTION('',(1.,0.,0.));
#3111 = DIRECTION('',(0.,0.,1.));
#3112 = ( GEOMETRIC_REPRESENTATION_CONTEXT(3) 
GLOBAL_UNCERTAINTY_ASSIGNED_CONTEXT((#3116)) 
GLOBAL_UNIT_ASSIGNED_CONTEXT((#3113,#3114,#3115)) REPRESENTATION_CONTEXT
('Context #1','3D Context with UNIT and UNCERTAINTY') );
#3113 = ( LENGTH_UNIT() NAMED_UNIT(*) SI_UNIT(.MILLI.,.METRE.) );
#3114 = ( NAMED_UNIT(*) PLANE_ANGLE_UNIT() SI_UNIT($,.RADIAN.) );
#3115 = ( NAMED_UNIT(*) SI_UNIT($,.STERADIAN.) SOLID_ANGLE_UNIT() );
#3116 = UNCERTAINTY_MEASURE_WITH_UNIT(LENGTH_MEASURE(2.E-05),#3113,
  'distance_accuracy_value','confusion accuracy');
#3117 = PRODUCT_RELATED_PRODUCT_CATEGORY('part',$,(#7));
#3118 = MECHANICAL_DESIGN_GEOMETRIC_PRESENTATION_REPRESENTATION('',(
    #3119),#3112);
#3119 = STYLED_ITEM('color',(#3120),#15);
#3120 = PRESENTATION_STYLE_ASSIGNMENT((#3121,#3127));
#3121 = SURFACE_STYLE_USAGE(.BOTH.,#3122);
#3122 = SURFACE_SIDE_STYLE('',(#3123));
#3123 = SURFACE_STYLE_FILL_AREA(#3124);
#3124 = FILL_AREA_STYLE('',(#3125));
#3125 = FILL_AREA_STYLE_COLOUR('',#3126);
#3126 = COLOUR_RGB('',0.678431390124,0.709803936702,0.741176476869);
#3127 = CURVE_STYLE('',#3128,POSITIVE_LENGTH_MEASURE(0.1),#3129);
#3128 = DRAUGHTING_PRE_DEFINED_CURVE_FONT('continuous');
#3129 = COLOUR_RGB('',9.803921802644E-02,9.803921802644E-02,
  9.803921802644E-02);
ENDSEC;
END-ISO-10303-21;
